{
"type": "FeatureCollection",
"name": "map1_melbourne_suburbs",
"crs": { "type": "name", "properties": { "name": "urn:ogc:def:crs:OGC:1.3:CRS84" } },
"features": [
{ "type": "Feature", "properties": { "loc_pid": "locb9872f35df41", "suburb": "Abbotsford", "join_key": "ABBOTSFORD" }, "geometry": { "type": "Polygon", "coordinates": [ [ [ 144.9914, -37.8096 ], [ 144.9937, -37.7954 ], [ 144.9994, -37.7956 ], [ 145.0012, -37.7953 ], [ 145.0019, -37.7965 ], [ 145.0018, -37.7969 ], [ 145.0015, -37.7971 ], [ 144.9993, -37.7969 ], [ 144.9992, -37.7975 ], [ 144.9999, -37.7983 ], [ 145.0026, -37.7996 ], [ 145.0071, -37.8028 ], [ 145.0076, -37.8032 ], [ 145.0077, -37.804 ], [ 145.005, -37.8053 ], [ 145.0042, -37.8053 ], [ 145.0012, -37.8041 ], [ 145.0001, -37.8042 ], [ 144.9993, -37.805 ], [ 145.0001, -37.8068 ], [ 145.0007, -37.8072 ], [ 145.0019, -37.8073 ], [ 145.0075, -37.8072 ], [ 145.0089, -37.8078 ], [ 145.0091, -37.8102 ], [ 145.0094, -37.8105 ], [ 145.0156, -37.8105 ], [ 145.0158, -37.811 ], [ 145.0154, -37.8121 ], [ 144.9914, -37.8096 ] ] ] } },
{ "type": "Feature", "properties": { "loc_pid": "loc8123ed12ea8d", "suburb": "Aberfeldie", "join_key": "ABERFELDIE" }, "geometry": { "type": "Polygon", "coordinates": [ [ [ 144.8885, -37.7555 ], [ 144.8887, -37.7543 ], [ 144.8893, -37.7543 ], [ 144.8895, -37.7539 ], [ 144.9073, -37.756 ], [ 144.9064, -37.7606 ], [ 144.906, -37.7606 ], [ 144.9061, -37.7603 ], [ 144.9053, -37.7605 ], [ 144.9053, -37.7601 ], [ 144.9045, -37.7598 ], [ 144.9044, -37.76 ], [ 144.9038, -37.7599 ], [ 144.9037, -37.7603 ], [ 144.905, -37.7617 ], [ 144.9048, -37.7626 ], [ 144.9033, -37.7624 ], [ 144.9032, -37.7629 ], [ 144.9039, -37.7632 ], [ 144.9036, -37.7649 ], [ 144.9022, -37.7647 ], [ 144.9016, -37.7654 ], [ 144.9, -37.7647 ], [ 144.8975, -37.7647 ], [ 144.8942, -37.7658 ], [ 144.893, -37.7654 ], [ 144.8909, -37.7633 ], [ 144.8891, -37.762 ], [ 144.8899, -37.7571 ], [ 144.8889, -37.7567 ], [ 144.8885, -37.7555 ] ] ] } },
{ "type": "Feature", "properties": { "loc_pid": "loc0be4112ae167", "suburb": "Aintree", "join_key": "AINTREE" }, "geometry": { "type": "Polygon", "coordinates": [ [ [ 144.6515, -37.7235 ], [ 144.6546, -37.7196 ], [ 144.6573, -37.7013 ], [ 144.6577, -37.7001 ], [ 144.6581, -37.7003 ], [ 144.658, -37.7007 ], [ 144.6586, -37.7007 ], [ 144.6587, -37.7001 ], [ 144.659, -37.7001 ], [ 144.6593, -37.7005 ], [ 144.659, -37.7013 ], [ 144.6596, -37.7016 ], [ 144.6604, -37.7015 ], [ 144.6603, -37.7024 ], [ 144.6607, -37.7018 ], [ 144.6616, -37.7015 ], [ 144.6624, -37.7024 ], [ 144.6628, -37.7024 ], [ 144.6632, -37.7019 ], [ 144.6641, -37.7019 ], [ 144.6641, -37.7023 ], [ 144.6652, -37.7033 ], [ 144.6654, -37.7045 ], [ 144.6673, -37.7052 ], [ 144.67, -37.7077 ], [ 144.6713, -37.7081 ], [ 144.6719, -37.7086 ], [ 144.6737, -37.7083 ], [ 144.6743, -37.71 ], [ 144.6757, -37.711 ], [ 144.6779, -37.7114 ], [ 144.6795, -37.7129 ], [ 144.6796, -37.7138 ], [ 144.679, -37.715 ], [ 144.6792, -37.7163 ], [ 144.6806, -37.7172 ], [ 144.682, -37.719 ], [ 144.684, -37.7198 ], [ 144.6843, -37.7204 ], [ 144.6841, -37.7213 ], [ 144.6831, -37.7212 ], [ 144.6801, -37.738 ], [ 144.6715, -37.7351 ], [ 144.6515, -37.7235 ] ] ] } },
{ "type": "Feature", "properties": { "loc_pid": "locdeefa3afa7c5", "suburb": "Airport West", "join_key": "AIRPORT WEST" }, "geometry": { "type": "Polygon", "coordinates": [ [ [ 144.8638, -37.7282 ], [ 144.8694, -37.7222 ], [ 144.8718, -37.7203 ], [ 144.8869, -37.7115 ], [ 144.8885, -37.7108 ], [ 144.8903, -37.7132 ], [ 144.893, -37.7135 ], [ 144.8934, -37.7158 ], [ 144.8928, -37.7173 ], [ 144.892, -37.7219 ], [ 144.892, -37.7249 ], [ 144.8925, -37.7253 ], [ 144.8924, -37.7259 ], [ 144.8918, -37.726 ], [ 144.8912, -37.7273 ], [ 144.8906, -37.73 ], [ 144.8912, -37.7321 ], [ 144.8931, -37.7335 ], [ 144.8929, -37.7347 ], [ 144.8828, -37.7334 ], [ 144.8748, -37.7305 ], [ 144.8638, -37.7282 ] ] ] } },
{ "type": "Feature", "properties": { "loc_pid": "locff0c231b0f12", "suburb": "Albanvale", "join_key": "ALBANVALE" }, "geometry": { "type": "Polygon", "coordinates": [ [ [ 144.7569, -37.7505 ], [ 144.7572, -37.7482 ], [ 144.7581, -37.7478 ], [ 144.7589, -37.7479 ], [ 144.7592, -37.7476 ], [ 144.7594, -37.7448 ], [ 144.7605, -37.7437 ], [ 144.7605, -37.7422 ], [ 144.7611, -37.7413 ], [ 144.7627, -37.7401 ], [ 144.7795, -37.742 ], [ 144.7781, -37.7503 ], [ 144.774, -37.7498 ], [ 144.7713, -37.7517 ], [ 144.7698, -37.7512 ], [ 144.7596, -37.7502 ], [ 144.7596, -37.7506 ], [ 144.759, -37.7507 ], [ 144.7569, -37.7505 ] ] ] } },
{ "type": "Feature", "properties": { "loc_pid": "loce7252de87492", "suburb": "Albert Park", "join_key": "ALBERT PARK" }, "geometry": { "type": "Polygon", "coordinates": [ [ [ 144.9427, -37.8461 ], [ 144.9456, -37.843 ], [ 144.9465, -37.841 ], [ 144.9468, -37.8412 ], [ 144.9473, -37.8407 ], [ 144.948, -37.8411 ], [ 144.9489, -37.8408 ], [ 144.9486, -37.8407 ], [ 144.949, -37.8399 ], [ 144.9498, -37.8403 ], [ 144.9503, -37.8399 ], [ 144.9505, -37.8403 ], [ 144.9515, -37.84 ], [ 144.9515, -37.8389 ], [ 144.9519, -37.8385 ], [ 144.9522, -37.8387 ], [ 144.9528, -37.8384 ], [ 144.9531, -37.838 ], [ 144.9537, -37.8381 ], [ 144.9536, -37.8379 ], [ 144.954, -37.8378 ], [ 144.9541, -37.8381 ], [ 144.9549, -37.8378 ], [ 144.9549, -37.8375 ], [ 144.9556, -37.8373 ], [ 144.956, -37.8375 ], [ 144.9563, -37.8371 ], [ 144.9569, -37.8372 ], [ 144.9592, -37.8422 ], [ 144.9629, -37.8393 ], [ 144.9676, -37.8374 ], [ 144.9685, -37.8384 ], [ 144.9704, -37.8387 ], [ 144.9715, -37.8399 ], [ 144.9718, -37.8417 ], [ 144.971, -37.8427 ], [ 144.9706, -37.8442 ], [ 144.9711, -37.8464 ], [ 144.9731, -37.848 ], [ 144.9747, -37.8481 ], [ 144.9769, -37.8495 ], [ 144.978, -37.8495 ], [ 144.9789, -37.8525 ], [ 144.9771, -37.8535 ], [ 144.9759, -37.8537 ], [ 144.9753, -37.8536 ], [ 144.9743, -37.8522 ], [ 144.9707, -37.8536 ], [ 144.9653, -37.8495 ], [ 144.9623, -37.8463 ], [ 144.9606, -37.8438 ], [ 144.9599, -37.8445 ], [ 144.9604, -37.8447 ], [ 144.96, -37.8452 ], [ 144.9595, -37.8454 ], [ 144.9591, -37.8461 ], [ 144.9588, -37.8459 ], [ 144.9584, -37.8471 ], [ 144.9579, -37.847 ], [ 144.9569, -37.8482 ], [ 144.9574, -37.8485 ], [ 144.9562, -37.85 ], [ 144.9557, -37.8505 ], [ 144.9551, -37.8503 ], [ 144.9544, -37.8512 ], [ 144.9427, -37.8461 ] ] ] } },
{ "type": "Feature", "properties": { "loc_pid": "loc631dce7fd76a", "suburb": "Albion", "join_key": "ALBION" }, "geometry": { "type": "Polygon", "coordinates": [ [ [ 144.8055, -37.7703 ], [ 144.8064, -37.7691 ], [ 144.8059, -37.7677 ], [ 144.8091, -37.7684 ], [ 144.8114, -37.7683 ], [ 144.8141, -37.7675 ], [ 144.8161, -37.7661 ], [ 144.8279, -37.7818 ], [ 144.8273, -37.7854 ], [ 144.8157, -37.7842 ], [ 144.815, -37.7836 ], [ 144.8139, -37.7833 ], [ 144.812, -37.7818 ], [ 144.8108, -37.7816 ], [ 144.8101, -37.7811 ], [ 144.8089, -37.781 ], [ 144.8087, -37.7806 ], [ 144.8093, -37.7788 ], [ 144.8073, -37.778 ], [ 144.8067, -37.7774 ], [ 144.8068, -37.7768 ], [ 144.808, -37.7754 ], [ 144.8075, -37.7745 ], [ 144.8082, -37.7732 ], [ 144.8071, -37.7724 ], [ 144.8062, -37.7724 ], [ 144.8057, -37.7721 ], [ 144.8055, -37.7703 ] ] ] } },
{ "type": "Feature", "properties": { "loc_pid": "loc61df9930af3b", "suburb": "Alphington", "join_key": "ALPHINGTON" }, "geometry": { "type": "Polygon", "coordinates": [ [ [ 145.0192, -37.7831 ], [ 145.0198, -37.7792 ], [ 145.0251, -37.7792 ], [ 145.0274, -37.7662 ], [ 145.0312, -37.7666 ], [ 145.0316, -37.7672 ], [ 145.0314, -37.7687 ], [ 145.0319, -37.7691 ], [ 145.0319, -37.7702 ], [ 145.0325, -37.7707 ], [ 145.0342, -37.7703 ], [ 145.0368, -37.7706 ], [ 145.0371, -37.7712 ], [ 145.0368, -37.7726 ], [ 145.0359, -37.7727 ], [ 145.0344, -37.7723 ], [ 145.0341, -37.7725 ], [ 145.0352, -37.7744 ], [ 145.0359, -37.7749 ], [ 145.0357, -37.7758 ], [ 145.035, -37.7761 ], [ 145.0351, -37.7779 ], [ 145.0344, -37.779 ], [ 145.0363, -37.7789 ], [ 145.0369, -37.7797 ], [ 145.0375, -37.7797 ], [ 145.038, -37.7792 ], [ 145.0387, -37.7794 ], [ 145.0385, -37.7804 ], [ 145.0378, -37.7807 ], [ 145.0381, -37.7813 ], [ 145.0378, -37.7816 ], [ 145.0369, -37.7816 ], [ 145.037, -37.7823 ], [ 145.0378, -37.7824 ], [ 145.0381, -37.7835 ], [ 145.0391, -37.7836 ], [ 145.0402, -37.7842 ], [ 145.04, -37.7848 ], [ 145.0408, -37.7855 ], [ 145.0448, -37.7839 ], [ 145.0453, -37.7843 ], [ 145.0431, -37.787 ], [ 145.0425, -37.7869 ], [ 145.0419, -37.786 ], [ 145.0413, -37.786 ], [ 145.041, -37.7869 ], [ 145.0416, -37.7876 ], [ 145.0417, -37.7883 ], [ 145.0414, -37.7892 ], [ 145.0405, -37.7898 ], [ 145.0356, -37.7897 ], [ 145.032, -37.79 ], [ 145.0297, -37.7887 ], [ 145.0287, -37.7872 ], [ 145.028, -37.7868 ], [ 145.0265, -37.787 ], [ 145.0245, -37.7865 ], [ 145.0223, -37.7865 ], [ 145.0216, -37.7869 ], [ 145.0206, -37.7869 ], [ 145.0197, -37.7866 ], [ 145.0204, -37.7842 ], [ 145.0201, -37.7841 ], [ 145.0204, -37.7828 ], [ 145.0192, -37.7831 ] ] ] } },
{ "type": "Feature", "properties": { "loc_pid": "loc65a4fa5b2f2a", "suburb": "Altona", "join_key": "ALTONA" }, "geometry": { "type": "Polygon", "coordinates": [ [ [ 144.7777, -37.859 ], [ 144.7802, -37.8489 ], [ 144.7811, -37.8472 ], [ 144.7825, -37.846 ], [ 144.7851, -37.8445 ], [ 144.7998, -37.8459 ], [ 144.803, -37.8465 ], [ 144.8348, -37.8501 ], [ 144.8386, -37.8493 ], [ 144.841, -37.8492 ], [ 144.8451, -37.8501 ], [ 144.853, -37.8524 ], [ 144.8518, -37.856 ], [ 144.8539, -37.8559 ], [ 144.8582, -37.8576 ], [ 144.8633, -37.8578 ], [ 144.8677, -37.859 ], [ 144.8672, -37.8596 ], [ 144.8597, -37.8614 ], [ 144.8574, -37.8625 ], [ 144.8563, -37.8635 ], [ 144.8525, -37.8633 ], [ 144.8509, -37.8639 ], [ 144.8496, -37.8626 ], [ 144.8499, -37.8596 ], [ 144.8435, -37.8575 ], [ 144.839, -37.8654 ], [ 144.8381, -37.8713 ], [ 144.835, -37.8715 ], [ 144.8302, -37.8707 ], [ 144.8259, -37.8707 ], [ 144.8215, -37.8717 ], [ 144.8175, -37.8734 ], [ 144.8124, -37.8764 ], [ 144.8119, -37.8774 ], [ 144.8086, -37.8806 ], [ 144.8084, -37.882 ], [ 144.8052, -37.8805 ], [ 144.8, -37.8799 ], [ 144.799, -37.8795 ], [ 144.798, -37.8783 ], [ 144.7976, -37.8757 ], [ 144.7932, -37.8751 ], [ 144.7881, -37.8739 ], [ 144.7888, -37.87 ], [ 144.7916, -37.8703 ], [ 144.7904, -37.8659 ], [ 144.7908, -37.8644 ], [ 144.7895, -37.86 ], [ 144.7796, -37.8624 ], [ 144.7781, -37.8592 ], [ 144.7777, -37.859 ] ] ] } },
{ "type": "Feature", "properties": { "loc_pid": "locec99dd6d0979", "suburb": "Altona Meadows", "join_key": "ALTONA MEADOWS" }, "geometry": { "type": "Polygon", "coordinates": [ [ [ 144.7536, -37.876 ], [ 144.7549, -37.8694 ], [ 144.7705, -37.868 ], [ 144.7727, -37.8674 ], [ 144.7746, -37.8663 ], [ 144.7762, -37.8644 ], [ 144.7777, -37.859 ], [ 144.7781, -37.8592 ], [ 144.7796, -37.8624 ], [ 144.7895, -37.86 ], [ 144.7908, -37.8644 ], [ 144.7904, -37.8659 ], [ 144.7916, -37.8703 ], [ 144.7888, -37.87 ], [ 144.7881, -37.8739 ], [ 144.7932, -37.8751 ], [ 144.7976, -37.8757 ], [ 144.798, -37.8783 ], [ 144.799, -37.8795 ], [ 144.8, -37.8799 ], [ 144.8052, -37.8805 ], [ 144.8084, -37.882 ], [ 144.8074, -37.8859 ], [ 144.8073, -37.8883 ], [ 144.8078, -37.8886 ], [ 144.8078, -37.889 ], [ 144.8061, -37.8912 ], [ 144.8061, -37.8914 ], [ 144.8061, -37.8914 ], [ 144.8061, -37.8915 ], [ 144.807, -37.8907 ], [ 144.807, -37.8914 ], [ 144.806, -37.8925 ], [ 144.8052, -37.8929 ], [ 144.804, -37.8944 ], [ 144.8014, -37.8948 ], [ 144.7999, -37.8967 ], [ 144.7999, -37.8983 ], [ 144.7992, -37.899 ], [ 144.7969, -37.8996 ], [ 144.7917, -37.8984 ], [ 144.7891, -37.8987 ], [ 144.7861, -37.9001 ], [ 144.7827, -37.8999 ], [ 144.7804, -37.8989 ], [ 144.7805, -37.894 ], [ 144.7796, -37.8931 ], [ 144.7778, -37.8923 ], [ 144.7768, -37.8912 ], [ 144.7757, -37.8882 ], [ 144.7742, -37.8869 ], [ 144.7735, -37.8855 ], [ 144.7731, -37.8851 ], [ 144.7714, -37.8847 ], [ 144.7705, -37.884 ], [ 144.7696, -37.8841 ], [ 144.7689, -37.8847 ], [ 144.7679, -37.885 ], [ 144.7651, -37.8823 ], [ 144.7647, -37.8803 ], [ 144.7656, -37.8772 ], [ 144.765, -37.8754 ], [ 144.7631, -37.873 ], [ 144.7624, -37.8731 ], [ 144.7603, -37.8745 ], [ 144.7582, -37.874 ], [ 144.7563, -37.8742 ], [ 144.7552, -37.8748 ], [ 144.7541, -37.876 ], [ 144.7536, -37.876 ] ] ] } },
{ "type": "Feature", "properties": { "loc_pid": "loc08caad3924ee", "suburb": "Altona North", "join_key": "ALTONA NORTH" }, "geometry": { "type": "Polygon", "coordinates": [ [ [ 144.7851, -37.8445 ], [ 144.814, -37.831 ], [ 144.8208, -37.826 ], [ 144.8225, -37.8257 ], [ 144.8389, -37.8255 ], [ 144.847, -37.8248 ], [ 144.8671, -37.8243 ], [ 144.8662, -37.8293 ], [ 144.8667, -37.8294 ], [ 144.8667, -37.8298 ], [ 144.8666, -37.8301 ], [ 144.8661, -37.83 ], [ 144.8656, -37.8327 ], [ 144.8656, -37.8336 ], [ 144.8661, -37.8337 ], [ 144.8649, -37.8405 ], [ 144.8644, -37.8405 ], [ 144.8644, -37.8408 ], [ 144.8637, -37.8407 ], [ 144.8635, -37.843 ], [ 144.8616, -37.8428 ], [ 144.8611, -37.8455 ], [ 144.861, -37.8464 ], [ 144.8634, -37.8467 ], [ 144.863, -37.8486 ], [ 144.8572, -37.848 ], [ 144.8551, -37.8483 ], [ 144.8539, -37.8493 ], [ 144.853, -37.8524 ], [ 144.8451, -37.8501 ], [ 144.841, -37.8492 ], [ 144.8386, -37.8493 ], [ 144.8348, -37.8501 ], [ 144.803, -37.8465 ], [ 144.7998, -37.8459 ], [ 144.7851, -37.8445 ] ] ] } },
{ "type": "Feature", "properties": { "loc_pid": "locc7baa224b862", "suburb": "Ardeer", "join_key": "ARDEER" }, "geometry": { "type": "Polygon", "coordinates": [ [ [ 144.7914, -37.7816 ], [ 144.7938, -37.7785 ], [ 144.7942, -37.777 ], [ 144.7941, -37.7727 ], [ 144.7953, -37.7703 ], [ 144.7965, -37.7691 ], [ 144.7984, -37.768 ], [ 144.8011, -37.7673 ], [ 144.8042, -37.7673 ], [ 144.8059, -37.7677 ], [ 144.8064, -37.7686 ], [ 144.8063, -37.7693 ], [ 144.8055, -37.7702 ], [ 144.8057, -37.7721 ], [ 144.8062, -37.7724 ], [ 144.8071, -37.7724 ], [ 144.8082, -37.7732 ], [ 144.8075, -37.7745 ], [ 144.808, -37.7754 ], [ 144.8068, -37.7768 ], [ 144.8067, -37.7774 ], [ 144.8073, -37.778 ], [ 144.8093, -37.7788 ], [ 144.8087, -37.7808 ], [ 144.8122, -37.7819 ], [ 144.8139, -37.7833 ], [ 144.815, -37.7836 ], [ 144.8153, -37.7841 ], [ 144.7914, -37.7816 ] ] ] } },
{ "type": "Feature", "properties": { "loc_pid": "loc517fb29cebaa", "suburb": "Armadale", "join_key": "ARMADALE" }, "geometry": { "type": "Polygon", "coordinates": [ [ [ 145.0089, -37.8582 ], [ 145.009, -37.8578 ], [ 145.0103, -37.858 ], [ 145.0104, -37.8576 ], [ 145.0107, -37.8576 ], [ 145.0104, -37.8572 ], [ 145.0108, -37.8558 ], [ 145.0103, -37.8558 ], [ 145.0104, -37.8553 ], [ 145.0108, -37.8553 ], [ 145.0109, -37.8546 ], [ 145.0115, -37.8547 ], [ 145.0116, -37.8539 ], [ 145.0111, -37.8537 ], [ 145.0112, -37.8522 ], [ 145.0115, -37.8518 ], [ 145.0119, -37.8519 ], [ 145.0122, -37.8499 ], [ 145.0118, -37.8497 ], [ 145.0123, -37.8497 ], [ 145.0123, -37.8493 ], [ 145.0299, -37.8516 ], [ 145.0294, -37.8516 ], [ 145.029, -37.8529 ], [ 145.029, -37.8533 ], [ 145.0296, -37.8538 ], [ 145.0294, -37.8541 ], [ 145.0289, -37.854 ], [ 145.0288, -37.8546 ], [ 145.028, -37.8545 ], [ 145.0279, -37.8551 ], [ 145.0294, -37.8553 ], [ 145.0287, -37.8562 ], [ 145.0286, -37.8565 ], [ 145.0292, -37.8566 ], [ 145.0292, -37.8568 ], [ 145.0288, -37.857 ], [ 145.0289, -37.8574 ], [ 145.0283, -37.8583 ], [ 145.0282, -37.8616 ], [ 145.0279, -37.8616 ], [ 145.0276, -37.8639 ], [ 145.028, -37.8647 ], [ 145.0278, -37.8651 ], [ 145.027, -37.8643 ], [ 145.0269, -37.8653 ], [ 145.0273, -37.8655 ], [ 145.0271, -37.8661 ], [ 145.0151, -37.8608 ], [ 145.0101, -37.8602 ], [ 145.0101, -37.8584 ], [ 145.0089, -37.8582 ] ] ] } },
{ "type": "Feature", "properties": { "loc_pid": "loc4cdd1af01845", "suburb": "Arthurs Seat", "join_key": "ARTHURS SEAT" }, "geometry": { "type": "Polygon", "coordinates": [ [ [ 144.9425, -38.3732 ], [ 144.9443, -38.3512 ], [ 144.9445, -38.348 ], [ 144.9442, -38.3479 ], [ 144.9446, -38.3473 ], [ 144.9527, -38.3436 ], [ 144.9519, -38.3478 ], [ 144.9525, -38.3479 ], [ 144.9525, -38.3483 ], [ 144.9543, -38.3485 ], [ 144.9556, -38.3482 ], [ 144.9599, -38.3486 ], [ 144.9604, -38.3473 ], [ 144.9618, -38.3474 ], [ 144.9619, -38.3465 ], [ 144.9685, -38.3473 ], [ 144.9676, -38.3573 ], [ 144.9755, -38.3582 ], [ 144.9764, -38.3631 ], [ 144.9773, -38.3633 ], [ 144.9769, -38.3672 ], [ 144.9785, -38.3693 ], [ 144.976, -38.3798 ], [ 144.9584, -38.3794 ], [ 144.9579, -38.3775 ], [ 144.9584, -38.3752 ], [ 144.9572, -38.3735 ], [ 144.9425, -38.3732 ] ] ] } },
{ "type": "Feature", "properties": { "loc_pid": "locfdc6079b562f", "suburb": "Ascot Vale", "join_key": "ASCOT VALE" }, "geometry": { "type": "Polygon", "coordinates": [ [ [ 144.8961, -37.7751 ], [ 144.896, -37.7727 ], [ 144.8971, -37.7716 ], [ 144.899, -37.7706 ], [ 144.901, -37.77 ], [ 144.9239, -37.7726 ], [ 144.9269, -37.7728 ], [ 144.9274, -37.7726 ], [ 144.9347, -37.7733 ], [ 144.9366, -37.7738 ], [ 144.9363, -37.7743 ], [ 144.9371, -37.7778 ], [ 144.9301, -37.777 ], [ 144.9304, -37.7775 ], [ 144.9299, -37.7778 ], [ 144.9323, -37.7809 ], [ 144.9321, -37.7813 ], [ 144.931, -37.7814 ], [ 144.9305, -37.7811 ], [ 144.9304, -37.7815 ], [ 144.9296, -37.7815 ], [ 144.9294, -37.781 ], [ 144.9284, -37.7809 ], [ 144.9283, -37.7811 ], [ 144.9277, -37.7808 ], [ 144.9276, -37.7811 ], [ 144.9264, -37.7803 ], [ 144.9252, -37.7802 ], [ 144.9251, -37.7806 ], [ 144.9245, -37.7805 ], [ 144.9245, -37.7808 ], [ 144.9226, -37.7804 ], [ 144.922, -37.7837 ], [ 144.9176, -37.7836 ], [ 144.9136, -37.7794 ], [ 144.9083, -37.7825 ], [ 144.907, -37.7843 ], [ 144.9063, -37.7875 ], [ 144.9049, -37.7873 ], [ 144.904, -37.789 ], [ 144.9026, -37.7897 ], [ 144.9042, -37.7854 ], [ 144.904, -37.7846 ], [ 144.9015, -37.7826 ], [ 144.8979, -37.7806 ], [ 144.8973, -37.7795 ], [ 144.8968, -37.7766 ], [ 144.8961, -37.7751 ] ] ] } },
{ "type": "Feature", "properties": { "loc_pid": "locff0c4d75067f", "suburb": "Ashburton", "join_key": "ASHBURTON" }, "geometry": { "type": "Polygon", "coordinates": [ [ [ 145.0616, -37.8649 ], [ 145.0622, -37.8639 ], [ 145.0619, -37.863 ], [ 145.0622, -37.863 ], [ 145.0627, -37.8643 ], [ 145.0636, -37.8652 ], [ 145.0648, -37.8646 ], [ 145.0646, -37.865 ], [ 145.0651, -37.866 ], [ 145.0651, -37.8669 ], [ 145.0654, -37.867 ], [ 145.067, -37.8661 ], [ 145.0673, -37.8665 ], [ 145.0685, -37.8663 ], [ 145.0688, -37.8667 ], [ 145.0716, -37.8664 ], [ 145.0718, -37.8667 ], [ 145.0726, -37.8665 ], [ 145.073, -37.8668 ], [ 145.0752, -37.867 ], [ 145.0758, -37.8634 ], [ 145.0755, -37.8634 ], [ 145.0756, -37.8625 ], [ 145.0752, -37.8624 ], [ 145.0761, -37.8581 ], [ 145.0773, -37.8589 ], [ 145.0772, -37.8591 ], [ 145.0784, -37.8594 ], [ 145.0796, -37.8596 ], [ 145.082, -37.8588 ], [ 145.0823, -37.8589 ], [ 145.0819, -37.8597 ], [ 145.0846, -37.8599 ], [ 145.0847, -37.8604 ], [ 145.0856, -37.8604 ], [ 145.0857, -37.86 ], [ 145.0879, -37.8603 ], [ 145.0888, -37.8608 ], [ 145.0889, -37.8604 ], [ 145.0892, -37.8604 ], [ 145.0928, -37.8608 ], [ 145.0932, -37.8609 ], [ 145.0931, -37.8612 ], [ 145.0937, -37.8613 ], [ 145.092, -37.8709 ], [ 145.0921, -37.8718 ], [ 145.0915, -37.8718 ], [ 145.0912, -37.8722 ], [ 145.0901, -37.8722 ], [ 145.0887, -37.8716 ], [ 145.0874, -37.8715 ], [ 145.0863, -37.872 ], [ 145.0844, -37.8721 ], [ 145.0823, -37.8731 ], [ 145.0805, -37.873 ], [ 145.0797, -37.8732 ], [ 145.0792, -37.8739 ], [ 145.0784, -37.8741 ], [ 145.0782, -37.8747 ], [ 145.075, -37.876 ], [ 145.0729, -37.8759 ], [ 145.0717, -37.8751 ], [ 145.0706, -37.875 ], [ 145.0703, -37.8746 ], [ 145.0686, -37.8748 ], [ 145.0689, -37.872 ], [ 145.0654, -37.8676 ], [ 145.0641, -37.868 ], [ 145.0636, -37.8668 ], [ 145.0624, -37.8663 ], [ 145.0616, -37.8649 ] ] ] } },
{ "type": "Feature", "properties": { "loc_pid": "loc4ff8c926c940", "suburb": "Ashwood", "join_key": "ASHWOOD" }, "geometry": { "type": "Polygon", "coordinates": [ [ [ 145.0918, -37.8742 ], [ 145.0922, -37.8721 ], [ 145.092, -37.8709 ], [ 145.0937, -37.8609 ], [ 145.0943, -37.861 ], [ 145.0944, -37.8605 ], [ 145.0986, -37.861 ], [ 145.0991, -37.861 ], [ 145.0992, -37.8605 ], [ 145.1016, -37.8608 ], [ 145.1022, -37.8586 ], [ 145.1042, -37.8566 ], [ 145.1045, -37.8574 ], [ 145.1055, -37.8575 ], [ 145.1058, -37.8571 ], [ 145.1078, -37.8576 ], [ 145.1072, -37.8604 ], [ 145.113, -37.8611 ], [ 145.1107, -37.8732 ], [ 145.1082, -37.873 ], [ 145.0918, -37.8742 ] ] ] } },
{ "type": "Feature", "properties": { "loc_pid": "loc588c867d4a80", "suburb": "Aspendale", "join_key": "ASPENDALE" }, "geometry": { "type": "Polygon", "coordinates": [ [ [ 145.0843, -38.0112 ], [ 145.0852, -38.0102 ], [ 145.0862, -38.0098 ], [ 145.0873, -38.0102 ], [ 145.0877, -38.0099 ], [ 145.0877, -38.0093 ], [ 145.0883, -38.0092 ], [ 145.0913, -38.011 ], [ 145.0929, -38.0106 ], [ 145.0942, -38.011 ], [ 145.0955, -38.0109 ], [ 145.0965, -38.0103 ], [ 145.0981, -38.0103 ], [ 145.0995, -38.0108 ], [ 145.1, -38.0114 ], [ 145.1008, -38.0117 ], [ 145.1034, -38.0119 ], [ 145.1035, -38.0123 ], [ 145.1027, -38.0121 ], [ 145.1006, -38.0136 ], [ 145.1185, -38.0296 ], [ 145.1062, -38.0337 ], [ 145.1065, -38.0342 ], [ 145.1043, -38.0349 ], [ 145.1002, -38.0276 ], [ 145.0939, -38.0185 ], [ 145.0867, -38.011 ], [ 145.0858, -38.0108 ], [ 145.0843, -38.0112 ] ] ] } },
{ "type": "Feature", "properties": { "loc_pid": "loc62bb1a0efe24", "suburb": "Aspendale Gardens", "join_key": "ASPENDALE GARDENS" }, "geometry": { "type": "Polygon", "coordinates": [ [ [ 145.1006, -38.0136 ], [ 145.1027, -38.0121 ], [ 145.1035, -38.0123 ], [ 145.1034, -38.0119 ], [ 145.1373, -38.0213 ], [ 145.1312, -38.028 ], [ 145.1231, -38.0338 ], [ 145.1006, -38.0136 ] ] ] } },
{ "type": "Feature", "properties": { "loc_pid": "locabd4ee5e179a", "suburb": "Attwood", "join_key": "ATTWOOD" }, "geometry": { "type": "Polygon", "coordinates": [ [ [ 144.8599, -37.6662 ], [ 144.8605, -37.6664 ], [ 144.8605, -37.6658 ], [ 144.8615, -37.6658 ], [ 144.8691, -37.6663 ], [ 144.8707, -37.6583 ], [ 144.8837, -37.6591 ], [ 144.884, -37.6602 ], [ 144.9059, -37.662 ], [ 144.9046, -37.6688 ], [ 144.9008, -37.6683 ], [ 144.8994, -37.6757 ], [ 144.886, -37.6739 ], [ 144.8858, -37.6745 ], [ 144.8855, -37.6743 ], [ 144.8852, -37.6749 ], [ 144.8834, -37.6745 ], [ 144.8809, -37.676 ], [ 144.8796, -37.6757 ], [ 144.8793, -37.6749 ], [ 144.8778, -37.6751 ], [ 144.8781, -37.6746 ], [ 144.8778, -37.6743 ], [ 144.8769, -37.6749 ], [ 144.8763, -37.6743 ], [ 144.8769, -37.6741 ], [ 144.876, -37.6736 ], [ 144.8765, -37.6731 ], [ 144.8759, -37.6729 ], [ 144.8758, -37.6722 ], [ 144.8746, -37.6713 ], [ 144.8742, -37.6718 ], [ 144.8734, -37.6711 ], [ 144.8726, -37.6716 ], [ 144.8707, -37.672 ], [ 144.8696, -37.6714 ], [ 144.8688, -37.6716 ], [ 144.8668, -37.6708 ], [ 144.8666, -37.6702 ], [ 144.8649, -37.671 ], [ 144.8641, -37.6711 ], [ 144.8632, -37.6707 ], [ 144.8627, -37.6704 ], [ 144.8621, -37.6692 ], [ 144.8604, -37.6677 ], [ 144.8599, -37.6662 ] ] ] } },
{ "type": "Feature", "properties": { "loc_pid": "loc151f19603153", "suburb": "Avondale Heights", "join_key": "AVONDALE HEIGHTS" }, "geometry": { "type": "Polygon", "coordinates": [ [ [ 144.8477, -37.7498 ], [ 144.8559, -37.7507 ], [ 144.8559, -37.7504 ], [ 144.8578, -37.7504 ], [ 144.8797, -37.7528 ], [ 144.8796, -37.7535 ], [ 144.8787, -37.7541 ], [ 144.8778, -37.754 ], [ 144.8771, -37.756 ], [ 144.8776, -37.7565 ], [ 144.8788, -37.7565 ], [ 144.8798, -37.7558 ], [ 144.8819, -37.7557 ], [ 144.8821, -37.7559 ], [ 144.8813, -37.7562 ], [ 144.88, -37.7579 ], [ 144.8779, -37.7594 ], [ 144.8727, -37.7619 ], [ 144.8706, -37.7659 ], [ 144.8708, -37.7666 ], [ 144.8726, -37.7681 ], [ 144.8744, -37.769 ], [ 144.8745, -37.7702 ], [ 144.8741, -37.7714 ], [ 144.8716, -37.7728 ], [ 144.8674, -37.7721 ], [ 144.8654, -37.7722 ], [ 144.8647, -37.7726 ], [ 144.8648, -37.7735 ], [ 144.8645, -37.7739 ], [ 144.8628, -37.7747 ], [ 144.8607, -37.7762 ], [ 144.8577, -37.7758 ], [ 144.8553, -37.7743 ], [ 144.8539, -37.774 ], [ 144.8526, -37.7732 ], [ 144.8518, -37.7723 ], [ 144.851, -37.7691 ], [ 144.8514, -37.7682 ], [ 144.8532, -37.7669 ], [ 144.8541, -37.7655 ], [ 144.8543, -37.7645 ], [ 144.8539, -37.7624 ], [ 144.8524, -37.7623 ], [ 144.8506, -37.7614 ], [ 144.8494, -37.7612 ], [ 144.8484, -37.7601 ], [ 144.8483, -37.7591 ], [ 144.8494, -37.7564 ], [ 144.8496, -37.7548 ], [ 144.8485, -37.7512 ], [ 144.8477, -37.7498 ] ] ] } },
{ "type": "Feature", "properties": { "loc_pid": "loc0e52a8070878", "suburb": "Balaclava", "join_key": "BALACLAVA" }, "geometry": { "type": "Polygon", "coordinates": [ [ [ 144.9897, -37.8721 ], [ 144.9902, -37.8721 ], [ 144.9906, -37.8712 ], [ 144.9903, -37.871 ], [ 144.9908, -37.8692 ], [ 144.9906, -37.8684 ], [ 144.9909, -37.8684 ], [ 144.9914, -37.8661 ], [ 144.9912, -37.8654 ], [ 145.0, -37.8665 ], [ 144.9982, -37.876 ], [ 144.9976, -37.8759 ], [ 144.9977, -37.8755 ], [ 144.9971, -37.8754 ], [ 144.9956, -37.8753 ], [ 144.9955, -37.8757 ], [ 144.9951, -37.8756 ], [ 144.9942, -37.8743 ], [ 144.9941, -37.8745 ], [ 144.9922, -37.8743 ], [ 144.9912, -37.8745 ], [ 144.9897, -37.8721 ] ] ] } },
{ "type": "Feature", "properties": { "loc_pid": "loc0a04b7cc8b07", "suburb": "Balnarring", "join_key": "BALNARRING" }, "geometry": { "type": "Polygon", "coordinates": [ [ [ 145.092, -38.3241 ], [ 145.1456, -38.3241 ], [ 145.1457, -38.3535 ], [ 145.1553, -38.3536 ], [ 145.1457, -38.3604 ], [ 145.1457, -38.3762 ], [ 145.1335, -38.3747 ], [ 145.1327, -38.3786 ], [ 145.1339, -38.3785 ], [ 145.1316, -38.3821 ], [ 145.1327, -38.3866 ], [ 145.1245, -38.3882 ], [ 145.1249, -38.3859 ], [ 145.1153, -38.385 ], [ 145.115, -38.3842 ], [ 145.1111, -38.3853 ], [ 145.1106, -38.3845 ], [ 145.1082, -38.3852 ], [ 145.1082, -38.3845 ], [ 145.1079, -38.3844 ], [ 145.1046, -38.3842 ], [ 145.097, -38.3872 ], [ 145.097, -38.374 ], [ 145.1018, -38.374 ], [ 145.1017, -38.3542 ], [ 145.1023, -38.3536 ], [ 145.1074, -38.3536 ], [ 145.0972, -38.3388 ], [ 145.092, -38.3241 ] ] ] } },
{ "type": "Feature", "properties": { "loc_pid": "loc64cc79e3a232", "suburb": "Balwyn", "join_key": "BALWYN" }, "geometry": { "type": "Polygon", "coordinates": [ [ [ 145.0614, -37.8069 ], [ 145.0625, -37.8008 ], [ 145.0921, -37.8047 ], [ 145.0971, -37.8038 ], [ 145.1013, -37.8042 ], [ 145.1009, -37.8037 ], [ 145.103, -37.8021 ], [ 145.1039, -37.8023 ], [ 145.1041, -37.8021 ], [ 145.1049, -37.8032 ], [ 145.1036, -37.8093 ], [ 145.1026, -37.8097 ], [ 145.1027, -37.8105 ], [ 145.1014, -37.8106 ], [ 145.1012, -37.812 ], [ 145.1002, -37.8124 ], [ 145.1001, -37.8126 ], [ 145.1006, -37.8127 ], [ 145.1002, -37.8146 ], [ 145.0962, -37.8142 ], [ 145.0936, -37.8136 ], [ 145.0932, -37.8139 ], [ 145.092, -37.8135 ], [ 145.0923, -37.8129 ], [ 145.0919, -37.813 ], [ 145.0919, -37.8134 ], [ 145.0908, -37.8137 ], [ 145.0909, -37.8133 ], [ 145.0899, -37.813 ], [ 145.0898, -37.8132 ], [ 145.0902, -37.8132 ], [ 145.0899, -37.8138 ], [ 145.0878, -37.8137 ], [ 145.0878, -37.8141 ], [ 145.0884, -37.8142 ], [ 145.0883, -37.8149 ], [ 145.0878, -37.8172 ], [ 145.0872, -37.8174 ], [ 145.087, -37.8186 ], [ 145.0846, -37.8184 ], [ 145.0852, -37.8163 ], [ 145.0847, -37.8163 ], [ 145.0846, -37.8169 ], [ 145.0838, -37.8172 ], [ 145.0836, -37.8178 ], [ 145.0828, -37.8176 ], [ 145.0827, -37.818 ], [ 145.0821, -37.8182 ], [ 145.0813, -37.8179 ], [ 145.0812, -37.8183 ], [ 145.0804, -37.8182 ], [ 145.0805, -37.8178 ], [ 145.0798, -37.8177 ], [ 145.0796, -37.8173 ], [ 145.0788, -37.8172 ], [ 145.0787, -37.8175 ], [ 145.0783, -37.8175 ], [ 145.0784, -37.8172 ], [ 145.0781, -37.8171 ], [ 145.0781, -37.8174 ], [ 145.0761, -37.8173 ], [ 145.0754, -37.8177 ], [ 145.0755, -37.8174 ], [ 145.074, -37.8169 ], [ 145.0729, -37.8171 ], [ 145.0723, -37.817 ], [ 145.0724, -37.8168 ], [ 145.0699, -37.8166 ], [ 145.0703, -37.8145 ], [ 145.0705, -37.8143 ], [ 145.0715, -37.8145 ], [ 145.0724, -37.8082 ], [ 145.0614, -37.8069 ] ] ] } },
{ "type": "Feature", "properties": { "loc_pid": "loc0621c45c46f4", "suburb": "Balwyn North", "join_key": "BALWYN NORTH" }, "geometry": { "type": "Polygon", "coordinates": [ [ [ 145.0625, -37.8008 ], [ 145.065, -37.7879 ], [ 145.0647, -37.7866 ], [ 145.0631, -37.7849 ], [ 145.0627, -37.7838 ], [ 145.0633, -37.7815 ], [ 145.0646, -37.7817 ], [ 145.0641, -37.7828 ], [ 145.0662, -37.7837 ], [ 145.0672, -37.7836 ], [ 145.0678, -37.7829 ], [ 145.0676, -37.7822 ], [ 145.0668, -37.7817 ], [ 145.0671, -37.7809 ], [ 145.0693, -37.7813 ], [ 145.0711, -37.7808 ], [ 145.0711, -37.78 ], [ 145.0715, -37.7797 ], [ 145.0745, -37.7797 ], [ 145.075, -37.7787 ], [ 145.0763, -37.7774 ], [ 145.0775, -37.7769 ], [ 145.0786, -37.7769 ], [ 145.0799, -37.7776 ], [ 145.0804, -37.7774 ], [ 145.0805, -37.7783 ], [ 145.0814, -37.7792 ], [ 145.0847, -37.7794 ], [ 145.0852, -37.7797 ], [ 145.094, -37.7793 ], [ 145.0953, -37.7794 ], [ 145.0975, -37.7802 ], [ 145.0994, -37.782 ], [ 145.1003, -37.7848 ], [ 145.1013, -37.7864 ], [ 145.1039, -37.7881 ], [ 145.1042, -37.7891 ], [ 145.1048, -37.7893 ], [ 145.1045, -37.7896 ], [ 145.105, -37.7901 ], [ 145.1047, -37.7913 ], [ 145.1053, -37.7912 ], [ 145.1051, -37.7916 ], [ 145.1063, -37.7918 ], [ 145.1072, -37.7925 ], [ 145.1085, -37.7925 ], [ 145.1082, -37.7942 ], [ 145.1038, -37.7967 ], [ 145.1046, -37.7969 ], [ 145.1042, -37.798 ], [ 145.1042, -37.7996 ], [ 145.1039, -37.7996 ], [ 145.1043, -37.7997 ], [ 145.104, -37.7998 ], [ 145.1042, -37.8005 ], [ 145.1048, -37.8006 ], [ 145.1047, -37.8017 ], [ 145.1039, -37.8023 ], [ 145.103, -37.8021 ], [ 145.1009, -37.8037 ], [ 145.1013, -37.8042 ], [ 145.0971, -37.8038 ], [ 145.0921, -37.8047 ], [ 145.0625, -37.8008 ] ] ] } },
{ "type": "Feature", "properties": { "loc_pid": "locf3fc3fca2acd", "suburb": "Bangholme", "join_key": "BANGHOLME" }, "geometry": { "type": "Polygon", "coordinates": [ [ [ 145.1335, -38.0254 ], [ 145.1373, -38.0213 ], [ 145.1784, -38.0328 ], [ 145.1821, -38.0327 ], [ 145.1835, -38.0318 ], [ 145.1873, -38.0363 ], [ 145.2105, -38.0392 ], [ 145.2068, -38.0573 ], [ 145.1947, -38.0721 ], [ 145.158, -38.0675 ], [ 145.15, -38.0671 ], [ 145.1489, -38.0631 ], [ 145.1376, -38.0326 ], [ 145.1353, -38.0277 ], [ 145.1335, -38.0254 ] ] ] } },
{ "type": "Feature", "properties": { "loc_pid": "loccc0f4c785f6c", "suburb": "Baxter", "join_key": "BAXTER" }, "geometry": { "type": "Polygon", "coordinates": [ [ [ 145.1095, -38.2139 ], [ 145.1104, -38.2107 ], [ 145.1155, -38.2065 ], [ 145.119, -38.2046 ], [ 145.1288, -38.2001 ], [ 145.1335, -38.1957 ], [ 145.1397, -38.1973 ], [ 145.148, -38.1941 ], [ 145.1526, -38.1945 ], [ 145.1545, -38.192 ], [ 145.1593, -38.1817 ], [ 145.1818, -38.1991 ], [ 145.1967, -38.1995 ], [ 145.1966, -38.212 ], [ 145.1945, -38.2121 ], [ 145.1924, -38.2109 ], [ 145.19, -38.2102 ], [ 145.1879, -38.2086 ], [ 145.1855, -38.2079 ], [ 145.1846, -38.2066 ], [ 145.1825, -38.2064 ], [ 145.1801, -38.2057 ], [ 145.1797, -38.206 ], [ 145.179, -38.206 ], [ 145.1781, -38.2056 ], [ 145.1764, -38.2055 ], [ 145.1743, -38.2047 ], [ 145.1737, -38.2048 ], [ 145.1733, -38.2055 ], [ 145.1698, -38.2054 ], [ 145.1689, -38.2061 ], [ 145.1676, -38.2062 ], [ 145.1656, -38.2054 ], [ 145.1648, -38.2054 ], [ 145.1642, -38.2049 ], [ 145.1635, -38.2034 ], [ 145.1628, -38.2055 ], [ 145.1588, -38.2049 ], [ 145.1582, -38.2073 ], [ 145.1558, -38.2069 ], [ 145.1537, -38.2077 ], [ 145.1539, -38.2082 ], [ 145.1518, -38.209 ], [ 145.1515, -38.2085 ], [ 145.1473, -38.2101 ], [ 145.1436, -38.204 ], [ 145.1259, -38.2108 ], [ 145.1095, -38.2139 ] ] ] } },
{ "type": "Feature", "properties": { "loc_pid": "loc2f9c80de6f7d", "suburb": "Bayswater", "join_key": "BAYSWATER" }, "geometry": { "type": "Polygon", "coordinates": [ [ [ 145.2383, -37.8391 ], [ 145.2392, -37.8385 ], [ 145.2403, -37.8388 ], [ 145.2415, -37.8386 ], [ 145.2424, -37.8388 ], [ 145.2427, -37.8385 ], [ 145.2445, -37.8386 ], [ 145.2459, -37.8379 ], [ 145.2466, -37.8377 ], [ 145.2472, -37.8379 ], [ 145.2476, -37.8376 ], [ 145.2485, -37.8381 ], [ 145.2491, -37.8376 ], [ 145.2493, -37.8383 ], [ 145.2496, -37.8383 ], [ 145.2499, -37.8376 ], [ 145.2504, -37.8381 ], [ 145.2517, -37.8373 ], [ 145.2535, -37.837 ], [ 145.2549, -37.8363 ], [ 145.256, -37.8362 ], [ 145.2559, -37.8366 ], [ 145.2562, -37.8366 ], [ 145.2568, -37.8357 ], [ 145.2579, -37.8361 ], [ 145.258, -37.8365 ], [ 145.2587, -37.8368 ], [ 145.2605, -37.8361 ], [ 145.2618, -37.836 ], [ 145.2628, -37.8364 ], [ 145.2658, -37.8366 ], [ 145.2673, -37.837 ], [ 145.2686, -37.8364 ], [ 145.2687, -37.836 ], [ 145.2696, -37.8358 ], [ 145.2711, -37.836 ], [ 145.2716, -37.8364 ], [ 145.2744, -37.8357 ], [ 145.2789, -37.8358 ], [ 145.2801, -37.8346 ], [ 145.2805, -37.8333 ], [ 145.2815, -37.833 ], [ 145.2858, -37.8337 ], [ 145.2873, -37.8336 ], [ 145.2862, -37.8518 ], [ 145.2783, -37.8507 ], [ 145.2777, -37.8511 ], [ 145.2783, -37.8518 ], [ 145.2778, -37.8517 ], [ 145.2796, -37.8536 ], [ 145.2793, -37.8542 ], [ 145.2782, -37.854 ], [ 145.2783, -37.8536 ], [ 145.2738, -37.853 ], [ 145.2739, -37.8528 ], [ 145.2734, -37.8526 ], [ 145.2733, -37.853 ], [ 145.2727, -37.853 ], [ 145.2725, -37.8534 ], [ 145.2719, -37.8533 ], [ 145.2718, -37.8528 ], [ 145.2692, -37.8525 ], [ 145.269, -37.8529 ], [ 145.2685, -37.8529 ], [ 145.2685, -37.8533 ], [ 145.268, -37.8532 ], [ 145.268, -37.8535 ], [ 145.2676, -37.8535 ], [ 145.2675, -37.8557 ], [ 145.268, -37.8557 ], [ 145.2677, -37.8572 ], [ 145.2671, -37.8571 ], [ 145.2666, -37.8596 ], [ 145.2634, -37.8585 ], [ 145.2626, -37.859 ], [ 145.262, -37.8588 ], [ 145.2622, -37.8581 ], [ 145.2569, -37.8564 ], [ 145.2563, -37.8569 ], [ 145.2521, -37.8556 ], [ 145.2522, -37.8551 ], [ 145.2514, -37.8546 ], [ 145.2486, -37.8536 ], [ 145.2482, -37.8543 ], [ 145.2475, -37.8533 ], [ 145.2439, -37.8522 ], [ 145.2463, -37.8477 ], [ 145.2453, -37.8474 ], [ 145.2459, -37.8461 ], [ 145.247, -37.844 ], [ 145.248, -37.8443 ], [ 145.2485, -37.8434 ], [ 145.2405, -37.8452 ], [ 145.2405, -37.8445 ], [ 145.2384, -37.8448 ], [ 145.2383, -37.8391 ] ] ] } },
{ "type": "Feature", "properties": { "loc_pid": "loc9165cd64854f", "suburb": "Bayswater North", "join_key": "BAYSWATER NORTH" }, "geometry": { "type": "Polygon", "coordinates": [ [ [ 145.2585, -37.8343 ], [ 145.2595, -37.8331 ], [ 145.2605, -37.833 ], [ 145.2612, -37.8323 ], [ 145.262, -37.8324 ], [ 145.2626, -37.832 ], [ 145.2632, -37.832 ], [ 145.263, -37.8311 ], [ 145.2644, -37.8293 ], [ 145.264, -37.8285 ], [ 145.2647, -37.8255 ], [ 145.2643, -37.8224 ], [ 145.2649, -37.8208 ], [ 145.2668, -37.8176 ], [ 145.2678, -37.8165 ], [ 145.2685, -37.8165 ], [ 145.2683, -37.8183 ], [ 145.2785, -37.8193 ], [ 145.2783, -37.8218 ], [ 145.2823, -37.8209 ], [ 145.2862, -37.8196 ], [ 145.2874, -37.8189 ], [ 145.2923, -37.8195 ], [ 145.3058, -37.8133 ], [ 145.3012, -37.8379 ], [ 145.2941, -37.8343 ], [ 145.2874, -37.8333 ], [ 145.2873, -37.8336 ], [ 145.2858, -37.8337 ], [ 145.2815, -37.833 ], [ 145.2805, -37.8333 ], [ 145.2801, -37.8346 ], [ 145.2789, -37.8358 ], [ 145.2744, -37.8357 ], [ 145.2716, -37.8364 ], [ 145.2711, -37.836 ], [ 145.2696, -37.8358 ], [ 145.2687, -37.836 ], [ 145.2686, -37.8364 ], [ 145.2673, -37.837 ], [ 145.2658, -37.8366 ], [ 145.2628, -37.8364 ], [ 145.2618, -37.836 ], [ 145.2605, -37.8361 ], [ 145.2587, -37.8368 ], [ 145.2585, -37.8343 ] ] ] } },
{ "type": "Feature", "properties": { "loc_pid": "locfb463ae5ac4b", "suburb": "Beaconsfield", "join_key": "BEACONSFIELD" }, "geometry": { "type": "Polygon", "coordinates": [ [ [ 145.3592, -38.0524 ], [ 145.3604, -38.0491 ], [ 145.3647, -38.0507 ], [ 145.3643, -38.0495 ], [ 145.3653, -38.0494 ], [ 145.3664, -38.0485 ], [ 145.3667, -38.0471 ], [ 145.3664, -38.047 ], [ 145.3664, -38.0458 ], [ 145.3659, -38.0458 ], [ 145.3655, -38.0453 ], [ 145.3652, -38.0454 ], [ 145.3648, -38.0447 ], [ 145.3649, -38.0439 ], [ 145.3656, -38.0439 ], [ 145.3665, -38.0428 ], [ 145.3666, -38.0415 ], [ 145.3671, -38.041 ], [ 145.3666, -38.0406 ], [ 145.3668, -38.0404 ], [ 145.366, -38.0388 ], [ 145.3668, -38.0382 ], [ 145.3669, -38.0377 ], [ 145.3672, -38.0378 ], [ 145.3676, -38.0372 ], [ 145.3684, -38.0368 ], [ 145.3682, -38.0365 ], [ 145.3687, -38.0355 ], [ 145.3697, -38.0349 ], [ 145.3699, -38.0329 ], [ 145.3705, -38.0329 ], [ 145.3707, -38.0324 ], [ 145.3715, -38.0319 ], [ 145.372, -38.0323 ], [ 145.3726, -38.032 ], [ 145.373, -38.0307 ], [ 145.3743, -38.0298 ], [ 145.3745, -38.0287 ], [ 145.3753, -38.0289 ], [ 145.3762, -38.0276 ], [ 145.3765, -38.0276 ], [ 145.3769, -38.0267 ], [ 145.3765, -38.026 ], [ 145.3773, -38.0257 ], [ 145.3779, -38.0249 ], [ 145.3775, -38.024 ], [ 145.3778, -38.0234 ], [ 145.3785, -38.0232 ], [ 145.3782, -38.0225 ], [ 145.3788, -38.022 ], [ 145.3787, -38.021 ], [ 145.3793, -38.0205 ], [ 145.385, -38.0212 ], [ 145.3843, -38.0219 ], [ 145.3911, -38.0258 ], [ 145.3909, -38.0265 ], [ 145.3965, -38.0273 ], [ 145.3983, -38.0188 ], [ 145.3951, -38.0184 ], [ 145.3981, -38.0169 ], [ 145.3998, -38.0146 ], [ 145.4009, -38.0141 ], [ 145.4042, -38.0135 ], [ 145.4071, -38.0159 ], [ 145.4076, -38.0168 ], [ 145.4094, -38.0173 ], [ 145.4105, -38.018 ], [ 145.4074, -38.0185 ], [ 145.4079, -38.0202 ], [ 145.4077, -38.0217 ], [ 145.4048, -38.0229 ], [ 145.404, -38.0254 ], [ 145.4032, -38.0265 ], [ 145.4015, -38.0273 ], [ 145.4006, -38.0345 ], [ 145.3976, -38.0371 ], [ 145.3968, -38.0395 ], [ 145.3938, -38.0397 ], [ 145.3927, -38.0414 ], [ 145.3873, -38.0658 ], [ 145.376, -38.0643 ], [ 145.376, -38.0639 ], [ 145.3766, -38.0635 ], [ 145.376, -38.0631 ], [ 145.3761, -38.0625 ], [ 145.3756, -38.0624 ], [ 145.3757, -38.062 ], [ 145.3752, -38.0618 ], [ 145.3752, -38.0612 ], [ 145.3759, -38.0613 ], [ 145.3762, -38.0609 ], [ 145.3752, -38.0607 ], [ 145.3751, -38.0594 ], [ 145.3724, -38.0603 ], [ 145.3704, -38.0604 ], [ 145.3686, -38.06 ], [ 145.3663, -38.0585 ], [ 145.3615, -38.0539 ], [ 145.3592, -38.0524 ] ] ] } },
{ "type": "Feature", "properties": { "loc_pid": "loc88487743ffc5", "suburb": "Beaconsfield Upper", "join_key": "BEACONSFIELD UPPER" }, "geometry": { "type": "Polygon", "coordinates": [ [ [ 145.3758, -37.9897 ], [ 145.3774, -37.9891 ], [ 145.3774, -37.9883 ], [ 145.3782, -37.9878 ], [ 145.3788, -37.9875 ], [ 145.38, -37.9876 ], [ 145.38, -37.9868 ], [ 145.3806, -37.9866 ], [ 145.3804, -37.9864 ], [ 145.3809, -37.9853 ], [ 145.3825, -37.9846 ], [ 145.3822, -37.9845 ], [ 145.3816, -37.9825 ], [ 145.382, -37.9821 ], [ 145.3817, -37.981 ], [ 145.3819, -37.9811 ], [ 145.382, -37.9805 ], [ 145.3814, -37.9796 ], [ 145.381, -37.9797 ], [ 145.3801, -37.9776 ], [ 145.3798, -37.9776 ], [ 145.3792, -37.9766 ], [ 145.3797, -37.9765 ], [ 145.3794, -37.9754 ], [ 145.3791, -37.9754 ], [ 145.3795, -37.974 ], [ 145.38, -37.9738 ], [ 145.3806, -37.974 ], [ 145.3807, -37.9744 ], [ 145.3813, -37.9741 ], [ 145.3815, -37.9745 ], [ 145.3821, -37.9745 ], [ 145.3827, -37.975 ], [ 145.3827, -37.9747 ], [ 145.3832, -37.9748 ], [ 145.3839, -37.9743 ], [ 145.3837, -37.974 ], [ 145.3833, -37.9742 ], [ 145.3833, -37.9738 ], [ 145.3836, -37.9722 ], [ 145.3842, -37.9715 ], [ 145.3838, -37.9713 ], [ 145.3841, -37.9707 ], [ 145.3844, -37.9706 ], [ 145.3845, -37.971 ], [ 145.3859, -37.971 ], [ 145.3863, -37.9715 ], [ 145.3871, -37.9714 ], [ 145.387, -37.9711 ], [ 145.3874, -37.9714 ], [ 145.388, -37.9713 ], [ 145.3877, -37.9711 ], [ 145.3881, -37.971 ], [ 145.3881, -37.9755 ], [ 145.3936, -37.9755 ], [ 145.3936, -37.9792 ], [ 145.4, -37.9791 ], [ 145.4039, -37.9762 ], [ 145.4056, -37.9771 ], [ 145.4079, -37.9789 ], [ 145.4141, -37.9776 ], [ 145.4182, -37.9806 ], [ 145.4258, -37.979 ], [ 145.4335, -37.9787 ], [ 145.4382, -37.9816 ], [ 145.4409, -37.9824 ], [ 145.4415, -37.983 ], [ 145.4411, -37.9837 ], [ 145.441, -37.9851 ], [ 145.4403, -37.9863 ], [ 145.4452, -37.9855 ], [ 145.4452, -37.9898 ], [ 145.4514, -37.9898 ], [ 145.4514, -37.9917 ], [ 145.4666, -37.9917 ], [ 145.4666, -37.9921 ], [ 145.4687, -37.9921 ], [ 145.4687, -37.9928 ], [ 145.471, -37.9928 ], [ 145.4711, -37.9995 ], [ 145.4737, -37.9996 ], [ 145.4737, -38.0037 ], [ 145.4712, -38.0033 ], [ 145.4712, -38.0057 ], [ 145.4698, -38.0057 ], [ 145.4698, -38.0094 ], [ 145.4646, -38.0094 ], [ 145.4629, -38.011 ], [ 145.4606, -38.0095 ], [ 145.459, -38.011 ], [ 145.4607, -38.013 ], [ 145.4612, -38.0131 ], [ 145.4603, -38.0187 ], [ 145.4517, -38.0178 ], [ 145.4512, -38.021 ], [ 145.449, -38.0209 ], [ 145.4454, -38.0232 ], [ 145.4473, -38.025 ], [ 145.4441, -38.0264 ], [ 145.4423, -38.0262 ], [ 145.4384, -38.0224 ], [ 145.4346, -38.0214 ], [ 145.4324, -38.0203 ], [ 145.4317, -38.0203 ], [ 145.4305, -38.0176 ], [ 145.4269, -38.0133 ], [ 145.4242, -38.0133 ], [ 145.4242, -38.0173 ], [ 145.4227, -38.0173 ], [ 145.4227, -38.0186 ], [ 145.4218, -38.0193 ], [ 145.4182, -38.0198 ], [ 145.4183, -38.0149 ], [ 145.4132, -38.0149 ], [ 145.4133, -38.0162 ], [ 145.4105, -38.018 ], [ 145.4094, -38.0173 ], [ 145.4076, -38.0168 ], [ 145.4071, -38.0159 ], [ 145.4042, -38.0135 ], [ 145.4052, -38.0129 ], [ 145.4052, -38.0121 ], [ 145.4063, -38.011 ], [ 145.4027, -38.011 ], [ 145.4014, -38.012 ], [ 145.4003, -38.0107 ], [ 145.4004, -38.0094 ], [ 145.4021, -38.0098 ], [ 145.4007, -38.0076 ], [ 145.4026, -38.0069 ], [ 145.4008, -38.0059 ], [ 145.3993, -38.0036 ], [ 145.3939, -38.0058 ], [ 145.3905, -38.0009 ], [ 145.3816, -38.0045 ], [ 145.3814, -38.0039 ], [ 145.3806, -38.0037 ], [ 145.3803, -38.0026 ], [ 145.3787, -38.0029 ], [ 145.3785, -38.0021 ], [ 145.379, -38.0021 ], [ 145.379, -38.0018 ], [ 145.3783, -38.0018 ], [ 145.3779, -38.0015 ], [ 145.378, -38.0005 ], [ 145.3788, -37.9996 ], [ 145.379, -37.9988 ], [ 145.3797, -37.9986 ], [ 145.38, -37.9978 ], [ 145.3793, -37.9958 ], [ 145.3786, -37.9957 ], [ 145.3781, -37.9951 ], [ 145.3775, -37.9953 ], [ 145.3778, -37.9942 ], [ 145.3769, -37.9927 ], [ 145.3769, -37.9915 ], [ 145.3758, -37.9897 ] ] ] } },
{ "type": "Feature", "properties": { "loc_pid": "loce237bfb5fc0e", "suburb": "Beaumaris", "join_key": "BEAUMARIS" }, "geometry": { "type": "Polygon", "coordinates": [ [ [ 145.0238, -37.9858 ], [ 145.0247, -37.9809 ], [ 145.026, -37.977 ], [ 145.0257, -37.977 ], [ 145.0258, -37.9759 ], [ 145.0265, -37.9758 ], [ 145.0265, -37.9738 ], [ 145.0317, -37.9744 ], [ 145.0315, -37.9754 ], [ 145.0326, -37.9756 ], [ 145.034, -37.9771 ], [ 145.0339, -37.9775 ], [ 145.0347, -37.9776 ], [ 145.0359, -37.9708 ], [ 145.0418, -37.9714 ], [ 145.0422, -37.9714 ], [ 145.0423, -37.971 ], [ 145.0466, -37.9716 ], [ 145.0465, -37.972 ], [ 145.0474, -37.9719 ], [ 145.0473, -37.9721 ], [ 145.0536, -37.9728 ], [ 145.0536, -37.9731 ], [ 145.0542, -37.9731 ], [ 145.0517, -37.9868 ], [ 145.0486, -37.9886 ], [ 145.0474, -37.9888 ], [ 145.0469, -37.9894 ], [ 145.0458, -37.9897 ], [ 145.0456, -37.9899 ], [ 145.0459, -37.9901 ], [ 145.0447, -37.9902 ], [ 145.0441, -37.9909 ], [ 145.0431, -37.9911 ], [ 145.0424, -37.9919 ], [ 145.0423, -37.9928 ], [ 145.0393, -37.9948 ], [ 145.0392, -37.9956 ], [ 145.0386, -37.9957 ], [ 145.0384, -37.9964 ], [ 145.0375, -37.9964 ], [ 145.0363, -37.9954 ], [ 145.0333, -37.9946 ], [ 145.0314, -37.9945 ], [ 145.0305, -37.9953 ], [ 145.0306, -37.9948 ], [ 145.0299, -37.9946 ], [ 145.0307, -37.9944 ], [ 145.0308, -37.9937 ], [ 145.03, -37.9934 ], [ 145.0293, -37.9936 ], [ 145.0295, -37.9932 ], [ 145.0299, -37.9932 ], [ 145.0299, -37.9923 ], [ 145.0281, -37.9907 ], [ 145.0277, -37.9891 ], [ 145.0272, -37.9889 ], [ 145.0271, -37.9883 ], [ 145.0263, -37.9878 ], [ 145.025, -37.9861 ], [ 145.0243, -37.9857 ], [ 145.0238, -37.9858 ] ] ] } },
{ "type": "Feature", "properties": { "loc_pid": "loc8230c2a8625c", "suburb": "Belgrave", "join_key": "BELGRAVE" }, "geometry": { "type": "Polygon", "coordinates": [ [ [ 145.34, -37.9172 ], [ 145.3427, -37.914 ], [ 145.3432, -37.9138 ], [ 145.3434, -37.9128 ], [ 145.3429, -37.9126 ], [ 145.3427, -37.9121 ], [ 145.3431, -37.9111 ], [ 145.3456, -37.91 ], [ 145.3469, -37.9087 ], [ 145.3474, -37.909 ], [ 145.3476, -37.9074 ], [ 145.3485, -37.9076 ], [ 145.3499, -37.9037 ], [ 145.3487, -37.9035 ], [ 145.3494, -37.9014 ], [ 145.3518, -37.902 ], [ 145.3513, -37.8986 ], [ 145.3634, -37.9013 ], [ 145.3622, -37.9046 ], [ 145.3633, -37.9055 ], [ 145.3632, -37.9062 ], [ 145.3651, -37.9064 ], [ 145.3646, -37.9087 ], [ 145.365, -37.9087 ], [ 145.3642, -37.9093 ], [ 145.3641, -37.9113 ], [ 145.3652, -37.9122 ], [ 145.3673, -37.9124 ], [ 145.3677, -37.9128 ], [ 145.3678, -37.914 ], [ 145.3707, -37.915 ], [ 145.3716, -37.9157 ], [ 145.3712, -37.9171 ], [ 145.3697, -37.9178 ], [ 145.3648, -37.9177 ], [ 145.3634, -37.9185 ], [ 145.3624, -37.9181 ], [ 145.3606, -37.9181 ], [ 145.3596, -37.9187 ], [ 145.361, -37.9212 ], [ 145.3605, -37.9214 ], [ 145.3608, -37.922 ], [ 145.3635, -37.9234 ], [ 145.3618, -37.9255 ], [ 145.3613, -37.9253 ], [ 145.3596, -37.9255 ], [ 145.359, -37.9252 ], [ 145.3586, -37.9246 ], [ 145.3574, -37.9239 ], [ 145.3565, -37.9221 ], [ 145.3554, -37.9224 ], [ 145.3518, -37.9217 ], [ 145.3509, -37.9218 ], [ 145.3478, -37.9208 ], [ 145.3463, -37.9206 ], [ 145.3449, -37.9213 ], [ 145.3433, -37.9192 ], [ 145.3416, -37.919 ], [ 145.3417, -37.9184 ], [ 145.34, -37.9172 ] ] ] } },
{ "type": "Feature", "properties": { "loc_pid": "locf40bda10826e", "suburb": "Belgrave Heights", "join_key": "BELGRAVE HEIGHTS" }, "geometry": { "type": "Polygon", "coordinates": [ [ [ 145.3306, -37.9299 ], [ 145.3318, -37.9238 ], [ 145.3332, -37.9235 ], [ 145.3335, -37.9238 ], [ 145.3341, -37.9236 ], [ 145.3345, -37.9239 ], [ 145.3347, -37.9235 ], [ 145.3351, -37.9239 ], [ 145.3352, -37.9237 ], [ 145.3358, -37.9238 ], [ 145.3361, -37.923 ], [ 145.3365, -37.9229 ], [ 145.3363, -37.9225 ], [ 145.3367, -37.9224 ], [ 145.3364, -37.9214 ], [ 145.3375, -37.9208 ], [ 145.3385, -37.9209 ], [ 145.3392, -37.9201 ], [ 145.3388, -37.9194 ], [ 145.339, -37.9192 ], [ 145.3394, -37.9194 ], [ 145.34, -37.9186 ], [ 145.3407, -37.9189 ], [ 145.3417, -37.9185 ], [ 145.3416, -37.919 ], [ 145.3433, -37.9192 ], [ 145.3449, -37.9213 ], [ 145.3463, -37.9206 ], [ 145.3478, -37.9208 ], [ 145.3509, -37.9218 ], [ 145.3518, -37.9217 ], [ 145.3554, -37.9224 ], [ 145.3565, -37.9221 ], [ 145.3566, -37.9231 ], [ 145.3561, -37.9233 ], [ 145.3565, -37.9237 ], [ 145.3557, -37.924 ], [ 145.3559, -37.9245 ], [ 145.3552, -37.9248 ], [ 145.3556, -37.9252 ], [ 145.3549, -37.9255 ], [ 145.356, -37.9267 ], [ 145.3547, -37.9278 ], [ 145.3543, -37.9296 ], [ 145.3534, -37.9295 ], [ 145.3531, -37.9308 ], [ 145.3506, -37.9305 ], [ 145.3491, -37.9318 ], [ 145.3488, -37.9336 ], [ 145.3435, -37.9327 ], [ 145.3421, -37.931 ], [ 145.3411, -37.9309 ], [ 145.3399, -37.932 ], [ 145.3378, -37.9309 ], [ 145.3306, -37.9299 ] ] ] } },
{ "type": "Feature", "properties": { "loc_pid": "loc42979bc97c35", "suburb": "Bellfield", "join_key": "BELLFIELD" }, "geometry": { "type": "Polygon", "coordinates": [ [ [ 145.0306, -37.7547 ], [ 145.0318, -37.7529 ], [ 145.0314, -37.7507 ], [ 145.0323, -37.7499 ], [ 145.032, -37.7493 ], [ 145.0324, -37.7489 ], [ 145.0335, -37.7488 ], [ 145.0347, -37.7494 ], [ 145.0366, -37.7493 ], [ 145.0411, -37.7497 ], [ 145.0461, -37.7511 ], [ 145.045, -37.7571 ], [ 145.0313, -37.7557 ], [ 145.0306, -37.7547 ] ] ] } },
{ "type": "Feature", "properties": { "loc_pid": "locd8470b65d64b", "suburb": "Bentleigh", "join_key": "BENTLEIGH" }, "geometry": { "type": "Polygon", "coordinates": [ [ [ 145.0343, -37.933 ], [ 145.0225, -37.9203 ], [ 145.0255, -37.9207 ], [ 145.0259, -37.9199 ], [ 145.0261, -37.9189 ], [ 145.0234, -37.9186 ], [ 145.0237, -37.917 ], [ 145.0239, -37.9171 ], [ 145.0237, -37.9166 ], [ 145.0232, -37.9166 ], [ 145.0233, -37.9162 ], [ 145.0239, -37.9162 ], [ 145.0248, -37.9108 ], [ 145.0259, -37.9111 ], [ 145.0267, -37.9118 ], [ 145.0289, -37.9123 ], [ 145.0301, -37.9135 ], [ 145.0329, -37.9147 ], [ 145.033, -37.9139 ], [ 145.0373, -37.9144 ], [ 145.0376, -37.9127 ], [ 145.0426, -37.9133 ], [ 145.0426, -37.9135 ], [ 145.0473, -37.9142 ], [ 145.0472, -37.9145 ], [ 145.0524, -37.9151 ], [ 145.0518, -37.9183 ], [ 145.0521, -37.9187 ], [ 145.052, -37.9195 ], [ 145.0519, -37.9198 ], [ 145.051, -37.9197 ], [ 145.051, -37.9201 ], [ 145.0518, -37.9202 ], [ 145.051, -37.9222 ], [ 145.051, -37.9238 ], [ 145.0506, -37.9245 ], [ 145.0496, -37.9308 ], [ 145.0494, -37.9307 ], [ 145.0495, -37.9317 ], [ 145.0519, -37.932 ], [ 145.0517, -37.9334 ], [ 145.0492, -37.9331 ], [ 145.0491, -37.9341 ], [ 145.0487, -37.9341 ], [ 145.0485, -37.9347 ], [ 145.0343, -37.933 ] ] ] } },
{ "type": "Feature", "properties": { "loc_pid": "loc89cee4954cc2", "suburb": "Bentleigh East", "join_key": "BENTLEIGH EAST" }, "geometry": { "type": "Polygon", "coordinates": [ [ [ 145.0486, -37.9347 ], [ 145.0487, -37.9341 ], [ 145.0491, -37.9341 ], [ 145.0492, -37.9331 ], [ 145.0517, -37.9334 ], [ 145.0519, -37.932 ], [ 145.0495, -37.9317 ], [ 145.0494, -37.9307 ], [ 145.0496, -37.9308 ], [ 145.0506, -37.9245 ], [ 145.051, -37.9238 ], [ 145.051, -37.9222 ], [ 145.0518, -37.9202 ], [ 145.051, -37.9201 ], [ 145.051, -37.9197 ], [ 145.0519, -37.9198 ], [ 145.052, -37.9195 ], [ 145.0521, -37.9187 ], [ 145.0518, -37.9183 ], [ 145.0524, -37.9152 ], [ 145.0523, -37.9141 ], [ 145.0535, -37.9093 ], [ 145.0539, -37.9069 ], [ 145.0536, -37.9069 ], [ 145.0542, -37.9057 ], [ 145.0853, -37.9095 ], [ 145.0795, -37.9388 ], [ 145.0712, -37.9375 ], [ 145.0686, -37.9374 ], [ 145.0486, -37.9347 ] ] ] } },
{ "type": "Feature", "properties": { "loc_pid": "loc4df40037d8c0", "suburb": "Berwick", "join_key": "BERWICK" }, "geometry": { "type": "Polygon", "coordinates": [ [ [ 145.3133, -38.0215 ], [ 145.3146, -38.0195 ], [ 145.3158, -38.0189 ], [ 145.3165, -38.019 ], [ 145.3175, -38.0176 ], [ 145.3182, -38.0175 ], [ 145.3188, -38.0144 ], [ 145.3196, -38.0141 ], [ 145.3212, -38.0143 ], [ 145.3213, -38.0125 ], [ 145.3188, -38.0121 ], [ 145.3188, -38.0118 ], [ 145.3196, -38.0086 ], [ 145.3219, -38.0081 ], [ 145.3224, -38.0048 ], [ 145.3297, -38.0057 ], [ 145.3317, -38.0072 ], [ 145.3308, -38.0086 ], [ 145.331, -38.0089 ], [ 145.3335, -38.0099 ], [ 145.3361, -38.009 ], [ 145.3372, -38.0092 ], [ 145.3375, -38.0074 ], [ 145.3384, -38.0075 ], [ 145.3437, -38.0111 ], [ 145.344, -38.0081 ], [ 145.3464, -38.0084 ], [ 145.347, -38.0075 ], [ 145.3483, -38.0084 ], [ 145.3491, -38.0086 ], [ 145.3498, -38.0096 ], [ 145.3508, -38.0087 ], [ 145.3508, -38.0083 ], [ 145.3531, -38.0067 ], [ 145.3534, -38.0062 ], [ 145.3579, -38.0068 ], [ 145.3581, -38.0061 ], [ 145.3609, -38.0066 ], [ 145.3613, -38.0046 ], [ 145.367, -38.0053 ], [ 145.3704, -38.0067 ], [ 145.3697, -38.0098 ], [ 145.3729, -38.0103 ], [ 145.3728, -38.0109 ], [ 145.3749, -38.0112 ], [ 145.3748, -38.0118 ], [ 145.377, -38.0123 ], [ 145.3853, -38.0133 ], [ 145.3852, -38.014 ], [ 145.3841, -38.0148 ], [ 145.3842, -38.0156 ], [ 145.3838, -38.0159 ], [ 145.3837, -38.0166 ], [ 145.3817, -38.017 ], [ 145.3795, -38.0181 ], [ 145.3793, -38.0191 ], [ 145.3801, -38.0203 ], [ 145.3787, -38.021 ], [ 145.3788, -38.022 ], [ 145.3782, -38.0225 ], [ 145.3785, -38.0232 ], [ 145.3778, -38.0234 ], [ 145.3775, -38.024 ], [ 145.3779, -38.0249 ], [ 145.3773, -38.0257 ], [ 145.3765, -38.026 ], [ 145.3769, -38.0267 ], [ 145.3767, -38.0273 ], [ 145.3753, -38.0289 ], [ 145.3745, -38.0287 ], [ 145.3743, -38.0298 ], [ 145.373, -38.0307 ], [ 145.3726, -38.032 ], [ 145.372, -38.0323 ], [ 145.3715, -38.0319 ], [ 145.3707, -38.0324 ], [ 145.3705, -38.0329 ], [ 145.3699, -38.0329 ], [ 145.3697, -38.0349 ], [ 145.3687, -38.0355 ], [ 145.3682, -38.0365 ], [ 145.3684, -38.0368 ], [ 145.3676, -38.0372 ], [ 145.3672, -38.0378 ], [ 145.3669, -38.0377 ], [ 145.3668, -38.0382 ], [ 145.3661, -38.0386 ], [ 145.366, -38.039 ], [ 145.3668, -38.0404 ], [ 145.3666, -38.0406 ], [ 145.3671, -38.041 ], [ 145.3666, -38.0415 ], [ 145.3665, -38.0428 ], [ 145.3656, -38.0439 ], [ 145.3649, -38.0439 ], [ 145.3648, -38.0447 ], [ 145.3652, -38.0454 ], [ 145.3655, -38.0453 ], [ 145.3659, -38.0458 ], [ 145.3664, -38.0458 ], [ 145.3664, -38.047 ], [ 145.3667, -38.0471 ], [ 145.3664, -38.0485 ], [ 145.3653, -38.0494 ], [ 145.3643, -38.0495 ], [ 145.3647, -38.0507 ], [ 145.3604, -38.0491 ], [ 145.3592, -38.0524 ], [ 145.3615, -38.0539 ], [ 145.3663, -38.0585 ], [ 145.3686, -38.06 ], [ 145.3704, -38.0604 ], [ 145.3724, -38.0603 ], [ 145.3751, -38.0594 ], [ 145.3752, -38.0607 ], [ 145.3762, -38.0609 ], [ 145.3759, -38.0613 ], [ 145.3752, -38.0612 ], [ 145.3752, -38.0618 ], [ 145.3757, -38.062 ], [ 145.3756, -38.0624 ], [ 145.3761, -38.0625 ], [ 145.376, -38.0631 ], [ 145.3766, -38.0635 ], [ 145.376, -38.0639 ], [ 145.3762, -38.0649 ], [ 145.3769, -38.065 ], [ 145.3766, -38.0653 ], [ 145.3772, -38.0658 ], [ 145.3808, -38.0669 ], [ 145.3808, -38.0672 ], [ 145.38, -38.0677 ], [ 145.3803, -38.0684 ], [ 145.3799, -38.0687 ], [ 145.3807, -38.0688 ], [ 145.3818, -38.0699 ], [ 145.3796, -38.0704 ], [ 145.3783, -38.0704 ], [ 145.3778, -38.0708 ], [ 145.3778, -38.0711 ], [ 145.3783, -38.0713 ], [ 145.3782, -38.0717 ], [ 145.3785, -38.0717 ], [ 145.3781, -38.072 ], [ 145.3784, -38.0724 ], [ 145.3776, -38.0734 ], [ 145.3776, -38.074 ], [ 145.378, -38.0742 ], [ 145.3765, -38.0751 ], [ 145.3769, -38.0757 ], [ 145.3774, -38.0755 ], [ 145.3773, -38.0761 ], [ 145.377, -38.0759 ], [ 145.3771, -38.0765 ], [ 145.3766, -38.0767 ], [ 145.3766, -38.077 ], [ 145.3771, -38.0772 ], [ 145.3765, -38.0776 ], [ 145.3767, -38.0783 ], [ 145.3765, -38.0786 ], [ 145.3759, -38.0785 ], [ 145.3765, -38.0796 ], [ 145.3353, -38.0745 ], [ 145.3358, -38.0722 ], [ 145.335, -38.0709 ], [ 145.33, -38.0685 ], [ 145.3301, -38.068 ], [ 145.328, -38.0678 ], [ 145.3277, -38.0639 ], [ 145.3251, -38.0579 ], [ 145.3227, -38.0576 ], [ 145.3214, -38.057 ], [ 145.3209, -38.0559 ], [ 145.3205, -38.0524 ], [ 145.3184, -38.05 ], [ 145.3181, -38.0492 ], [ 145.3191, -38.0462 ], [ 145.3222, -38.043 ], [ 145.3222, -38.0428 ], [ 145.3218, -38.0429 ], [ 145.3224, -38.0395 ], [ 145.3235, -38.037 ], [ 145.3228, -38.036 ], [ 145.324, -38.0354 ], [ 145.3232, -38.0339 ], [ 145.3234, -38.034 ], [ 145.3262, -38.0345 ], [ 145.327, -38.0346 ], [ 145.322, -38.0296 ], [ 145.3219, -38.0282 ], [ 145.3191, -38.0263 ], [ 145.3133, -38.0215 ] ] ] } },
{ "type": "Feature", "properties": { "loc_pid": "loc4161e46afd2f", "suburb": "Beveridge", "join_key": "BEVERIDGE" }, "geometry": { "type": "Polygon", "coordinates": [ [ [ 144.8807, -37.5013 ], [ 144.8811, -37.5004 ], [ 144.8814, -37.5008 ], [ 144.8821, -37.5006 ], [ 144.8829, -37.5016 ], [ 144.8833, -37.5015 ], [ 144.8831, -37.4989 ], [ 144.8838, -37.4987 ], [ 144.8853, -37.4989 ], [ 144.8876, -37.497 ], [ 144.8878, -37.4961 ], [ 144.8868, -37.495 ], [ 144.8866, -37.4942 ], [ 144.8872, -37.4934 ], [ 144.8885, -37.4931 ], [ 144.8936, -37.4934 ], [ 144.8946, -37.4938 ], [ 144.895, -37.4936 ], [ 144.8944, -37.4921 ], [ 144.8948, -37.4915 ], [ 144.8946, -37.4911 ], [ 144.8927, -37.4914 ], [ 144.8913, -37.4905 ], [ 144.8923, -37.4898 ], [ 144.8957, -37.4892 ], [ 144.896, -37.4887 ], [ 144.8945, -37.4884 ], [ 144.8926, -37.4871 ], [ 144.8916, -37.4869 ], [ 144.8914, -37.4864 ], [ 144.8936, -37.4823 ], [ 144.8941, -37.4803 ], [ 144.8939, -37.4787 ], [ 144.8933, -37.4783 ], [ 144.8935, -37.4778 ], [ 144.8972, -37.4791 ], [ 144.8987, -37.4786 ], [ 144.8985, -37.4779 ], [ 144.8971, -37.4772 ], [ 144.8969, -37.4766 ], [ 144.8983, -37.4764 ], [ 144.8987, -37.4758 ], [ 144.8968, -37.475 ], [ 144.8972, -37.4743 ], [ 144.9001, -37.4753 ], [ 144.9003, -37.4751 ], [ 144.8996, -37.4709 ], [ 144.8999, -37.4697 ], [ 144.9032, -37.4677 ], [ 144.9047, -37.4687 ], [ 144.9051, -37.4685 ], [ 144.9051, -37.4666 ], [ 144.9056, -37.4647 ], [ 144.9038, -37.4649 ], [ 144.9021, -37.4643 ], [ 144.9003, -37.4655 ], [ 144.8988, -37.4656 ], [ 144.8979, -37.4647 ], [ 144.8963, -37.4641 ], [ 144.8965, -37.4626 ], [ 144.8928, -37.4617 ], [ 144.8918, -37.4609 ], [ 144.8928, -37.4603 ], [ 144.8953, -37.46 ], [ 144.8979, -37.459 ], [ 144.8977, -37.4582 ], [ 144.8967, -37.4579 ], [ 144.8969, -37.4568 ], [ 144.8981, -37.4552 ], [ 144.8971, -37.4537 ], [ 144.8972, -37.4529 ], [ 144.898, -37.4516 ], [ 144.8978, -37.4508 ], [ 144.8958, -37.4509 ], [ 144.8947, -37.4505 ], [ 144.8943, -37.45 ], [ 144.8974, -37.4482 ], [ 144.8987, -37.4469 ], [ 144.8986, -37.4465 ], [ 144.8967, -37.4461 ], [ 144.8956, -37.4453 ], [ 144.897, -37.4445 ], [ 144.899, -37.4447 ], [ 144.9, -37.4425 ], [ 144.9, -37.4405 ], [ 144.8987, -37.441 ], [ 144.8976, -37.4407 ], [ 144.8973, -37.4389 ], [ 144.8997, -37.4383 ], [ 144.9014, -37.4362 ], [ 144.9001, -37.4348 ], [ 144.9, -37.4339 ], [ 144.9015, -37.4332 ], [ 144.9006, -37.4323 ], [ 144.8991, -37.432 ], [ 144.8982, -37.4312 ], [ 144.8983, -37.4308 ], [ 144.899, -37.4304 ], [ 144.8999, -37.4314 ], [ 144.9014, -37.4309 ], [ 144.9038, -37.431 ], [ 144.9735, -37.4393 ], [ 145.0553, -37.4483 ], [ 145.0516, -37.4699 ], [ 145.0499, -37.4771 ], [ 145.0457, -37.5001 ], [ 145.0422, -37.5209 ], [ 144.9772, -37.5137 ], [ 144.95, -37.5113 ], [ 144.8901, -37.5039 ], [ 144.8885, -37.5049 ], [ 144.8869, -37.5048 ], [ 144.8852, -37.503 ], [ 144.8843, -37.5029 ], [ 144.8835, -37.5035 ], [ 144.8831, -37.5029 ], [ 144.881, -37.5024 ], [ 144.8807, -37.5013 ] ] ] } },
{ "type": "Feature", "properties": { "loc_pid": "loca04892bcffe9", "suburb": "Bittern", "join_key": "BITTERN" }, "geometry": { "type": "Polygon", "coordinates": [ [ [ 145.1457, -38.3535 ], [ 145.1456, -38.32 ], [ 145.163, -38.32 ], [ 145.1645, -38.3203 ], [ 145.1652, -38.32 ], [ 145.1648, -38.3197 ], [ 145.1657, -38.319 ], [ 145.171, -38.3182 ], [ 145.1717, -38.3178 ], [ 145.172, -38.3171 ], [ 145.1733, -38.3169 ], [ 145.1736, -38.3166 ], [ 145.1757, -38.3168 ], [ 145.1773, -38.3162 ], [ 145.1786, -38.3161 ], [ 145.1788, -38.3164 ], [ 145.1793, -38.3164 ], [ 145.18, -38.3161 ], [ 145.1805, -38.3163 ], [ 145.1809, -38.3159 ], [ 145.1818, -38.3161 ], [ 145.1826, -38.3157 ], [ 145.1836, -38.3161 ], [ 145.1855, -38.3161 ], [ 145.1853, -38.3171 ], [ 145.1864, -38.3181 ], [ 145.1899, -38.3178 ], [ 145.1907, -38.3184 ], [ 145.1906, -38.3188 ], [ 145.1897, -38.3186 ], [ 145.1897, -38.3195 ], [ 145.1903, -38.3196 ], [ 145.1907, -38.3191 ], [ 145.1912, -38.3199 ], [ 145.1907, -38.3204 ], [ 145.1917, -38.3207 ], [ 145.1918, -38.3218 ], [ 145.1926, -38.3222 ], [ 145.1935, -38.3237 ], [ 145.1957, -38.325 ], [ 145.1961, -38.327 ], [ 145.1952, -38.3285 ], [ 145.1979, -38.3292 ], [ 145.197, -38.3313 ], [ 145.1976, -38.333 ], [ 145.2014, -38.3361 ], [ 145.2027, -38.3367 ], [ 145.2047, -38.3371 ], [ 145.2047, -38.3378 ], [ 145.2041, -38.338 ], [ 145.204, -38.3387 ], [ 145.1876, -38.3388 ], [ 145.1909, -38.346 ], [ 145.1815, -38.3462 ], [ 145.1895, -38.3535 ], [ 145.1658, -38.3535 ], [ 145.1691, -38.3606 ], [ 145.1552, -38.3601 ], [ 145.1464, -38.3605 ], [ 145.1457, -38.3611 ], [ 145.1457, -38.3604 ], [ 145.1553, -38.3536 ], [ 145.1457, -38.3535 ] ] ] } },
{ "type": "Feature", "properties": { "loc_pid": "locad899e5d272f", "suburb": "Black Rock", "join_key": "BLACK ROCK" }, "geometry": { "type": "Polygon", "coordinates": [ [ [ 145.0093, -37.9695 ], [ 145.0109, -37.969 ], [ 145.0114, -37.9668 ], [ 145.0107, -37.9645 ], [ 145.0103, -37.9643 ], [ 145.0111, -37.9641 ], [ 145.011, -37.963 ], [ 145.01, -37.9613 ], [ 145.0176, -37.9624 ], [ 145.0178, -37.9621 ], [ 145.0185, -37.9622 ], [ 145.0186, -37.9619 ], [ 145.0196, -37.962 ], [ 145.0202, -37.9614 ], [ 145.0201, -37.9619 ], [ 145.022, -37.9618 ], [ 145.022, -37.9625 ], [ 145.0226, -37.9626 ], [ 145.0245, -37.9628 ], [ 145.0246, -37.9622 ], [ 145.0249, -37.9622 ], [ 145.0256, -37.9625 ], [ 145.0267, -37.9624 ], [ 145.0266, -37.963 ], [ 145.0281, -37.9632 ], [ 145.0282, -37.9627 ], [ 145.0285, -37.9627 ], [ 145.0272, -37.9693 ], [ 145.0293, -37.9695 ], [ 145.0294, -37.9692 ], [ 145.0301, -37.9693 ], [ 145.03, -37.9696 ], [ 145.0303, -37.9696 ], [ 145.0306, -37.9684 ], [ 145.0362, -37.9691 ], [ 145.0347, -37.9776 ], [ 145.0339, -37.9775 ], [ 145.034, -37.9771 ], [ 145.0326, -37.9756 ], [ 145.0315, -37.9754 ], [ 145.0317, -37.9744 ], [ 145.0265, -37.9738 ], [ 145.0265, -37.9758 ], [ 145.0258, -37.9759 ], [ 145.0257, -37.977 ], [ 145.026, -37.977 ], [ 145.0247, -37.9809 ], [ 145.0238, -37.9858 ], [ 145.0213, -37.9829 ], [ 145.0186, -37.9819 ], [ 145.0179, -37.9821 ], [ 145.0177, -37.9819 ], [ 145.0181, -37.9813 ], [ 145.0173, -37.9806 ], [ 145.0171, -37.9792 ], [ 145.015, -37.9764 ], [ 145.0139, -37.9743 ], [ 145.0127, -37.9727 ], [ 145.012, -37.9722 ], [ 145.0117, -37.9723 ], [ 145.0115, -37.9718 ], [ 145.011, -37.9716 ], [ 145.0105, -37.9704 ], [ 145.0093, -37.9695 ] ] ] } },
{ "type": "Feature", "properties": { "loc_pid": "loc10fc59c40668", "suburb": "Blackburn", "join_key": "BLACKBURN" }, "geometry": { "type": "Polygon", "coordinates": [ [ [ 145.1363, -37.8304 ], [ 145.1406, -37.8091 ], [ 145.1667, -37.812 ], [ 145.1661, -37.8156 ], [ 145.1667, -37.8157 ], [ 145.1663, -37.8182 ], [ 145.1646, -37.8181 ], [ 145.1639, -37.8218 ], [ 145.1658, -37.8219 ], [ 145.1654, -37.8242 ], [ 145.1668, -37.8247 ], [ 145.1663, -37.8277 ], [ 145.1678, -37.8279 ], [ 145.1672, -37.8307 ], [ 145.166, -37.8305 ], [ 145.1654, -37.8339 ], [ 145.1363, -37.8304 ] ] ] } },
{ "type": "Feature", "properties": { "loc_pid": "loc786911d8fa57", "suburb": "Blackburn North", "join_key": "BLACKBURN NORTH" }, "geometry": { "type": "Polygon", "coordinates": [ [ [ 145.1406, -37.8091 ], [ 145.1426, -37.7974 ], [ 145.1449, -37.7975 ], [ 145.1467, -37.7999 ], [ 145.1487, -37.8 ], [ 145.1488, -37.7997 ], [ 145.1491, -37.7999 ], [ 145.1492, -37.7995 ], [ 145.1499, -37.7991 ], [ 145.1499, -37.7987 ], [ 145.1508, -37.7988 ], [ 145.1519, -37.799 ], [ 145.1522, -37.7997 ], [ 145.1537, -37.8004 ], [ 145.155, -37.8005 ], [ 145.1553, -37.8008 ], [ 145.1563, -37.8008 ], [ 145.1564, -37.8005 ], [ 145.1571, -37.8004 ], [ 145.1576, -37.8008 ], [ 145.1583, -37.8004 ], [ 145.1586, -37.8006 ], [ 145.1584, -37.8009 ], [ 145.16, -37.8012 ], [ 145.1603, -37.8016 ], [ 145.1608, -37.8016 ], [ 145.1607, -37.8019 ], [ 145.1633, -37.8018 ], [ 145.1639, -37.8022 ], [ 145.1641, -37.8019 ], [ 145.1646, -37.8019 ], [ 145.1647, -37.8022 ], [ 145.1659, -37.802 ], [ 145.1665, -37.8025 ], [ 145.1676, -37.8023 ], [ 145.1679, -37.8026 ], [ 145.1694, -37.8027 ], [ 145.1696, -37.803 ], [ 145.169, -37.8061 ], [ 145.1681, -37.806 ], [ 145.168, -37.8063 ], [ 145.1675, -37.8097 ], [ 145.1665, -37.8096 ], [ 145.1662, -37.8107 ], [ 145.1669, -37.8108 ], [ 145.1665, -37.812 ], [ 145.1406, -37.8091 ] ] ] } },
{ "type": "Feature", "properties": { "loc_pid": "loc693599a76582", "suburb": "Blackburn South", "join_key": "BLACKBURN SOUTH" }, "geometry": { "type": "Polygon", "coordinates": [ [ [ 145.1332, -37.8475 ], [ 145.1363, -37.8304 ], [ 145.1601, -37.8333 ], [ 145.1594, -37.8373 ], [ 145.16, -37.8375 ], [ 145.1599, -37.8379 ], [ 145.1595, -37.8378 ], [ 145.1589, -37.8424 ], [ 145.1593, -37.8426 ], [ 145.159, -37.8436 ], [ 145.16, -37.8437 ], [ 145.1598, -37.8445 ], [ 145.1572, -37.8443 ], [ 145.1569, -37.8458 ], [ 145.1544, -37.8455 ], [ 145.1531, -37.847 ], [ 145.1529, -37.8481 ], [ 145.1349, -37.846 ], [ 145.1346, -37.8477 ], [ 145.1332, -37.8475 ] ] ] } },
{ "type": "Feature", "properties": { "loc_pid": "loc7f158a48110c", "suburb": "Blairgowrie", "join_key": "BLAIRGOWRIE" }, "geometry": { "type": "Polygon", "coordinates": [ [ [ 144.7509, -38.3629 ], [ 144.7633, -38.3534 ], [ 144.7649, -38.3549 ], [ 144.7672, -38.3563 ], [ 144.7701, -38.3575 ], [ 144.772, -38.3575 ], [ 144.7732, -38.3587 ], [ 144.7751, -38.3595 ], [ 144.7833, -38.3612 ], [ 144.7869, -38.3624 ], [ 144.7887, -38.3627 ], [ 144.7835, -38.3879 ], [ 144.783, -38.3874 ], [ 144.7822, -38.3872 ], [ 144.7816, -38.3861 ], [ 144.7807, -38.3858 ], [ 144.7802, -38.3852 ], [ 144.7797, -38.3853 ], [ 144.7789, -38.3842 ], [ 144.7782, -38.3841 ], [ 144.7773, -38.3829 ], [ 144.776, -38.3822 ], [ 144.7756, -38.3823 ], [ 144.7748, -38.3814 ], [ 144.7742, -38.3816 ], [ 144.7749, -38.3809 ], [ 144.7745, -38.381 ], [ 144.7741, -38.3803 ], [ 144.773, -38.38 ], [ 144.7721, -38.3804 ], [ 144.7718, -38.3799 ], [ 144.7722, -38.3794 ], [ 144.7717, -38.3785 ], [ 144.7713, -38.3784 ], [ 144.771, -38.3787 ], [ 144.771, -38.3784 ], [ 144.7703, -38.3783 ], [ 144.7685, -38.3771 ], [ 144.7685, -38.3767 ], [ 144.7675, -38.3766 ], [ 144.7681, -38.3754 ], [ 144.7674, -38.3743 ], [ 144.7664, -38.3739 ], [ 144.7652, -38.3749 ], [ 144.7642, -38.3748 ], [ 144.7643, -38.3737 ], [ 144.7638, -38.3728 ], [ 144.7626, -38.3725 ], [ 144.7614, -38.3717 ], [ 144.7609, -38.3719 ], [ 144.761, -38.3715 ], [ 144.7583, -38.3692 ], [ 144.7574, -38.369 ], [ 144.7566, -38.3682 ], [ 144.7561, -38.3684 ], [ 144.7552, -38.3676 ], [ 144.7548, -38.3678 ], [ 144.7543, -38.3674 ], [ 144.7537, -38.3679 ], [ 144.7532, -38.3677 ], [ 144.7533, -38.3674 ], [ 144.7528, -38.3669 ], [ 144.7535, -38.3659 ], [ 144.753, -38.3644 ], [ 144.7509, -38.3629 ] ] ] } },
{ "type": "Feature", "properties": { "loc_pid": "locc70453923b8e", "suburb": "Bonbeach", "join_key": "BONBEACH" }, "geometry": { "type": "Polygon", "coordinates": [ [ [ 145.116, -38.0601 ], [ 145.1192, -38.0595 ], [ 145.1189, -38.0585 ], [ 145.1269, -38.0558 ], [ 145.1267, -38.0555 ], [ 145.1289, -38.0547 ], [ 145.1281, -38.0544 ], [ 145.1332, -38.0527 ], [ 145.1397, -38.0647 ], [ 145.1349, -38.0687 ], [ 145.1309, -38.0694 ], [ 145.1282, -38.0702 ], [ 145.1205, -38.0733 ], [ 145.1194, -38.0721 ], [ 145.1181, -38.0665 ], [ 145.116, -38.0601 ] ] ] } },
{ "type": "Feature", "properties": { "loc_pid": "loced6917ed9b9b", "suburb": "Boneo", "join_key": "BONEO" }, "geometry": { "type": "Polygon", "coordinates": [ [ [ 144.8561, -38.394 ], [ 144.8566, -38.386 ], [ 144.8578, -38.383 ], [ 144.8579, -38.3805 ], [ 144.8609, -38.3816 ], [ 144.8794, -38.3821 ], [ 144.8792, -38.3862 ], [ 144.8926, -38.3867 ], [ 144.8962, -38.3871 ], [ 144.9028, -38.3891 ], [ 144.9048, -38.3847 ], [ 144.9064, -38.3833 ], [ 144.9075, -38.3841 ], [ 144.9101, -38.3845 ], [ 144.9105, -38.3852 ], [ 144.9125, -38.3863 ], [ 144.9133, -38.3861 ], [ 144.9138, -38.3865 ], [ 144.9157, -38.3869 ], [ 144.9163, -38.3875 ], [ 144.918, -38.3881 ], [ 144.9219, -38.3904 ], [ 144.9232, -38.3908 ], [ 144.9259, -38.3908 ], [ 144.927, -38.3921 ], [ 144.9283, -38.3928 ], [ 144.9312, -38.3924 ], [ 144.9315, -38.3918 ], [ 144.9368, -38.3919 ], [ 144.9365, -38.3977 ], [ 144.9369, -38.3979 ], [ 144.9362, -38.414 ], [ 144.9355, -38.4141 ], [ 144.9376, -38.417 ], [ 144.9435, -38.4235 ], [ 144.9481, -38.4252 ], [ 144.9529, -38.426 ], [ 144.9529, -38.4271 ], [ 144.9541, -38.4274 ], [ 144.9529, -38.4283 ], [ 144.9537, -38.4289 ], [ 144.954, -38.4304 ], [ 144.9536, -38.4312 ], [ 144.9541, -38.4312 ], [ 144.9545, -38.4328 ], [ 144.9542, -38.4332 ], [ 144.9551, -38.4339 ], [ 144.9547, -38.4348 ], [ 144.9552, -38.435 ], [ 144.9535, -38.435 ], [ 144.9518, -38.4358 ], [ 144.9492, -38.4356 ], [ 144.9488, -38.4349 ], [ 144.9419, -38.4347 ], [ 144.9419, -38.4363 ], [ 144.8743, -38.4344 ], [ 144.8772, -38.4305 ], [ 144.884, -38.4291 ], [ 144.8833, -38.4273 ], [ 144.8817, -38.4252 ], [ 144.882, -38.4228 ], [ 144.8816, -38.4203 ], [ 144.8804, -38.4203 ], [ 144.8808, -38.4125 ], [ 144.8747, -38.4123 ], [ 144.8718, -38.4118 ], [ 144.8684, -38.4121 ], [ 144.8662, -38.4049 ], [ 144.8616, -38.4023 ], [ 144.8588, -38.3987 ], [ 144.8561, -38.394 ] ] ] } },
{ "type": "Feature", "properties": { "loc_pid": "loccaf1b7ac7ed3", "suburb": "Bonnie Brook", "join_key": "BONNIE BROOK" }, "geometry": { "type": "Polygon", "coordinates": [ [ [ 144.6362, -37.6957 ], [ 144.6364, -37.6952 ], [ 144.6373, -37.6952 ], [ 144.6374, -37.694 ], [ 144.6385, -37.6939 ], [ 144.638, -37.6928 ], [ 144.6393, -37.6924 ], [ 144.6388, -37.6903 ], [ 144.6396, -37.6905 ], [ 144.6398, -37.6903 ], [ 144.6393, -37.6899 ], [ 144.6405, -37.69 ], [ 144.6409, -37.6875 ], [ 144.6407, -37.6872 ], [ 144.6397, -37.6873 ], [ 144.6392, -37.6864 ], [ 144.6393, -37.6859 ], [ 144.6387, -37.6854 ], [ 144.6387, -37.6847 ], [ 144.6378, -37.6841 ], [ 144.6377, -37.6829 ], [ 144.6372, -37.6824 ], [ 144.6382, -37.6818 ], [ 144.6381, -37.6814 ], [ 144.6375, -37.6811 ], [ 144.6387, -37.6803 ], [ 144.6396, -37.6801 ], [ 144.6445, -37.6806 ], [ 144.6618, -37.6832 ], [ 144.6972, -37.6872 ], [ 144.6925, -37.7166 ], [ 144.6853, -37.7157 ], [ 144.6842, -37.7204 ], [ 144.6838, -37.7196 ], [ 144.6815, -37.7186 ], [ 144.6806, -37.7172 ], [ 144.679, -37.716 ], [ 144.6796, -37.7133 ], [ 144.6788, -37.7122 ], [ 144.6777, -37.7113 ], [ 144.6757, -37.711 ], [ 144.6743, -37.71 ], [ 144.6737, -37.7083 ], [ 144.6719, -37.7086 ], [ 144.6713, -37.7081 ], [ 144.67, -37.7077 ], [ 144.6673, -37.7052 ], [ 144.6654, -37.7045 ], [ 144.6652, -37.7033 ], [ 144.6641, -37.7023 ], [ 144.6641, -37.7019 ], [ 144.6632, -37.7019 ], [ 144.6628, -37.7024 ], [ 144.6624, -37.7024 ], [ 144.6616, -37.7015 ], [ 144.6607, -37.7018 ], [ 144.6603, -37.7024 ], [ 144.6604, -37.7015 ], [ 144.6596, -37.7016 ], [ 144.659, -37.7013 ], [ 144.6593, -37.7005 ], [ 144.659, -37.7001 ], [ 144.6587, -37.7001 ], [ 144.6586, -37.7007 ], [ 144.658, -37.7007 ], [ 144.658, -37.7002 ], [ 144.6568, -37.7002 ], [ 144.6571, -37.6997 ], [ 144.6568, -37.6994 ], [ 144.6552, -37.7001 ], [ 144.6552, -37.6993 ], [ 144.6541, -37.6994 ], [ 144.6535, -37.6987 ], [ 144.6527, -37.6987 ], [ 144.6526, -37.6992 ], [ 144.6517, -37.6994 ], [ 144.6515, -37.6992 ], [ 144.6505, -37.7 ], [ 144.6486, -37.6999 ], [ 144.6485, -37.7004 ], [ 144.6475, -37.7011 ], [ 144.6463, -37.7014 ], [ 144.6461, -37.7017 ], [ 144.6458, -37.7017 ], [ 144.6459, -37.7013 ], [ 144.6454, -37.7013 ], [ 144.6444, -37.7022 ], [ 144.6436, -37.7014 ], [ 144.6427, -37.7016 ], [ 144.6418, -37.7013 ], [ 144.6422, -37.7011 ], [ 144.642, -37.7008 ], [ 144.6411, -37.7006 ], [ 144.6418, -37.6999 ], [ 144.6414, -37.6997 ], [ 144.6417, -37.6993 ], [ 144.6414, -37.6988 ], [ 144.6401, -37.6988 ], [ 144.6389, -37.6979 ], [ 144.6375, -37.6976 ], [ 144.6365, -37.6967 ], [ 144.6362, -37.6957 ] ] ] } },
{ "type": "Feature", "properties": { "loc_pid": "loc7d9d9818d4b9", "suburb": "Boronia", "join_key": "BORONIA" }, "geometry": { "type": "Polygon", "coordinates": [ [ [ 145.2504, -37.8683 ], [ 145.2506, -37.868 ], [ 145.2528, -37.8687 ], [ 145.2539, -37.8665 ], [ 145.2524, -37.866 ], [ 145.2526, -37.8652 ], [ 145.253, -37.8654 ], [ 145.2532, -37.8651 ], [ 145.2527, -37.8649 ], [ 145.2536, -37.8632 ], [ 145.2531, -37.8624 ], [ 145.2526, -37.8626 ], [ 145.2524, -37.8622 ], [ 145.2529, -37.8621 ], [ 145.2527, -37.8616 ], [ 145.2522, -37.8618 ], [ 145.252, -37.8613 ], [ 145.2524, -37.8612 ], [ 145.2522, -37.8603 ], [ 145.253, -37.8587 ], [ 145.2541, -37.8589 ], [ 145.2544, -37.8585 ], [ 145.2545, -37.8581 ], [ 145.2535, -37.8578 ], [ 145.2543, -37.8563 ], [ 145.2563, -37.8569 ], [ 145.2569, -37.8564 ], [ 145.2622, -37.8581 ], [ 145.262, -37.8588 ], [ 145.2626, -37.859 ], [ 145.2634, -37.8585 ], [ 145.2666, -37.8596 ], [ 145.2671, -37.8571 ], [ 145.2677, -37.8572 ], [ 145.268, -37.8557 ], [ 145.2675, -37.8557 ], [ 145.2676, -37.8535 ], [ 145.268, -37.8535 ], [ 145.268, -37.8532 ], [ 145.2685, -37.8533 ], [ 145.2685, -37.8529 ], [ 145.269, -37.8529 ], [ 145.2692, -37.8525 ], [ 145.2718, -37.8528 ], [ 145.2719, -37.8533 ], [ 145.2725, -37.8534 ], [ 145.2727, -37.853 ], [ 145.2733, -37.853 ], [ 145.2734, -37.8526 ], [ 145.2739, -37.8528 ], [ 145.2738, -37.853 ], [ 145.2783, -37.8536 ], [ 145.2782, -37.854 ], [ 145.2793, -37.8542 ], [ 145.2796, -37.8536 ], [ 145.2778, -37.8517 ], [ 145.2783, -37.8518 ], [ 145.2777, -37.8511 ], [ 145.2783, -37.8507 ], [ 145.2862, -37.8518 ], [ 145.2873, -37.8333 ], [ 145.2941, -37.8343 ], [ 145.3089, -37.8417 ], [ 145.3087, -37.8427 ], [ 145.318, -37.8439 ], [ 145.3178, -37.8449 ], [ 145.3135, -37.8471 ], [ 145.307, -37.85 ], [ 145.3064, -37.8497 ], [ 145.3048, -37.8504 ], [ 145.3035, -37.8505 ], [ 145.3027, -37.8509 ], [ 145.302, -37.8508 ], [ 145.3022, -37.8511 ], [ 145.3015, -37.8513 ], [ 145.3015, -37.8516 ], [ 145.2994, -37.8524 ], [ 145.2992, -37.8522 ], [ 145.299, -37.8525 ], [ 145.299, -37.8531 ], [ 145.3052, -37.8591 ], [ 145.305, -37.8594 ], [ 145.304, -37.8596 ], [ 145.3033, -37.8603 ], [ 145.3039, -37.8609 ], [ 145.3044, -37.8608 ], [ 145.3047, -37.8611 ], [ 145.3059, -37.861 ], [ 145.3059, -37.8612 ], [ 145.3067, -37.8606 ], [ 145.3074, -37.8614 ], [ 145.3071, -37.8614 ], [ 145.3069, -37.8627 ], [ 145.3061, -37.8629 ], [ 145.306, -37.8632 ], [ 145.3039, -37.8629 ], [ 145.3038, -37.8634 ], [ 145.3022, -37.8642 ], [ 145.3034, -37.8664 ], [ 145.3054, -37.8677 ], [ 145.3053, -37.8683 ], [ 145.3059, -37.8685 ], [ 145.3062, -37.869 ], [ 145.3058, -37.8697 ], [ 145.3048, -37.8696 ], [ 145.3043, -37.8699 ], [ 145.3031, -37.869 ], [ 145.3035, -37.8688 ], [ 145.3026, -37.8686 ], [ 145.3014, -37.8677 ], [ 145.2985, -37.867 ], [ 145.2985, -37.8699 ], [ 145.2972, -37.8697 ], [ 145.2932, -37.8681 ], [ 145.2926, -37.8695 ], [ 145.2893, -37.8715 ], [ 145.291, -37.8734 ], [ 145.29, -37.8742 ], [ 145.289, -37.8743 ], [ 145.2865, -37.8739 ], [ 145.2861, -37.8742 ], [ 145.2854, -37.8742 ], [ 145.2841, -37.8733 ], [ 145.2823, -37.8731 ], [ 145.281, -37.8707 ], [ 145.2798, -37.8694 ], [ 145.2777, -37.8684 ], [ 145.2764, -37.8686 ], [ 145.2754, -37.868 ], [ 145.2742, -37.8678 ], [ 145.274, -37.8681 ], [ 145.2733, -37.8676 ], [ 145.2728, -37.8676 ], [ 145.2724, -37.8681 ], [ 145.2713, -37.8681 ], [ 145.2699, -37.8686 ], [ 145.2664, -37.8673 ], [ 145.2626, -37.868 ], [ 145.2621, -37.869 ], [ 145.2615, -37.8692 ], [ 145.2592, -37.869 ], [ 145.2577, -37.8685 ], [ 145.2568, -37.8687 ], [ 145.2555, -37.8695 ], [ 145.2543, -37.8695 ], [ 145.2504, -37.8683 ] ] ] } },
{ "type": "Feature", "properties": { "loc_pid": "locc24586754a19", "suburb": "Botanic Ridge", "join_key": "BOTANIC RIDGE" }, "geometry": { "type": "Polygon", "coordinates": [ [ [ 145.2455, -38.1479 ], [ 145.2499, -38.1248 ], [ 145.2492, -38.1241 ], [ 145.2683, -38.1265 ], [ 145.2577, -38.1328 ], [ 145.2656, -38.141 ], [ 145.2654, -38.1421 ], [ 145.2709, -38.1427 ], [ 145.2707, -38.1439 ], [ 145.279, -38.1448 ], [ 145.2794, -38.1426 ], [ 145.2836, -38.143 ], [ 145.2841, -38.1403 ], [ 145.2935, -38.1414 ], [ 145.2912, -38.1535 ], [ 145.2455, -38.1479 ] ] ] } },
{ "type": "Feature", "properties": { "loc_pid": "loca5de38b84720", "suburb": "Box Hill", "join_key": "BOX HILL" }, "geometry": { "type": "Polygon", "coordinates": [ [ [ 145.1129, -37.8277 ], [ 145.1158, -37.8126 ], [ 145.1395, -37.8154 ], [ 145.1386, -37.8198 ], [ 145.1383, -37.8199 ], [ 145.1363, -37.8304 ], [ 145.1129, -37.8277 ] ] ] } },
{ "type": "Feature", "properties": { "loc_pid": "locc89665bfa152", "suburb": "Box Hill North", "join_key": "BOX HILL NORTH" }, "geometry": { "type": "Polygon", "coordinates": [ [ [ 145.1158, -37.8126 ], [ 145.1188, -37.7963 ], [ 145.119, -37.7967 ], [ 145.1204, -37.7974 ], [ 145.1205, -37.7978 ], [ 145.1213, -37.798 ], [ 145.122, -37.7977 ], [ 145.1235, -37.7986 ], [ 145.1242, -37.7988 ], [ 145.1245, -37.7985 ], [ 145.125, -37.7989 ], [ 145.1253, -37.7983 ], [ 145.1261, -37.7984 ], [ 145.127, -37.7976 ], [ 145.1282, -37.7975 ], [ 145.1283, -37.7971 ], [ 145.1292, -37.7968 ], [ 145.13, -37.796 ], [ 145.131, -37.796 ], [ 145.1311, -37.7955 ], [ 145.1313, -37.7957 ], [ 145.1324, -37.7953 ], [ 145.133, -37.7954 ], [ 145.1329, -37.796 ], [ 145.1334, -37.7963 ], [ 145.1354, -37.7961 ], [ 145.1356, -37.7965 ], [ 145.1367, -37.7964 ], [ 145.1367, -37.7967 ], [ 145.1372, -37.7969 ], [ 145.1368, -37.7977 ], [ 145.1372, -37.7976 ], [ 145.1375, -37.7979 ], [ 145.1371, -37.7982 ], [ 145.1395, -37.798 ], [ 145.1404, -37.7974 ], [ 145.1409, -37.7974 ], [ 145.1413, -37.7969 ], [ 145.1426, -37.7973 ], [ 145.1395, -37.8154 ], [ 145.1158, -37.8126 ] ] ] } },
{ "type": "Feature", "properties": { "loc_pid": "loc6ae7eaa3c1f3", "suburb": "Box Hill South", "join_key": "BOX HILL SOUTH" }, "geometry": { "type": "Polygon", "coordinates": [ [ [ 145.1102, -37.8431 ], [ 145.1122, -37.8332 ], [ 145.1129, -37.8277 ], [ 145.1363, -37.8304 ], [ 145.1335, -37.8458 ], [ 145.121, -37.8444 ], [ 145.1215, -37.8412 ], [ 145.1199, -37.8413 ], [ 145.1187, -37.8428 ], [ 145.1176, -37.8429 ], [ 145.1167, -37.8435 ], [ 145.1168, -37.8438 ], [ 145.1102, -37.8431 ] ] ] } },
{ "type": "Feature", "properties": { "loc_pid": "loc0ea7f7dc5047", "suburb": "Braeside", "join_key": "BRAESIDE" }, "geometry": { "type": "Polygon", "coordinates": [ [ [ 145.1034, -38.0119 ], [ 145.1075, -37.9892 ], [ 145.1089, -37.9876 ], [ 145.1092, -37.9866 ], [ 145.1447, -37.9909 ], [ 145.1408, -38.0107 ], [ 145.1359, -38.0111 ], [ 145.1208, -38.0093 ], [ 145.1194, -38.0163 ], [ 145.1034, -38.0119 ] ] ] } },
{ "type": "Feature", "properties": { "loc_pid": "loc01478eda4021", "suburb": "Braybrook", "join_key": "BRAYBROOK" }, "geometry": { "type": "Polygon", "coordinates": [ [ [ 144.8418, -37.7964 ], [ 144.8423, -37.7957 ], [ 144.8438, -37.7952 ], [ 144.8444, -37.7944 ], [ 144.8444, -37.7938 ], [ 144.8448, -37.7936 ], [ 144.8482, -37.7731 ], [ 144.8506, -37.7734 ], [ 144.8512, -37.7699 ], [ 144.8518, -37.7723 ], [ 144.8526, -37.7732 ], [ 144.8539, -37.774 ], [ 144.8553, -37.7743 ], [ 144.8577, -37.7758 ], [ 144.8607, -37.7762 ], [ 144.8628, -37.7747 ], [ 144.864, -37.7742 ], [ 144.8635, -37.7765 ], [ 144.8641, -37.7766 ], [ 144.8639, -37.7777 ], [ 144.8659, -37.778 ], [ 144.8621, -37.7995 ], [ 144.8428, -37.7974 ], [ 144.842, -37.797 ], [ 144.8418, -37.7964 ] ] ] } },
{ "type": "Feature", "properties": { "loc_pid": "locf1ab93029011", "suburb": "Briar Hill", "join_key": "BRIAR HILL" }, "geometry": { "type": "Polygon", "coordinates": [ [ [ 145.1107, -37.7071 ], [ 145.1118, -37.7067 ], [ 145.1126, -37.7056 ], [ 145.1166, -37.7061 ], [ 145.1157, -37.7018 ], [ 145.1148, -37.6999 ], [ 145.1202, -37.7003 ], [ 145.1221, -37.7008 ], [ 145.1236, -37.7023 ], [ 145.1251, -37.7028 ], [ 145.1261, -37.7038 ], [ 145.1304, -37.7059 ], [ 145.1326, -37.7097 ], [ 145.1318, -37.7097 ], [ 145.1319, -37.7101 ], [ 145.1315, -37.71 ], [ 145.1314, -37.7096 ], [ 145.1302, -37.7095 ], [ 145.1301, -37.7102 ], [ 145.1289, -37.7106 ], [ 145.1287, -37.7097 ], [ 145.1268, -37.7098 ], [ 145.127, -37.7091 ], [ 145.1264, -37.7092 ], [ 145.1262, -37.7098 ], [ 145.1252, -37.7096 ], [ 145.1251, -37.709 ], [ 145.1245, -37.709 ], [ 145.1245, -37.7093 ], [ 145.1232, -37.7091 ], [ 145.1229, -37.7096 ], [ 145.1225, -37.7096 ], [ 145.1226, -37.7091 ], [ 145.1222, -37.709 ], [ 145.1222, -37.7087 ], [ 145.1219, -37.7087 ], [ 145.1218, -37.7092 ], [ 145.1211, -37.7092 ], [ 145.1206, -37.7088 ], [ 145.1205, -37.7095 ], [ 145.1198, -37.7096 ], [ 145.1199, -37.7102 ], [ 145.1188, -37.7107 ], [ 145.119, -37.711 ], [ 145.1171, -37.7116 ], [ 145.1169, -37.7114 ], [ 145.1153, -37.7123 ], [ 145.1132, -37.7094 ], [ 145.1107, -37.7071 ] ] ] } },
{ "type": "Feature", "properties": { "loc_pid": "loc3319215a0a10", "suburb": "Brighton", "join_key": "BRIGHTON" }, "geometry": { "type": "Polygon", "coordinates": [ [ [ 144.98, -37.9053 ], [ 144.984, -37.9033 ], [ 144.9834, -37.9023 ], [ 144.9834, -37.9013 ], [ 144.984, -37.8993 ], [ 144.9858, -37.8969 ], [ 144.9859, -37.8936 ], [ 144.9848, -37.891 ], [ 144.9907, -37.8917 ], [ 144.9923, -37.8833 ], [ 144.9969, -37.8838 ], [ 145.001, -37.8886 ], [ 145.0057, -37.8976 ], [ 145.0079, -37.9052 ], [ 145.0087, -37.9066 ], [ 145.0085, -37.9095 ], [ 145.0073, -37.9156 ], [ 145.0071, -37.916 ], [ 145.0066, -37.9159 ], [ 145.0072, -37.9161 ], [ 145.0066, -37.9204 ], [ 145.0063, -37.9205 ], [ 145.0061, -37.9219 ], [ 145.0055, -37.9218 ], [ 145.0061, -37.922 ], [ 145.0061, -37.9222 ], [ 145.0058, -37.9221 ], [ 145.006, -37.9229 ], [ 145.0053, -37.923 ], [ 145.0052, -37.9233 ], [ 145.0059, -37.9234 ], [ 145.0055, -37.924 ], [ 145.0049, -37.928 ], [ 145.0051, -37.9284 ], [ 145.0048, -37.9283 ], [ 145.0047, -37.9294 ], [ 145.004, -37.9293 ], [ 145.004, -37.9296 ], [ 145.0033, -37.9299 ], [ 144.9996, -37.9293 ], [ 144.9988, -37.9296 ], [ 144.9984, -37.9295 ], [ 144.9985, -37.9292 ], [ 144.996, -37.9287 ], [ 144.9955, -37.9292 ], [ 144.9952, -37.9292 ], [ 144.9952, -37.9289 ], [ 144.994, -37.9288 ], [ 144.9932, -37.9328 ], [ 144.9887, -37.928 ], [ 144.9861, -37.9262 ], [ 144.9856, -37.9266 ], [ 144.9858, -37.9239 ], [ 144.9865, -37.9239 ], [ 144.9867, -37.9235 ], [ 144.9862, -37.9223 ], [ 144.9866, -37.9223 ], [ 144.9871, -37.9218 ], [ 144.9875, -37.9201 ], [ 144.9869, -37.9184 ], [ 144.9861, -37.9175 ], [ 144.9865, -37.9171 ], [ 144.9865, -37.915 ], [ 144.9847, -37.912 ], [ 144.9851, -37.9104 ], [ 144.9835, -37.9098 ], [ 144.9837, -37.9094 ], [ 144.9853, -37.9097 ], [ 144.981, -37.9083 ], [ 144.9802, -37.9075 ], [ 144.98, -37.9053 ] ] ] } },
{ "type": "Feature", "properties": { "loc_pid": "loc65b04ce00376", "suburb": "Brighton East", "join_key": "BRIGHTON EAST" }, "geometry": { "type": "Polygon", "coordinates": [ [ [ 145.0045, -37.93 ], [ 145.0048, -37.9283 ], [ 145.0051, -37.9284 ], [ 145.0049, -37.928 ], [ 145.0055, -37.924 ], [ 145.0059, -37.9234 ], [ 145.0052, -37.9233 ], [ 145.0053, -37.923 ], [ 145.006, -37.9229 ], [ 145.0058, -37.9221 ], [ 145.0061, -37.9222 ], [ 145.0055, -37.9218 ], [ 145.0061, -37.9219 ], [ 145.0063, -37.9205 ], [ 145.0066, -37.9204 ], [ 145.0067, -37.9184 ], [ 145.007, -37.9182 ], [ 145.0068, -37.9174 ], [ 145.0072, -37.9161 ], [ 145.0066, -37.916 ], [ 145.0066, -37.9159 ], [ 145.0071, -37.916 ], [ 145.0073, -37.9156 ], [ 145.0087, -37.9082 ], [ 145.0087, -37.9066 ], [ 145.0079, -37.9052 ], [ 145.0063, -37.8998 ], [ 145.026, -37.9022 ], [ 145.0259, -37.9027 ], [ 145.0264, -37.9027 ], [ 145.0259, -37.9062 ], [ 145.0249, -37.9107 ], [ 145.0245, -37.9113 ], [ 145.0239, -37.9162 ], [ 145.0233, -37.9162 ], [ 145.0232, -37.9166 ], [ 145.0237, -37.9166 ], [ 145.0239, -37.9171 ], [ 145.0237, -37.917 ], [ 145.0234, -37.9186 ], [ 145.0261, -37.9189 ], [ 145.0255, -37.9207 ], [ 145.0225, -37.9203 ], [ 145.0225, -37.9206 ], [ 145.0344, -37.933 ], [ 145.0249, -37.9318 ], [ 145.0244, -37.9318 ], [ 145.0243, -37.9323 ], [ 145.0238, -37.9323 ], [ 145.0083, -37.9304 ], [ 145.0086, -37.9309 ], [ 145.006, -37.9306 ], [ 145.0061, -37.9301 ], [ 145.0045, -37.93 ] ] ] } },
{ "type": "Feature", "properties": { "loc_pid": "loc74f8893fb76e", "suburb": "Broadmeadows", "join_key": "BROADMEADOWS" }, "geometry": { "type": "Polygon", "coordinates": [ [ [ 144.9033, -37.681 ], [ 144.9048, -37.6784 ], [ 144.9061, -37.6771 ], [ 144.9078, -37.6772 ], [ 144.91, -37.6758 ], [ 144.9115, -37.6756 ], [ 144.912, -37.6752 ], [ 144.9122, -37.6744 ], [ 144.9136, -37.6741 ], [ 144.9143, -37.6726 ], [ 144.9151, -37.6725 ], [ 144.9153, -37.6721 ], [ 144.9161, -37.6718 ], [ 144.9159, -37.6708 ], [ 144.9164, -37.6701 ], [ 144.9167, -37.6678 ], [ 144.9173, -37.6672 ], [ 144.918, -37.6671 ], [ 144.9198, -37.666 ], [ 144.9197, -37.665 ], [ 144.9191, -37.6647 ], [ 144.9187, -37.6631 ], [ 144.9255, -37.6642 ], [ 144.9233, -37.6752 ], [ 144.9375, -37.677 ], [ 144.9374, -37.6783 ], [ 144.9387, -37.6778 ], [ 144.9396, -37.673 ], [ 144.95, -37.6742 ], [ 144.952, -37.6791 ], [ 144.9552, -37.6836 ], [ 144.957, -37.6919 ], [ 144.9402, -37.6928 ], [ 144.9339, -37.6937 ], [ 144.9241, -37.6944 ], [ 144.9177, -37.6947 ], [ 144.9153, -37.6944 ], [ 144.9155, -37.6911 ], [ 144.9174, -37.6849 ], [ 144.9143, -37.6842 ], [ 144.9129, -37.6829 ], [ 144.9111, -37.682 ], [ 144.9033, -37.681 ] ] ] } },
{ "type": "Feature", "properties": { "loc_pid": "loc29841cc6d6f1", "suburb": "Brookfield", "join_key": "BROOKFIELD" }, "geometry": { "type": "Polygon", "coordinates": [ [ [ 144.5144, -37.6865 ], [ 144.5147, -37.6856 ], [ 144.5168, -37.6872 ], [ 144.5183, -37.6877 ], [ 144.52, -37.6877 ], [ 144.5222, -37.6872 ], [ 144.5319, -37.6866 ], [ 144.5671, -37.6902 ], [ 144.5644, -37.7045 ], [ 144.5507, -37.7148 ], [ 144.5478, -37.7159 ], [ 144.5412, -37.7167 ], [ 144.5402, -37.7156 ], [ 144.5373, -37.7138 ], [ 144.5372, -37.7104 ], [ 144.535, -37.7074 ], [ 144.5336, -37.7069 ], [ 144.5313, -37.7071 ], [ 144.5254, -37.7088 ], [ 144.5236, -37.709 ], [ 144.5231, -37.7088 ], [ 144.5202, -37.7051 ], [ 144.5198, -37.7035 ], [ 144.5195, -37.7033 ], [ 144.519, -37.7035 ], [ 144.5181, -37.7024 ], [ 144.5191, -37.7023 ], [ 144.5192, -37.7018 ], [ 144.5186, -37.7013 ], [ 144.5178, -37.7012 ], [ 144.517, -37.6991 ], [ 144.5167, -37.6989 ], [ 144.5161, -37.6992 ], [ 144.5148, -37.6979 ], [ 144.515, -37.6964 ], [ 144.5159, -37.696 ], [ 144.5165, -37.6951 ], [ 144.5166, -37.6933 ], [ 144.5173, -37.6927 ], [ 144.5178, -37.6927 ], [ 144.5179, -37.6922 ], [ 144.5169, -37.6906 ], [ 144.5168, -37.6892 ], [ 144.5164, -37.6889 ], [ 144.516, -37.6873 ], [ 144.5144, -37.6865 ] ] ] } },
{ "type": "Feature", "properties": { "loc_pid": "loc41819ba29eb2", "suburb": "Brooklyn", "join_key": "BROOKLYN" }, "geometry": { "type": "Polygon", "coordinates": [ [ [ 144.8208, -37.826 ], [ 144.8246, -37.8237 ], [ 144.8275, -37.8228 ], [ 144.8264, -37.8218 ], [ 144.8255, -37.8202 ], [ 144.8251, -37.8181 ], [ 144.8263, -37.817 ], [ 144.8282, -37.8163 ], [ 144.8288, -37.8157 ], [ 144.8289, -37.8147 ], [ 144.8281, -37.8135 ], [ 144.8285, -37.8116 ], [ 144.8292, -37.811 ], [ 144.8307, -37.8105 ], [ 144.8314, -37.8093 ], [ 144.833, -37.8082 ], [ 144.8347, -37.8063 ], [ 144.8346, -37.8052 ], [ 144.833, -37.8029 ], [ 144.8386, -37.8023 ], [ 144.8438, -37.8029 ], [ 144.8559, -37.8149 ], [ 144.8598, -37.8138 ], [ 144.8591, -37.8185 ], [ 144.8576, -37.8246 ], [ 144.847, -37.8248 ], [ 144.8389, -37.8255 ], [ 144.8225, -37.8257 ], [ 144.8208, -37.826 ] ] ] } },
{ "type": "Feature", "properties": { "loc_pid": "loca4f3a116d4ba", "suburb": "Brunswick", "join_key": "BRUNSWICK" }, "geometry": { "type": "Polygon", "coordinates": [ [ [ 144.9487, -37.7696 ], [ 144.949, -37.7682 ], [ 144.9495, -37.7677 ], [ 144.9492, -37.7676 ], [ 144.9493, -37.7669 ], [ 144.9499, -37.767 ], [ 144.95, -37.7666 ], [ 144.9495, -37.7664 ], [ 144.9497, -37.7655 ], [ 144.9493, -37.7655 ], [ 144.9494, -37.7646 ], [ 144.95, -37.7647 ], [ 144.9501, -37.7643 ], [ 144.9503, -37.7631 ], [ 144.95, -37.7628 ], [ 144.9507, -37.7605 ], [ 144.9502, -37.7602 ], [ 144.9503, -37.759 ], [ 144.9506, -37.759 ], [ 144.9512, -37.7559 ], [ 144.9522, -37.7559 ], [ 144.9522, -37.7555 ], [ 144.9532, -37.7554 ], [ 144.9539, -37.7542 ], [ 144.977, -37.7569 ], [ 144.9766, -37.759 ], [ 144.974, -37.7587 ], [ 144.9733, -37.762 ], [ 144.9724, -37.7619 ], [ 144.9724, -37.7623 ], [ 144.9729, -37.7623 ], [ 144.9722, -37.7657 ], [ 144.9726, -37.7657 ], [ 144.972, -37.7665 ], [ 144.972, -37.7681 ], [ 144.9715, -37.7695 ], [ 144.9715, -37.7699 ], [ 144.972, -37.7699 ], [ 144.9719, -37.7706 ], [ 144.9712, -37.7705 ], [ 144.9713, -37.7714 ], [ 144.9709, -37.7713 ], [ 144.9708, -37.7717 ], [ 144.9711, -37.772 ], [ 144.9706, -37.7744 ], [ 144.9708, -37.7758 ], [ 144.9705, -37.7758 ], [ 144.9706, -37.777 ], [ 144.9702, -37.7776 ], [ 144.9702, -37.7782 ], [ 144.9707, -37.7783 ], [ 144.9706, -37.7792 ], [ 144.9497, -37.7768 ], [ 144.9489, -37.7757 ], [ 144.9493, -37.7754 ], [ 144.9493, -37.7743 ], [ 144.9497, -37.7742 ], [ 144.9503, -37.7702 ], [ 144.9495, -37.7701 ], [ 144.9496, -37.7697 ], [ 144.9487, -37.7696 ] ] ] } },
{ "type": "Feature", "properties": { "loc_pid": "loc79e45c9fa669", "suburb": "Brunswick East", "join_key": "BRUNSWICK EAST" }, "geometry": { "type": "Polygon", "coordinates": [ [ [ 144.9702, -37.7782 ], [ 144.9706, -37.777 ], [ 144.9705, -37.7758 ], [ 144.9708, -37.7758 ], [ 144.9706, -37.7744 ], [ 144.9711, -37.772 ], [ 144.9708, -37.7717 ], [ 144.9709, -37.7713 ], [ 144.9713, -37.7714 ], [ 144.9712, -37.7705 ], [ 144.9719, -37.7706 ], [ 144.972, -37.7699 ], [ 144.9715, -37.7699 ], [ 144.9715, -37.7695 ], [ 144.972, -37.7681 ], [ 144.972, -37.7665 ], [ 144.9726, -37.7657 ], [ 144.9722, -37.7657 ], [ 144.9729, -37.7623 ], [ 144.9724, -37.7623 ], [ 144.9724, -37.7619 ], [ 144.9733, -37.762 ], [ 144.974, -37.7587 ], [ 144.9766, -37.759 ], [ 144.977, -37.7569 ], [ 144.9802, -37.7573 ], [ 144.9802, -37.758 ], [ 144.9818, -37.7605 ], [ 144.9832, -37.7616 ], [ 144.9827, -37.7621 ], [ 144.9816, -37.7622 ], [ 144.9816, -37.7631 ], [ 144.9823, -37.7636 ], [ 144.9837, -37.7638 ], [ 144.9843, -37.7651 ], [ 144.9856, -37.7662 ], [ 144.9856, -37.7665 ], [ 144.9845, -37.7672 ], [ 144.9842, -37.7706 ], [ 144.9848, -37.7717 ], [ 144.9868, -37.7737 ], [ 144.9868, -37.7743 ], [ 144.9834, -37.7741 ], [ 144.9834, -37.7735 ], [ 144.9793, -37.773 ], [ 144.9781, -37.7801 ], [ 144.9706, -37.7792 ], [ 144.9707, -37.7783 ], [ 144.9702, -37.7782 ] ] ] } },
{ "type": "Feature", "properties": { "loc_pid": "loc11b2a92fb5f0", "suburb": "Brunswick West", "join_key": "BRUNSWICK WEST" }, "geometry": { "type": "Polygon", "coordinates": [ [ [ 144.9267, -37.7515 ], [ 144.927, -37.7511 ], [ 144.9539, -37.7542 ], [ 144.9532, -37.7554 ], [ 144.9522, -37.7555 ], [ 144.9522, -37.7559 ], [ 144.9512, -37.7559 ], [ 144.9506, -37.759 ], [ 144.9503, -37.759 ], [ 144.9502, -37.7602 ], [ 144.9507, -37.7605 ], [ 144.95, -37.7628 ], [ 144.9503, -37.7631 ], [ 144.95, -37.7647 ], [ 144.9494, -37.7646 ], [ 144.9493, -37.7655 ], [ 144.9497, -37.7655 ], [ 144.9495, -37.7664 ], [ 144.95, -37.7666 ], [ 144.9499, -37.767 ], [ 144.9493, -37.7669 ], [ 144.9492, -37.7676 ], [ 144.9495, -37.7677 ], [ 144.949, -37.7682 ], [ 144.9487, -37.7696 ], [ 144.9496, -37.7697 ], [ 144.9495, -37.7701 ], [ 144.9503, -37.7702 ], [ 144.9497, -37.7742 ], [ 144.9493, -37.7743 ], [ 144.9493, -37.7754 ], [ 144.9489, -37.7757 ], [ 144.9497, -37.7768 ], [ 144.9389, -37.7755 ], [ 144.9391, -37.7745 ], [ 144.9366, -37.7738 ], [ 144.9384, -37.7719 ], [ 144.9383, -37.7713 ], [ 144.9377, -37.771 ], [ 144.9356, -37.771 ], [ 144.9352, -37.7707 ], [ 144.9356, -37.7698 ], [ 144.9376, -37.769 ], [ 144.9379, -37.7686 ], [ 144.9377, -37.767 ], [ 144.938, -37.7666 ], [ 144.9385, -37.761 ], [ 144.9368, -37.7602 ], [ 144.9358, -37.7601 ], [ 144.9348, -37.7606 ], [ 144.9341, -37.7606 ], [ 144.9341, -37.7596 ], [ 144.933, -37.7589 ], [ 144.9335, -37.7575 ], [ 144.9346, -37.7568 ], [ 144.9336, -37.755 ], [ 144.9349, -37.7542 ], [ 144.9349, -37.7532 ], [ 144.9336, -37.7532 ], [ 144.9323, -37.7526 ], [ 144.9319, -37.7532 ], [ 144.9305, -37.7537 ], [ 144.9297, -37.753 ], [ 144.9293, -37.7519 ], [ 144.9283, -37.7526 ], [ 144.927, -37.752 ], [ 144.9267, -37.7515 ] ] ] } },
{ "type": "Feature", "properties": { "loc_pid": "loc125dcdb1e951", "suburb": "Bulla", "join_key": "BULLA" }, "geometry": { "type": "Polygon", "coordinates": [ [ [ 144.76, -37.5986 ], [ 144.7601, -37.5826 ], [ 144.7682, -37.5837 ], [ 144.7684, -37.584 ], [ 144.7666, -37.5854 ], [ 144.7654, -37.5848 ], [ 144.7644, -37.5848 ], [ 144.7641, -37.5861 ], [ 144.7645, -37.5868 ], [ 144.7652, -37.5873 ], [ 144.7666, -37.5873 ], [ 144.7666, -37.5875 ], [ 144.7684, -37.5871 ], [ 144.7702, -37.5875 ], [ 144.77, -37.5896 ], [ 144.7703, -37.5903 ], [ 144.771, -37.5908 ], [ 144.7724, -37.5909 ], [ 144.7733, -37.5917 ], [ 144.7738, -37.5917 ], [ 144.7747, -37.5905 ], [ 144.7749, -37.5892 ], [ 144.777, -37.5891 ], [ 144.7787, -37.5895 ], [ 144.779, -37.5893 ], [ 144.779, -37.5885 ], [ 144.7795, -37.5882 ], [ 144.782, -37.5887 ], [ 144.783, -37.5896 ], [ 144.7809, -37.5901 ], [ 144.7804, -37.5907 ], [ 144.7805, -37.5914 ], [ 144.7813, -37.5922 ], [ 144.7823, -37.5944 ], [ 144.7835, -37.5936 ], [ 144.7841, -37.5944 ], [ 144.7852, -37.5951 ], [ 144.7849, -37.5957 ], [ 144.7829, -37.5965 ], [ 144.7823, -37.5975 ], [ 144.7826, -37.5978 ], [ 144.7836, -37.5977 ], [ 144.7835, -37.5974 ], [ 144.7843, -37.5969 ], [ 144.7871, -37.5965 ], [ 144.7884, -37.5991 ], [ 144.7884, -37.6016 ], [ 144.7873, -37.6037 ], [ 144.7872, -37.6052 ], [ 144.789, -37.6061 ], [ 144.7897, -37.6069 ], [ 144.7896, -37.6088 ], [ 144.7914, -37.6087 ], [ 144.7932, -37.609 ], [ 144.7935, -37.6093 ], [ 144.7933, -37.6099 ], [ 144.7919, -37.6112 ], [ 144.7922, -37.612 ], [ 144.793, -37.6121 ], [ 144.7937, -37.6117 ], [ 144.7953, -37.6097 ], [ 144.7959, -37.6097 ], [ 144.7979, -37.6109 ], [ 144.8005, -37.6118 ], [ 144.8009, -37.6091 ], [ 144.8013, -37.6089 ], [ 144.8024, -37.6094 ], [ 144.8041, -37.6094 ], [ 144.806, -37.6089 ], [ 144.8067, -37.6091 ], [ 144.8082, -37.6089 ], [ 144.8083, -37.6085 ], [ 144.8069, -37.6071 ], [ 144.8127, -37.607 ], [ 144.8215, -37.6081 ], [ 144.8184, -37.6276 ], [ 144.8364, -37.6296 ], [ 144.8348, -37.6361 ], [ 144.8349, -37.6379 ], [ 144.8339, -37.6442 ], [ 144.8289, -37.6432 ], [ 144.8231, -37.6426 ], [ 144.8159, -37.641 ], [ 144.8135, -37.6551 ], [ 144.8122, -37.6553 ], [ 144.8098, -37.6538 ], [ 144.8057, -37.6528 ], [ 144.8051, -37.6543 ], [ 144.8037, -37.6556 ], [ 144.8033, -37.6556 ], [ 144.8013, -37.6538 ], [ 144.8005, -37.6535 ], [ 144.7991, -37.6535 ], [ 144.7979, -37.6543 ], [ 144.7976, -37.6552 ], [ 144.7991, -37.6576 ], [ 144.8036, -37.6574 ], [ 144.8056, -37.6582 ], [ 144.8062, -37.6589 ], [ 144.8063, -37.6594 ], [ 144.805, -37.6603 ], [ 144.8007, -37.66 ], [ 144.7998, -37.6607 ], [ 144.8, -37.6612 ], [ 144.8015, -37.6617 ], [ 144.804, -37.6615 ], [ 144.8066, -37.6637 ], [ 144.8089, -37.665 ], [ 144.8079, -37.6657 ], [ 144.8041, -37.6654 ], [ 144.8024, -37.6663 ], [ 144.8027, -37.6683 ], [ 144.8047, -37.6695 ], [ 144.8036, -37.6696 ], [ 144.8022, -37.6711 ], [ 144.8017, -37.6712 ], [ 144.8024, -37.6737 ], [ 144.8012, -37.6755 ], [ 144.8008, -37.6754 ], [ 144.8012, -37.6742 ], [ 144.8008, -37.6738 ], [ 144.7998, -37.674 ], [ 144.7982, -37.6735 ], [ 144.7986, -37.6722 ], [ 144.7978, -37.6716 ], [ 144.7954, -37.6738 ], [ 144.7917, -37.6755 ], [ 144.7868, -37.6759 ], [ 144.7836, -37.6757 ], [ 144.7823, -37.675 ], [ 144.7814, -37.6753 ], [ 144.7809, -37.676 ], [ 144.7796, -37.6767 ], [ 144.7764, -37.6768 ], [ 144.7755, -37.6752 ], [ 144.7745, -37.6709 ], [ 144.7735, -37.6702 ], [ 144.7701, -37.6699 ], [ 144.7691, -37.6694 ], [ 144.7684, -37.6684 ], [ 144.7681, -37.6671 ], [ 144.7716, -37.6653 ], [ 144.7724, -37.6644 ], [ 144.7722, -37.664 ], [ 144.7677, -37.664 ], [ 144.7659, -37.6646 ], [ 144.7653, -37.665 ], [ 144.765, -37.6658 ], [ 144.7646, -37.6659 ], [ 144.7612, -37.661 ], [ 144.761, -37.66 ], [ 144.7615, -37.6588 ], [ 144.7622, -37.6587 ], [ 144.7638, -37.6601 ], [ 144.7648, -37.6603 ], [ 144.7657, -37.6602 ], [ 144.7676, -37.6593 ], [ 144.7688, -37.6582 ], [ 144.7684, -37.6578 ], [ 144.7675, -37.6578 ], [ 144.7653, -37.6582 ], [ 144.7637, -37.657 ], [ 144.7639, -37.6564 ], [ 144.766, -37.656 ], [ 144.7668, -37.6555 ], [ 144.7657, -37.6528 ], [ 144.7654, -37.6509 ], [ 144.7633, -37.6465 ], [ 144.7637, -37.6455 ], [ 144.7642, -37.6452 ], [ 144.7647, -37.6453 ], [ 144.7658, -37.6463 ], [ 144.766, -37.646 ], [ 144.7655, -37.6431 ], [ 144.7657, -37.6422 ], [ 144.7656, -37.6417 ], [ 144.7651, -37.6414 ], [ 144.7649, -37.6401 ], [ 144.7655, -37.6393 ], [ 144.7647, -37.6386 ], [ 144.7649, -37.6373 ], [ 144.7658, -37.6367 ], [ 144.7669, -37.6353 ], [ 144.7681, -37.6354 ], [ 144.7688, -37.635 ], [ 144.7696, -37.6301 ], [ 144.7703, -37.6294 ], [ 144.7771, -37.6245 ], [ 144.7784, -37.6253 ], [ 144.7788, -37.6251 ], [ 144.7786, -37.6235 ], [ 144.7762, -37.6232 ], [ 144.7769, -37.6224 ], [ 144.777, -37.621 ], [ 144.7797, -37.6184 ], [ 144.7797, -37.6171 ], [ 144.7805, -37.6151 ], [ 144.7757, -37.6103 ], [ 144.7696, -37.6066 ], [ 144.764, -37.6016 ], [ 144.76, -37.5986 ] ] ] } },
{ "type": "Feature", "properties": { "loc_pid": "loca56f2b16461e", "suburb": "Bulleen", "join_key": "BULLEEN" }, "geometry": { "type": "Polygon", "coordinates": [ [ [ 145.0672, -37.7809 ], [ 145.0676, -37.7801 ], [ 145.0674, -37.7792 ], [ 145.0678, -37.7776 ], [ 145.0695, -37.7747 ], [ 145.0689, -37.7741 ], [ 145.0689, -37.773 ], [ 145.0695, -37.7721 ], [ 145.0709, -37.7711 ], [ 145.0713, -37.7711 ], [ 145.0724, -37.7721 ], [ 145.0737, -37.7722 ], [ 145.0757, -37.7739 ], [ 145.0766, -37.7737 ], [ 145.0767, -37.7734 ], [ 145.0755, -37.7721 ], [ 145.0755, -37.7707 ], [ 145.072, -37.7692 ], [ 145.0715, -37.7671 ], [ 145.0729, -37.7665 ], [ 145.0759, -37.7675 ], [ 145.0764, -37.7674 ], [ 145.0766, -37.766 ], [ 145.0783, -37.7644 ], [ 145.0792, -37.7622 ], [ 145.0774, -37.7609 ], [ 145.0768, -37.7585 ], [ 145.0746, -37.7594 ], [ 145.0731, -37.7596 ], [ 145.0729, -37.7591 ], [ 145.0736, -37.7577 ], [ 145.075, -37.7569 ], [ 145.0762, -37.7575 ], [ 145.078, -37.7576 ], [ 145.0789, -37.7583 ], [ 145.0804, -37.758 ], [ 145.0802, -37.7572 ], [ 145.0776, -37.7564 ], [ 145.0772, -37.7557 ], [ 145.0781, -37.7541 ], [ 145.0786, -37.7538 ], [ 145.0798, -37.7539 ], [ 145.0806, -37.7543 ], [ 145.0809, -37.756 ], [ 145.0812, -37.7563 ], [ 145.0818, -37.7563 ], [ 145.0833, -37.7549 ], [ 145.0831, -37.7546 ], [ 145.0819, -37.7546 ], [ 145.0816, -37.7543 ], [ 145.0824, -37.7514 ], [ 145.0846, -37.7518 ], [ 145.0855, -37.753 ], [ 145.0877, -37.7528 ], [ 145.0909, -37.7543 ], [ 145.0923, -37.7542 ], [ 145.0938, -37.7524 ], [ 145.0928, -37.7579 ], [ 145.0934, -37.758 ], [ 145.0933, -37.7584 ], [ 145.0955, -37.759 ], [ 145.0954, -37.7595 ], [ 145.0971, -37.7604 ], [ 145.0971, -37.7609 ], [ 145.0983, -37.7618 ], [ 145.0982, -37.7622 ], [ 145.1012, -37.763 ], [ 145.1, -37.7694 ], [ 145.1004, -37.7695 ], [ 145.0991, -37.7705 ], [ 145.1018, -37.772 ], [ 145.1042, -37.7723 ], [ 145.1025, -37.7826 ], [ 145.1003, -37.7823 ], [ 145.0997, -37.7823 ], [ 145.0997, -37.7826 ], [ 145.0984, -37.7808 ], [ 145.0971, -37.78 ], [ 145.0953, -37.7794 ], [ 145.0852, -37.7797 ], [ 145.0847, -37.7794 ], [ 145.0814, -37.7792 ], [ 145.0805, -37.7783 ], [ 145.0804, -37.7774 ], [ 145.0799, -37.7776 ], [ 145.0786, -37.7769 ], [ 145.0775, -37.7769 ], [ 145.0763, -37.7774 ], [ 145.075, -37.7787 ], [ 145.0745, -37.7797 ], [ 145.0715, -37.7797 ], [ 145.0711, -37.78 ], [ 145.0711, -37.7808 ], [ 145.0693, -37.7813 ], [ 145.0672, -37.7809 ] ] ] } },
{ "type": "Feature", "properties": { "loc_pid": "loc712bc92c5924", "suburb": "Bundoora", "join_key": "BUNDOORA" }, "geometry": { "type": "Polygon", "coordinates": [ [ [ 145.0253, -37.7128 ], [ 145.0255, -37.7124 ], [ 145.0267, -37.7118 ], [ 145.0282, -37.7121 ], [ 145.0297, -37.712 ], [ 145.0311, -37.7113 ], [ 145.0328, -37.7114 ], [ 145.0331, -37.7118 ], [ 145.034, -37.7121 ], [ 145.0353, -37.71 ], [ 145.0354, -37.7086 ], [ 145.0341, -37.7078 ], [ 145.0337, -37.7062 ], [ 145.0342, -37.7057 ], [ 145.0352, -37.7055 ], [ 145.0348, -37.7047 ], [ 145.0349, -37.7037 ], [ 145.0361, -37.7034 ], [ 145.0354, -37.7028 ], [ 145.0354, -37.7023 ], [ 145.0348, -37.7023 ], [ 145.0348, -37.702 ], [ 145.0359, -37.7008 ], [ 145.0361, -37.7 ], [ 145.0373, -37.6996 ], [ 145.0377, -37.6988 ], [ 145.0392, -37.6991 ], [ 145.0407, -37.699 ], [ 145.0408, -37.6983 ], [ 145.0325, -37.6973 ], [ 145.0348, -37.6964 ], [ 145.0411, -37.6952 ], [ 145.0431, -37.6908 ], [ 145.0436, -37.6903 ], [ 145.0471, -37.6891 ], [ 145.0473, -37.688 ], [ 145.0499, -37.6882 ], [ 145.0504, -37.6875 ], [ 145.0516, -37.6873 ], [ 145.0518, -37.687 ], [ 145.0516, -37.6855 ], [ 145.0519, -37.6853 ], [ 145.051, -37.6847 ], [ 145.0504, -37.6847 ], [ 145.0501, -37.6843 ], [ 145.0486, -37.6843 ], [ 145.0478, -37.6851 ], [ 145.0462, -37.6849 ], [ 145.0455, -37.6854 ], [ 145.0453, -37.6862 ], [ 145.0438, -37.6853 ], [ 145.0435, -37.6867 ], [ 145.0429, -37.6871 ], [ 145.0424, -37.6869 ], [ 145.0419, -37.6862 ], [ 145.0418, -37.6851 ], [ 145.0402, -37.6842 ], [ 145.0414, -37.6831 ], [ 145.0417, -37.6809 ], [ 145.0423, -37.6801 ], [ 145.0417, -37.6787 ], [ 145.0418, -37.6782 ], [ 145.0425, -37.6779 ], [ 145.042, -37.6772 ], [ 145.0422, -37.6765 ], [ 145.0695, -37.6788 ], [ 145.0696, -37.6782 ], [ 145.0848, -37.6792 ], [ 145.0843, -37.6799 ], [ 145.0844, -37.6804 ], [ 145.0848, -37.6804 ], [ 145.0851, -37.681 ], [ 145.0861, -37.6813 ], [ 145.0917, -37.6794 ], [ 145.0917, -37.6802 ], [ 145.0905, -37.6808 ], [ 145.0903, -37.6815 ], [ 145.0914, -37.6816 ], [ 145.0946, -37.6808 ], [ 145.0956, -37.6808 ], [ 145.0973, -37.6813 ], [ 145.0983, -37.6823 ], [ 145.0993, -37.6818 ], [ 145.1016, -37.6817 ], [ 145.1037, -37.6831 ], [ 145.1035, -37.6835 ], [ 145.1019, -37.684 ], [ 145.1025, -37.6845 ], [ 145.1025, -37.6852 ], [ 145.102, -37.6857 ], [ 145.1021, -37.687 ], [ 145.1005, -37.6881 ], [ 145.0997, -37.6895 ], [ 145.0682, -37.6861 ], [ 145.0678, -37.6866 ], [ 145.0778, -37.6876 ], [ 145.0774, -37.6884 ], [ 145.0775, -37.6892 ], [ 145.0791, -37.6894 ], [ 145.0777, -37.6894 ], [ 145.0772, -37.6919 ], [ 145.0779, -37.6928 ], [ 145.0787, -37.6928 ], [ 145.0789, -37.6923 ], [ 145.08, -37.6921 ], [ 145.0808, -37.6922 ], [ 145.081, -37.6929 ], [ 145.0795, -37.7021 ], [ 145.0769, -37.7018 ], [ 145.0759, -37.7073 ], [ 145.0759, -37.7077 ], [ 145.0765, -37.7078 ], [ 145.0764, -37.7083 ], [ 145.0751, -37.7081 ], [ 145.0748, -37.7088 ], [ 145.0696, -37.7082 ], [ 145.0654, -37.7092 ], [ 145.0656, -37.7099 ], [ 145.0645, -37.7104 ], [ 145.0651, -37.7112 ], [ 145.064, -37.712 ], [ 145.0637, -37.713 ], [ 145.0632, -37.7129 ], [ 145.063, -37.7137 ], [ 145.061, -37.7137 ], [ 145.0601, -37.7148 ], [ 145.0569, -37.7145 ], [ 145.0567, -37.7147 ], [ 145.0594, -37.7164 ], [ 145.059, -37.7184 ], [ 145.0566, -37.72 ], [ 145.0563, -37.7207 ], [ 145.0563, -37.7224 ], [ 145.0578, -37.7235 ], [ 145.0554, -37.7292 ], [ 145.0386, -37.7273 ], [ 145.0389, -37.7269 ], [ 145.0381, -37.7268 ], [ 145.0376, -37.7253 ], [ 145.0368, -37.7247 ], [ 145.0363, -37.7235 ], [ 145.0349, -37.7232 ], [ 145.0347, -37.7208 ], [ 145.0398, -37.719 ], [ 145.0423, -37.7178 ], [ 145.0451, -37.7135 ], [ 145.0303, -37.712 ], [ 145.0289, -37.7123 ], [ 145.029, -37.7126 ], [ 145.0275, -37.7127 ], [ 145.0275, -37.7134 ], [ 145.0257, -37.7139 ], [ 145.0253, -37.7128 ] ] ] } },
{ "type": "Feature", "properties": { "loc_pid": "locc32e1f27cb07", "suburb": "Bunyip", "join_key": "BUNYIP" }, "geometry": { "type": "Polygon", "coordinates": [ [ [ 145.6927, -38.1073 ], [ 145.693, -38.1062 ], [ 145.693, -38.1007 ], [ 145.6952, -38.1007 ], [ 145.6951, -38.0967 ], [ 145.6971, -38.0972 ], [ 145.697, -38.0848 ], [ 145.6984, -38.0848 ], [ 145.6984, -38.0788 ], [ 145.696, -38.0788 ], [ 145.6961, -38.0696 ], [ 145.7035, -38.0714 ], [ 145.7088, -38.0704 ], [ 145.7101, -38.0704 ], [ 145.7133, -38.0715 ], [ 145.7144, -38.0716 ], [ 145.7144, -38.075 ], [ 145.7312, -38.0763 ], [ 145.7349, -38.0777 ], [ 145.7439, -38.079 ], [ 145.7451, -38.0799 ], [ 145.752, -38.0826 ], [ 145.7517, -38.0829 ], [ 145.7495, -38.0831 ], [ 145.7476, -38.0837 ], [ 145.7466, -38.085 ], [ 145.7455, -38.0855 ], [ 145.745, -38.0861 ], [ 145.7449, -38.0872 ], [ 145.7471, -38.091 ], [ 145.7469, -38.0916 ], [ 145.7454, -38.0942 ], [ 145.7422, -38.0969 ], [ 145.7393, -38.1003 ], [ 145.7447, -38.1009 ], [ 145.748, -38.1019 ], [ 145.7522, -38.1039 ], [ 145.7418, -38.1079 ], [ 145.7405, -38.1152 ], [ 145.7379, -38.1219 ], [ 145.7302, -38.12 ], [ 145.7273, -38.1275 ], [ 145.7164, -38.1344 ], [ 145.71, -38.1324 ], [ 145.7, -38.117 ], [ 145.6928, -38.117 ], [ 145.6927, -38.1073 ] ] ] } },
{ "type": "Feature", "properties": { "loc_pid": "loc7c0af2fd89ec", "suburb": "Burnley", "join_key": "BURNLEY" }, "geometry": { "type": "Polygon", "coordinates": [ [ [ 145.0062, -37.8315 ], [ 145.0069, -37.8275 ], [ 145.0107, -37.8279 ], [ 145.013, -37.8277 ], [ 145.0135, -37.8251 ], [ 145.0169, -37.8254 ], [ 145.0181, -37.8262 ], [ 145.0204, -37.8253 ], [ 145.0217, -37.8253 ], [ 145.0225, -37.8263 ], [ 145.0232, -37.8281 ], [ 145.0269, -37.83 ], [ 145.0284, -37.8311 ], [ 145.0264, -37.8334 ], [ 145.0247, -37.8345 ], [ 145.0229, -37.8342 ], [ 145.0217, -37.8323 ], [ 145.0193, -37.8316 ], [ 145.0166, -37.8322 ], [ 145.0146, -37.831 ], [ 145.013, -37.8305 ], [ 145.0125, -37.8305 ], [ 145.0108, -37.8314 ], [ 145.0104, -37.8329 ], [ 145.0097, -37.8336 ], [ 145.0092, -37.8336 ], [ 145.0078, -37.8319 ], [ 145.0062, -37.8315 ] ] ] } },
{ "type": "Feature", "properties": { "loc_pid": "loc1cd13a25341f", "suburb": "Burnside", "join_key": "BURNSIDE" }, "geometry": { "type": "Polygon", "coordinates": [ [ [ 144.742, -37.7514 ], [ 144.743, -37.7465 ], [ 144.7461, -37.7468 ], [ 144.7472, -37.7416 ], [ 144.7505, -37.7416 ], [ 144.7519, -37.742 ], [ 144.7527, -37.7404 ], [ 144.7547, -37.7386 ], [ 144.7568, -37.7387 ], [ 144.7607, -37.7371 ], [ 144.7618, -37.737 ], [ 144.7618, -37.7378 ], [ 144.7628, -37.7386 ], [ 144.7629, -37.7399 ], [ 144.7622, -37.7407 ], [ 144.7611, -37.7413 ], [ 144.7605, -37.7422 ], [ 144.7605, -37.7437 ], [ 144.7594, -37.7448 ], [ 144.7591, -37.7478 ], [ 144.7576, -37.7479 ], [ 144.7572, -37.7482 ], [ 144.7569, -37.7511 ], [ 144.7573, -37.7521 ], [ 144.7564, -37.7543 ], [ 144.7566, -37.7547 ], [ 144.7583, -37.7554 ], [ 144.7572, -37.7635 ], [ 144.7484, -37.7594 ], [ 144.7495, -37.752 ], [ 144.742, -37.7514 ] ] ] } },
{ "type": "Feature", "properties": { "loc_pid": "locbb31ea1d3b07", "suburb": "Burnside Heights", "join_key": "BURNSIDE HEIGHTS" }, "geometry": { "type": "Polygon", "coordinates": [ [ [ 144.7477, -37.7417 ], [ 144.7506, -37.724 ], [ 144.7641, -37.7253 ], [ 144.7624, -37.7381 ], [ 144.7618, -37.7378 ], [ 144.7619, -37.7371 ], [ 144.7614, -37.7369 ], [ 144.7568, -37.7387 ], [ 144.7547, -37.7386 ], [ 144.7527, -37.7404 ], [ 144.7519, -37.742 ], [ 144.7505, -37.7416 ], [ 144.7477, -37.7417 ] ] ] } },
{ "type": "Feature", "properties": { "loc_pid": "loc67f13bfe7b6c", "suburb": "Burwood", "join_key": "BURWOOD" }, "geometry": { "type": "Polygon", "coordinates": [ [ [ 145.0937, -37.8609 ], [ 145.0982, -37.836 ], [ 145.1111, -37.8377 ], [ 145.1102, -37.8431 ], [ 145.1168, -37.8438 ], [ 145.1167, -37.8435 ], [ 145.1176, -37.8429 ], [ 145.1187, -37.8428 ], [ 145.1199, -37.8413 ], [ 145.1215, -37.8412 ], [ 145.121, -37.8444 ], [ 145.1335, -37.8458 ], [ 145.1314, -37.8576 ], [ 145.114, -37.8555 ], [ 145.113, -37.8611 ], [ 145.1072, -37.8604 ], [ 145.1078, -37.8576 ], [ 145.1058, -37.8571 ], [ 145.1055, -37.8575 ], [ 145.1045, -37.8574 ], [ 145.1042, -37.8566 ], [ 145.1022, -37.8586 ], [ 145.1016, -37.8608 ], [ 145.0992, -37.8605 ], [ 145.0991, -37.861 ], [ 145.0986, -37.861 ], [ 145.0944, -37.8605 ], [ 145.0943, -37.861 ], [ 145.0937, -37.8609 ] ] ] } },
{ "type": "Feature", "properties": { "loc_pid": "loc2ed32abac511", "suburb": "Burwood East", "join_key": "BURWOOD EAST" }, "geometry": { "type": "Polygon", "coordinates": [ [ [ 145.1314, -37.8576 ], [ 145.1332, -37.8475 ], [ 145.1346, -37.8477 ], [ 145.1349, -37.846 ], [ 145.1529, -37.8481 ], [ 145.1531, -37.847 ], [ 145.1544, -37.8455 ], [ 145.1574, -37.8458 ], [ 145.1644, -37.8468 ], [ 145.163, -37.8541 ], [ 145.1693, -37.8548 ], [ 145.1688, -37.8606 ], [ 145.1691, -37.862 ], [ 145.1314, -37.8576 ] ] ] } },
{ "type": "Feature", "properties": { "loc_pid": "loc0eced751f474", "suburb": "Cairnlea", "join_key": "CAIRNLEA" }, "geometry": { "type": "Polygon", "coordinates": [ [ [ 144.7753, -37.7665 ], [ 144.7787, -37.7466 ], [ 144.7925, -37.7479 ], [ 144.7938, -37.7508 ], [ 144.7952, -37.7521 ], [ 144.7978, -37.7569 ], [ 144.7966, -37.7578 ], [ 144.7965, -37.759 ], [ 144.7989, -37.7612 ], [ 144.7997, -37.7614 ], [ 144.7999, -37.7627 ], [ 144.8004, -37.7633 ], [ 144.8027, -37.7646 ], [ 144.8047, -37.765 ], [ 144.8054, -37.7659 ], [ 144.8059, -37.7677 ], [ 144.8031, -37.7672 ], [ 144.8005, -37.7674 ], [ 144.7974, -37.7685 ], [ 144.7953, -37.7704 ], [ 144.7905, -37.7706 ], [ 144.7885, -37.7711 ], [ 144.7878, -37.77 ], [ 144.7878, -37.769 ], [ 144.7855, -37.7692 ], [ 144.7848, -37.7681 ], [ 144.7838, -37.7684 ], [ 144.7764, -37.7676 ], [ 144.7765, -37.7664 ], [ 144.7753, -37.7665 ] ] ] } },
{ "type": "Feature", "properties": { "loc_pid": "loc218bfbe8ef2b", "suburb": "Calder Park", "join_key": "CALDER PARK" }, "geometry": { "type": "Polygon", "coordinates": [ [ [ 144.7442, -37.663 ], [ 144.7472, -37.6633 ], [ 144.7627, -37.6708 ], [ 144.767, -37.6739 ], [ 144.7752, -37.679 ], [ 144.765, -37.6895 ], [ 144.7442, -37.663 ] ] ] } },
{ "type": "Feature", "properties": { "loc_pid": "loc913bf4728c4e", "suburb": "Camberwell", "join_key": "CAMBERWELL" }, "geometry": { "type": "Polygon", "coordinates": [ [ [ 145.0531, -37.8449 ], [ 145.0537, -37.8441 ], [ 145.0539, -37.8421 ], [ 145.0543, -37.8418 ], [ 145.054, -37.8417 ], [ 145.054, -37.8411 ], [ 145.0545, -37.8393 ], [ 145.0551, -37.8393 ], [ 145.0547, -37.8382 ], [ 145.0551, -37.8366 ], [ 145.0546, -37.8364 ], [ 145.0548, -37.8356 ], [ 145.0553, -37.8356 ], [ 145.0556, -37.8349 ], [ 145.0552, -37.8347 ], [ 145.0558, -37.8331 ], [ 145.0557, -37.832 ], [ 145.0565, -37.8318 ], [ 145.0566, -37.8315 ], [ 145.0565, -37.8303 ], [ 145.0559, -37.8298 ], [ 145.0565, -37.8299 ], [ 145.057, -37.827 ], [ 145.0575, -37.8267 ], [ 145.0571, -37.8264 ], [ 145.0577, -37.823 ], [ 145.0572, -37.8229 ], [ 145.0572, -37.8226 ], [ 145.0579, -37.8221 ], [ 145.0579, -37.8213 ], [ 145.0586, -37.8214 ], [ 145.0587, -37.8209 ], [ 145.0598, -37.821 ], [ 145.0599, -37.8215 ], [ 145.0605, -37.8215 ], [ 145.0605, -37.8211 ], [ 145.0623, -37.8213 ], [ 145.0625, -37.8204 ], [ 145.0633, -37.8206 ], [ 145.0631, -37.8219 ], [ 145.0638, -37.822 ], [ 145.0639, -37.8215 ], [ 145.0669, -37.8217 ], [ 145.0674, -37.8221 ], [ 145.0679, -37.824 ], [ 145.0682, -37.8239 ], [ 145.0689, -37.8255 ], [ 145.071, -37.8253 ], [ 145.0721, -37.8278 ], [ 145.0714, -37.8278 ], [ 145.0713, -37.8281 ], [ 145.0719, -37.8281 ], [ 145.0715, -37.8289 ], [ 145.0716, -37.8298 ], [ 145.0742, -37.8302 ], [ 145.0741, -37.8309 ], [ 145.0735, -37.8308 ], [ 145.0732, -37.8321 ], [ 145.0721, -37.832 ], [ 145.0724, -37.833 ], [ 145.0734, -37.8328 ], [ 145.0766, -37.8333 ], [ 145.0768, -37.8331 ], [ 145.0781, -37.8335 ], [ 145.082, -37.8339 ], [ 145.0822, -37.8327 ], [ 145.0826, -37.8326 ], [ 145.0833, -37.8327 ], [ 145.0831, -37.8337 ], [ 145.085, -37.8339 ], [ 145.0851, -37.8344 ], [ 145.0862, -37.8341 ], [ 145.0875, -37.8343 ], [ 145.0875, -37.8345 ], [ 145.0877, -37.8343 ], [ 145.0905, -37.8346 ], [ 145.0904, -37.8348 ], [ 145.091, -37.8349 ], [ 145.091, -37.8347 ], [ 145.0917, -37.8347 ], [ 145.0918, -37.8352 ], [ 145.0929, -37.8357 ], [ 145.0938, -37.8356 ], [ 145.0938, -37.8361 ], [ 145.0942, -37.8362 ], [ 145.0968, -37.8365 ], [ 145.0976, -37.8364 ], [ 145.0976, -37.8362 ], [ 145.0982, -37.8363 ], [ 145.0955, -37.8508 ], [ 145.0846, -37.8497 ], [ 145.0837, -37.8493 ], [ 145.0837, -37.8495 ], [ 145.0829, -37.8495 ], [ 145.0821, -37.8492 ], [ 145.0791, -37.849 ], [ 145.0788, -37.8486 ], [ 145.0782, -37.8485 ], [ 145.0782, -37.8488 ], [ 145.0755, -37.8485 ], [ 145.0749, -37.8485 ], [ 145.0749, -37.8488 ], [ 145.0734, -37.8487 ], [ 145.0736, -37.8479 ], [ 145.0732, -37.8478 ], [ 145.0731, -37.8483 ], [ 145.0703, -37.848 ], [ 145.0689, -37.8482 ], [ 145.0689, -37.8477 ], [ 145.0663, -37.8479 ], [ 145.0664, -37.8476 ], [ 145.0658, -37.8475 ], [ 145.0623, -37.8473 ], [ 145.0615, -37.8469 ], [ 145.0594, -37.8468 ], [ 145.059, -37.8468 ], [ 145.0587, -37.8477 ], [ 145.0583, -37.8475 ], [ 145.0586, -37.8467 ], [ 145.0551, -37.8463 ], [ 145.0549, -37.8467 ], [ 145.0539, -37.8466 ], [ 145.0541, -37.8458 ], [ 145.0534, -37.8457 ], [ 145.0536, -37.8448 ], [ 145.0531, -37.8449 ] ] ] } },
{ "type": "Feature", "properties": { "loc_pid": "locfb9f1336aa98", "suburb": "Campbellfield", "join_key": "CAMPBELLFIELD" }, "geometry": { "type": "Polygon", "coordinates": [ [ [ 144.9348, -37.6429 ], [ 144.9349, -37.6414 ], [ 144.9539, -37.6436 ], [ 144.9589, -37.6449 ], [ 144.9732, -37.6463 ], [ 144.9744, -37.6469 ], [ 144.9763, -37.65 ], [ 144.9746, -37.6523 ], [ 144.9746, -37.6529 ], [ 144.9756, -37.6545 ], [ 144.9748, -37.6555 ], [ 144.9769, -37.6582 ], [ 144.9766, -37.6587 ], [ 144.9754, -37.6592 ], [ 144.9746, -37.6593 ], [ 144.9741, -37.6588 ], [ 144.9733, -37.6588 ], [ 144.9722, -37.6594 ], [ 144.9725, -37.66 ], [ 144.9731, -37.6601 ], [ 144.9735, -37.6609 ], [ 144.9722, -37.6626 ], [ 144.9721, -37.6634 ], [ 144.973, -37.6642 ], [ 144.9753, -37.6649 ], [ 144.9759, -37.6659 ], [ 144.9759, -37.6678 ], [ 144.974, -37.6691 ], [ 144.9739, -37.6714 ], [ 144.9743, -37.6717 ], [ 144.9763, -37.6718 ], [ 144.9763, -37.6727 ], [ 144.975, -37.6735 ], [ 144.9749, -37.6739 ], [ 144.9764, -37.6749 ], [ 144.977, -37.6759 ], [ 144.9776, -37.6761 ], [ 144.9778, -37.6767 ], [ 144.9769, -37.677 ], [ 144.9761, -37.6766 ], [ 144.9759, -37.676 ], [ 144.9746, -37.676 ], [ 144.9734, -37.6767 ], [ 144.9726, -37.6768 ], [ 144.9722, -37.6773 ], [ 144.9741, -37.6789 ], [ 144.9738, -37.6801 ], [ 144.9745, -37.6801 ], [ 144.974, -37.6808 ], [ 144.9733, -37.6807 ], [ 144.9724, -37.6812 ], [ 144.9728, -37.6826 ], [ 144.9713, -37.6842 ], [ 144.9714, -37.6865 ], [ 144.9706, -37.688 ], [ 144.9707, -37.6884 ], [ 144.9718, -37.6889 ], [ 144.973, -37.6887 ], [ 144.9737, -37.6894 ], [ 144.9734, -37.6902 ], [ 144.9722, -37.691 ], [ 144.9563, -37.6894 ], [ 144.9552, -37.6836 ], [ 144.9516, -37.6783 ], [ 144.9421, -37.6541 ], [ 144.9348, -37.6429 ] ] ] } },
{ "type": "Feature", "properties": { "loc_pid": "locb694454fbbb1", "suburb": "Canterbury", "join_key": "CANTERBURY" }, "geometry": { "type": "Polygon", "coordinates": [ [ [ 145.0587, -37.8209 ], [ 145.0597, -37.8154 ], [ 145.065, -37.816 ], [ 145.0648, -37.8143 ], [ 145.0659, -37.8146 ], [ 145.0658, -37.8154 ], [ 145.0669, -37.8155 ], [ 145.0672, -37.8141 ], [ 145.0683, -37.8142 ], [ 145.068, -37.8157 ], [ 145.0685, -37.8158 ], [ 145.0692, -37.8158 ], [ 145.0695, -37.8144 ], [ 145.0703, -37.8145 ], [ 145.0699, -37.8166 ], [ 145.0724, -37.8168 ], [ 145.0723, -37.817 ], [ 145.0729, -37.8171 ], [ 145.074, -37.8169 ], [ 145.0755, -37.8174 ], [ 145.0754, -37.8177 ], [ 145.0761, -37.8173 ], [ 145.0781, -37.8174 ], [ 145.0781, -37.8171 ], [ 145.0784, -37.8172 ], [ 145.0783, -37.8175 ], [ 145.0787, -37.8175 ], [ 145.0788, -37.8172 ], [ 145.0796, -37.8173 ], [ 145.0798, -37.8177 ], [ 145.0805, -37.8178 ], [ 145.0804, -37.8182 ], [ 145.0809, -37.8183 ], [ 145.0812, -37.8183 ], [ 145.0813, -37.8179 ], [ 145.0821, -37.8182 ], [ 145.0827, -37.818 ], [ 145.0828, -37.8176 ], [ 145.0836, -37.8178 ], [ 145.0838, -37.8172 ], [ 145.0846, -37.8169 ], [ 145.0847, -37.8163 ], [ 145.0852, -37.8163 ], [ 145.0846, -37.8184 ], [ 145.0865, -37.8186 ], [ 145.0864, -37.819 ], [ 145.0874, -37.8193 ], [ 145.0871, -37.8201 ], [ 145.0875, -37.8202 ], [ 145.0871, -37.8211 ], [ 145.0873, -37.8216 ], [ 145.0867, -37.8215 ], [ 145.0866, -37.8224 ], [ 145.0871, -37.8227 ], [ 145.0865, -37.8243 ], [ 145.0869, -37.8243 ], [ 145.0867, -37.8252 ], [ 145.0876, -37.8253 ], [ 145.0876, -37.8257 ], [ 145.0873, -37.8267 ], [ 145.0869, -37.8269 ], [ 145.0874, -37.8269 ], [ 145.0869, -37.8273 ], [ 145.0856, -37.8344 ], [ 145.0851, -37.8344 ], [ 145.085, -37.8339 ], [ 145.0831, -37.8337 ], [ 145.0833, -37.8327 ], [ 145.0826, -37.8326 ], [ 145.0822, -37.8327 ], [ 145.082, -37.8339 ], [ 145.0781, -37.8335 ], [ 145.0768, -37.8331 ], [ 145.0766, -37.8333 ], [ 145.0734, -37.8328 ], [ 145.0722, -37.8329 ], [ 145.0721, -37.832 ], [ 145.0732, -37.8321 ], [ 145.0735, -37.8308 ], [ 145.0741, -37.8309 ], [ 145.0742, -37.8302 ], [ 145.0716, -37.8298 ], [ 145.0715, -37.8289 ], [ 145.0719, -37.8281 ], [ 145.0713, -37.8281 ], [ 145.0714, -37.8278 ], [ 145.0721, -37.8278 ], [ 145.071, -37.8253 ], [ 145.0689, -37.8255 ], [ 145.0682, -37.8239 ], [ 145.068, -37.824 ], [ 145.0679, -37.824 ], [ 145.0674, -37.8221 ], [ 145.0669, -37.8217 ], [ 145.0639, -37.8215 ], [ 145.0638, -37.822 ], [ 145.0631, -37.8219 ], [ 145.0633, -37.8206 ], [ 145.0625, -37.8204 ], [ 145.0623, -37.8213 ], [ 145.0605, -37.8211 ], [ 145.0605, -37.8215 ], [ 145.0599, -37.8215 ], [ 145.0598, -37.821 ], [ 145.0587, -37.8209 ] ] ] } },
{ "type": "Feature", "properties": { "loc_pid": "locf8d60bf51b6b", "suburb": "Capel Sound", "join_key": "CAPEL SOUND" }, "geometry": { "type": "Polygon", "coordinates": [ [ [ 144.8579, -38.3805 ], [ 144.858, -38.3787 ], [ 144.8634, -38.366 ], [ 144.8739, -38.363 ], [ 144.8803, -38.3606 ], [ 144.8835, -38.3601 ], [ 144.8855, -38.3593 ], [ 144.8852, -38.3675 ], [ 144.8846, -38.3674 ], [ 144.8845, -38.3693 ], [ 144.8891, -38.3694 ], [ 144.8886, -38.3776 ], [ 144.8845, -38.3785 ], [ 144.8773, -38.3808 ], [ 144.8748, -38.382 ], [ 144.8609, -38.3816 ], [ 144.8579, -38.3805 ] ] ] } },
{ "type": "Feature", "properties": { "loc_pid": "loc1407fbd1e16b", "suburb": "Cardinia", "join_key": "CARDINIA" }, "geometry": { "type": "Polygon", "coordinates": [ [ [ 145.3834, -38.1256 ], [ 145.3845, -38.124 ], [ 145.3885, -38.1205 ], [ 145.3966, -38.1194 ], [ 145.4017, -38.1192 ], [ 145.4018, -38.1179 ], [ 145.3999, -38.1156 ], [ 145.399, -38.1134 ], [ 145.4002, -38.1114 ], [ 145.4167, -38.1133 ], [ 145.4171, -38.1123 ], [ 145.4261, -38.1172 ], [ 145.4343, -38.1257 ], [ 145.4522, -38.1281 ], [ 145.448, -38.1478 ], [ 145.4473, -38.1482 ], [ 145.4471, -38.1489 ], [ 145.4481, -38.1491 ], [ 145.445, -38.1639 ], [ 145.4261, -38.1614 ], [ 145.4231, -38.1758 ], [ 145.3932, -38.1719 ], [ 145.3995, -38.143 ], [ 145.3834, -38.1256 ] ] ] } },
{ "type": "Feature", "properties": { "loc_pid": "loca0398a35cf5e", "suburb": "Carlton", "join_key": "CARLTON" }, "geometry": { "type": "Polygon", "coordinates": [ [ [ 144.9585, -37.8019 ], [ 144.9588, -37.7999 ], [ 144.964, -37.8004 ], [ 144.9652, -37.7931 ], [ 144.9672, -37.7931 ], [ 144.9682, -37.7923 ], [ 144.9757, -37.793 ], [ 144.9732, -37.8079 ], [ 144.9599, -37.8063 ], [ 144.9601, -37.8054 ], [ 144.9585, -37.8019 ] ] ] } },
{ "type": "Feature", "properties": { "loc_pid": "loc533a569e6f80", "suburb": "Carlton North", "join_key": "CARLTON NORTH" }, "geometry": { "type": "Polygon", "coordinates": [ [ [ 144.9589, -37.789 ], [ 144.9602, -37.778 ], [ 144.9615, -37.7782 ], [ 144.9627, -37.7793 ], [ 144.9628, -37.7813 ], [ 144.964, -37.7824 ], [ 144.9636, -37.785 ], [ 144.9695, -37.7856 ], [ 144.9706, -37.7792 ], [ 144.9781, -37.7801 ], [ 144.9757, -37.793 ], [ 144.9682, -37.7923 ], [ 144.9672, -37.7931 ], [ 144.9653, -37.7932 ], [ 144.963, -37.7921 ], [ 144.9606, -37.7915 ], [ 144.9594, -37.7903 ], [ 144.9589, -37.789 ] ] ] } },
{ "type": "Feature", "properties": { "loc_pid": "loc86cf2bd4847b", "suburb": "Carnegie", "join_key": "CARNEGIE" }, "geometry": { "type": "Polygon", "coordinates": [ [ [ 145.0447, -37.9005 ], [ 145.0461, -37.8934 ], [ 145.0448, -37.8897 ], [ 145.0496, -37.881 ], [ 145.0509, -37.8823 ], [ 145.0533, -37.8833 ], [ 145.0627, -37.8847 ], [ 145.0675, -37.8846 ], [ 145.0674, -37.8851 ], [ 145.0666, -37.8853 ], [ 145.0662, -37.8878 ], [ 145.0653, -37.8881 ], [ 145.0662, -37.8884 ], [ 145.0663, -37.8891 ], [ 145.066, -37.889 ], [ 145.0659, -37.8894 ], [ 145.0664, -37.8899 ], [ 145.066, -37.8898 ], [ 145.0662, -37.8902 ], [ 145.0658, -37.8903 ], [ 145.0658, -37.8907 ], [ 145.0652, -37.8908 ], [ 145.0649, -37.8924 ], [ 145.0654, -37.8925 ], [ 145.065, -37.8939 ], [ 145.0653, -37.8942 ], [ 145.065, -37.8948 ], [ 145.0648, -37.8947 ], [ 145.0648, -37.8962 ], [ 145.0643, -37.8969 ], [ 145.0646, -37.8975 ], [ 145.0641, -37.898 ], [ 145.0644, -37.8985 ], [ 145.0635, -37.9025 ], [ 145.0638, -37.9025 ], [ 145.0637, -37.9029 ], [ 145.061, -37.9025 ], [ 145.0603, -37.9065 ], [ 145.0539, -37.9057 ], [ 145.0547, -37.9017 ], [ 145.0447, -37.9005 ] ] ] } },
{ "type": "Feature", "properties": { "loc_pid": "loc17a18f5ff3a6", "suburb": "Caroline Springs", "join_key": "CAROLINE SPRINGS" }, "geometry": { "type": "Polygon", "coordinates": [ [ [ 144.7237, -37.7508 ], [ 144.7241, -37.7444 ], [ 144.7258, -37.7375 ], [ 144.7274, -37.7348 ], [ 144.7274, -37.7309 ], [ 144.7291, -37.7212 ], [ 144.7318, -37.7216 ], [ 144.7324, -37.716 ], [ 144.7332, -37.7155 ], [ 144.7325, -37.714 ], [ 144.7326, -37.7033 ], [ 144.7419, -37.7044 ], [ 144.7385, -37.7224 ], [ 144.7506, -37.724 ], [ 144.7477, -37.7417 ], [ 144.7471, -37.7417 ], [ 144.7462, -37.7466 ], [ 144.7461, -37.7468 ], [ 144.743, -37.7465 ], [ 144.742, -37.7514 ], [ 144.7495, -37.752 ], [ 144.7484, -37.7594 ], [ 144.7442, -37.7577 ], [ 144.7237, -37.7508 ] ] ] } },
{ "type": "Feature", "properties": { "loc_pid": "locd991ee63e1ae", "suburb": "Carrum", "join_key": "CARRUM" }, "geometry": { "type": "Polygon", "coordinates": [ [ [ 145.1198, -38.0737 ], [ 145.1212, -38.0729 ], [ 145.1282, -38.0702 ], [ 145.132, -38.0692 ], [ 145.1338, -38.0721 ], [ 145.1343, -38.0721 ], [ 145.1362, -38.0752 ], [ 145.1346, -38.0754 ], [ 145.1342, -38.0761 ], [ 145.1346, -38.077 ], [ 145.1339, -38.0792 ], [ 145.1335, -38.0834 ], [ 145.1317, -38.0838 ], [ 145.1279, -38.0817 ], [ 145.1253, -38.0819 ], [ 145.1239, -38.0824 ], [ 145.1245, -38.0847 ], [ 145.1228, -38.0851 ], [ 145.1214, -38.0781 ], [ 145.1198, -38.0737 ] ] ] } },
{ "type": "Feature", "properties": { "loc_pid": "locff62fb6a898a", "suburb": "Carrum Downs", "join_key": "CARRUM DOWNS" }, "geometry": { "type": "Polygon", "coordinates": [ [ [ 145.1489, -38.0835 ], [ 145.1501, -38.0751 ], [ 145.1546, -38.0757 ], [ 145.1562, -38.0675 ], [ 145.158, -38.0675 ], [ 145.2031, -38.0732 ], [ 145.2013, -38.0817 ], [ 145.1938, -38.0808 ], [ 145.1926, -38.0871 ], [ 145.2, -38.088 ], [ 145.194, -38.1172 ], [ 145.1882, -38.1165 ], [ 145.1872, -38.1219 ], [ 145.1878, -38.122 ], [ 145.1875, -38.1236 ], [ 145.1831, -38.1253 ], [ 145.182, -38.1268 ], [ 145.1738, -38.1219 ], [ 145.1753, -38.1149 ], [ 145.1574, -38.1127 ], [ 145.162, -38.1089 ], [ 145.1577, -38.1019 ], [ 145.1552, -38.0989 ], [ 145.1511, -38.0917 ], [ 145.1501, -38.0891 ], [ 145.1489, -38.0835 ] ] ] } },
{ "type": "Feature", "properties": { "loc_pid": "loc450465b4eebb", "suburb": "Caulfield", "join_key": "CAULFIELD" }, "geometry": { "type": "Polygon", "coordinates": [ [ [ 145.0149, -37.886 ], [ 145.0165, -37.8792 ], [ 145.0346, -37.8814 ], [ 145.0382, -37.8863 ], [ 145.0375, -37.8889 ], [ 145.0149, -37.886 ] ] ] } },
{ "type": "Feature", "properties": { "loc_pid": "loc51f316792e18", "suburb": "Caulfield East", "join_key": "CAULFIELD EAST" }, "geometry": { "type": "Polygon", "coordinates": [ [ [ 145.0346, -37.8815 ], [ 145.0354, -37.8769 ], [ 145.0394, -37.8769 ], [ 145.0395, -37.8755 ], [ 145.0402, -37.8751 ], [ 145.045, -37.876 ], [ 145.046, -37.8765 ], [ 145.0496, -37.8809 ], [ 145.0461, -37.8873 ], [ 145.0382, -37.8863 ], [ 145.0346, -37.8815 ] ] ] } },
{ "type": "Feature", "properties": { "loc_pid": "loc433bbb473372", "suburb": "Caulfield North", "join_key": "CAULFIELD NORTH" }, "geometry": { "type": "Polygon", "coordinates": [ [ [ 145.0072, -37.8781 ], [ 145.0105, -37.8602 ], [ 145.0151, -37.8608 ], [ 145.0294, -37.867 ], [ 145.0314, -37.8684 ], [ 145.0326, -37.8684 ], [ 145.0386, -37.8741 ], [ 145.0402, -37.8751 ], [ 145.0395, -37.8755 ], [ 145.0394, -37.8769 ], [ 145.0354, -37.8769 ], [ 145.0346, -37.8814 ], [ 145.0072, -37.8781 ] ] ] } },
{ "type": "Feature", "properties": { "loc_pid": "loc1b5a0e70afd4", "suburb": "Caulfield South", "join_key": "CAULFIELD SOUTH" }, "geometry": { "type": "Polygon", "coordinates": [ [ [ 145.0122, -37.9005 ], [ 145.0149, -37.886 ], [ 145.0377, -37.8889 ], [ 145.0349, -37.9033 ], [ 145.0122, -37.9005 ] ] ] } },
{ "type": "Feature", "properties": { "loc_pid": "loc9b20cd160517", "suburb": "Chadstone", "join_key": "CHADSTONE" }, "geometry": { "type": "Polygon", "coordinates": [ [ [ 145.0894, -37.887 ], [ 145.0918, -37.8742 ], [ 145.1082, -37.873 ], [ 145.1107, -37.8732 ], [ 145.107, -37.8927 ], [ 145.1057, -37.8925 ], [ 145.1037, -37.8906 ], [ 145.1013, -37.8913 ], [ 145.0954, -37.8914 ], [ 145.0931, -37.8897 ], [ 145.0913, -37.8888 ], [ 145.0901, -37.8871 ], [ 145.0894, -37.887 ] ] ] } },
{ "type": "Feature", "properties": { "loc_pid": "locffd0eebac0eb", "suburb": "Chelsea", "join_key": "CHELSEA" }, "geometry": { "type": "Polygon", "coordinates": [ [ [ 145.11, -38.046 ], [ 145.1232, -38.0414 ], [ 145.1227, -38.0403 ], [ 145.1259, -38.0392 ], [ 145.1332, -38.0527 ], [ 145.1281, -38.0544 ], [ 145.1289, -38.0547 ], [ 145.1267, -38.0555 ], [ 145.1269, -38.0558 ], [ 145.1189, -38.0585 ], [ 145.1192, -38.0595 ], [ 145.116, -38.0601 ], [ 145.1137, -38.0542 ], [ 145.1123, -38.0523 ], [ 145.1129, -38.0525 ], [ 145.11, -38.046 ] ] ] } },
{ "type": "Feature", "properties": { "loc_pid": "locc25e0bed112f", "suburb": "Chelsea Heights", "join_key": "CHELSEA HEIGHTS" }, "geometry": { "type": "Polygon", "coordinates": [ [ [ 145.123, -38.0339 ], [ 145.1312, -38.028 ], [ 145.1335, -38.0254 ], [ 145.1364, -38.0297 ], [ 145.1446, -38.0516 ], [ 145.1345, -38.055 ], [ 145.123, -38.0339 ] ] ] } },
{ "type": "Feature", "properties": { "loc_pid": "loc0a03ed3531fd", "suburb": "Cheltenham", "join_key": "CHELTENHAM" }, "geometry": { "type": "Polygon", "coordinates": [ [ [ 145.0272, -37.9693 ], [ 145.0285, -37.9627 ], [ 145.029, -37.9628 ], [ 145.0291, -37.9622 ], [ 145.0298, -37.9623 ], [ 145.03, -37.9613 ], [ 145.0295, -37.9613 ], [ 145.0296, -37.9607 ], [ 145.0312, -37.9609 ], [ 145.0318, -37.958 ], [ 145.0306, -37.9578 ], [ 145.031, -37.9559 ], [ 145.0305, -37.9558 ], [ 145.0307, -37.9535 ], [ 145.0325, -37.9537 ], [ 145.0324, -37.9545 ], [ 145.0317, -37.9544 ], [ 145.0317, -37.9546 ], [ 145.0384, -37.9554 ], [ 145.039, -37.9551 ], [ 145.0406, -37.9553 ], [ 145.0407, -37.9551 ], [ 145.0417, -37.9553 ], [ 145.0415, -37.9562 ], [ 145.0421, -37.9562 ], [ 145.0422, -37.9557 ], [ 145.047, -37.9564 ], [ 145.048, -37.957 ], [ 145.0519, -37.9575 ], [ 145.0537, -37.9576 ], [ 145.0557, -37.9565 ], [ 145.0571, -37.958 ], [ 145.059, -37.9476 ], [ 145.0774, -37.9498 ], [ 145.0755, -37.9603 ], [ 145.0845, -37.9614 ], [ 145.084, -37.9637 ], [ 145.0932, -37.9649 ], [ 145.0922, -37.9699 ], [ 145.087, -37.9693 ], [ 145.0861, -37.9745 ], [ 145.0862, -37.9762 ], [ 145.0856, -37.9763 ], [ 145.0643, -37.9738 ], [ 145.0651, -37.9748 ], [ 145.0542, -37.9735 ], [ 145.0542, -37.9731 ], [ 145.0536, -37.9731 ], [ 145.0536, -37.9728 ], [ 145.0473, -37.9721 ], [ 145.0474, -37.9719 ], [ 145.0465, -37.972 ], [ 145.0466, -37.9716 ], [ 145.0423, -37.971 ], [ 145.0422, -37.9714 ], [ 145.0418, -37.9714 ], [ 145.0359, -37.9708 ], [ 145.0362, -37.9691 ], [ 145.0306, -37.9684 ], [ 145.0303, -37.9696 ], [ 145.03, -37.9696 ], [ 145.0301, -37.9693 ], [ 145.0294, -37.9692 ], [ 145.0293, -37.9695 ], [ 145.0272, -37.9693 ] ] ] } },
{ "type": "Feature", "properties": { "loc_pid": "loc0f84961f7515", "suburb": "Chirnside Park", "join_key": "CHIRNSIDE PARK" }, "geometry": { "type": "Polygon", "coordinates": [ [ [ 145.2869, -37.7353 ], [ 145.2908, -37.7316 ], [ 145.2899, -37.7316 ], [ 145.2885, -37.7297 ], [ 145.2916, -37.7283 ], [ 145.2925, -37.7273 ], [ 145.2939, -37.7229 ], [ 145.2924, -37.7192 ], [ 145.2936, -37.7125 ], [ 145.2934, -37.7122 ], [ 145.2958, -37.7129 ], [ 145.296, -37.7139 ], [ 145.2995, -37.7128 ], [ 145.3013, -37.7145 ], [ 145.3025, -37.7149 ], [ 145.3025, -37.7152 ], [ 145.3014, -37.7157 ], [ 145.3026, -37.7167 ], [ 145.3034, -37.7166 ], [ 145.3037, -37.716 ], [ 145.3087, -37.7163 ], [ 145.3116, -37.716 ], [ 145.3126, -37.7151 ], [ 145.3127, -37.7141 ], [ 145.3126, -37.7141 ], [ 145.3124, -37.714 ], [ 145.3124, -37.714 ], [ 145.3123, -37.7139 ], [ 145.3425, -37.7164 ], [ 145.3427, -37.7167 ], [ 145.3343, -37.7611 ], [ 145.3284, -37.7604 ], [ 145.3262, -37.7596 ], [ 145.3219, -37.759 ], [ 145.3186, -37.759 ], [ 145.3161, -37.7584 ], [ 145.3148, -37.7656 ], [ 145.3101, -37.765 ], [ 145.3104, -37.7655 ], [ 145.3101, -37.7657 ], [ 145.3097, -37.7654 ], [ 145.3087, -37.7662 ], [ 145.3083, -37.7686 ], [ 145.3049, -37.7682 ], [ 145.3042, -37.7717 ], [ 145.2981, -37.7708 ], [ 145.2973, -37.7704 ], [ 145.2975, -37.7695 ], [ 145.2972, -37.7693 ], [ 145.3003, -37.7673 ], [ 145.2998, -37.7668 ], [ 145.2959, -37.7664 ], [ 145.297, -37.7604 ], [ 145.2917, -37.7598 ], [ 145.2928, -37.7592 ], [ 145.2927, -37.7585 ], [ 145.2933, -37.7585 ], [ 145.2938, -37.7556 ], [ 145.2923, -37.7554 ], [ 145.2952, -37.7504 ], [ 145.2905, -37.7491 ], [ 145.289, -37.7403 ], [ 145.2887, -37.7403 ], [ 145.2883, -37.7388 ], [ 145.2877, -37.738 ], [ 145.2869, -37.7353 ] ] ] } },
{ "type": "Feature", "properties": { "loc_pid": "loc39cd317eec9d", "suburb": "Clarinda", "join_key": "CLARINDA" }, "geometry": { "type": "Polygon", "coordinates": [ [ [ 145.0972, -37.9445 ], [ 145.1007, -37.9263 ], [ 145.1099, -37.9274 ], [ 145.1071, -37.9418 ], [ 145.1163, -37.9429 ], [ 145.1134, -37.9576 ], [ 145.1123, -37.9575 ], [ 145.1119, -37.9592 ], [ 145.1068, -37.9587 ], [ 145.1044, -37.9577 ], [ 145.1034, -37.9568 ], [ 145.0994, -37.947 ], [ 145.0972, -37.9445 ] ] ] } },
{ "type": "Feature", "properties": { "loc_pid": "loc86dc9bf35404", "suburb": "Clayton", "join_key": "CLAYTON" }, "geometry": { "type": "Polygon", "coordinates": [ [ [ 145.1075, -37.9271 ], [ 145.1092, -37.919 ], [ 145.1114, -37.9192 ], [ 145.1115, -37.9184 ], [ 145.1122, -37.918 ], [ 145.1133, -37.9128 ], [ 145.1219, -37.9138 ], [ 145.1245, -37.8992 ], [ 145.1292, -37.8997 ], [ 145.1282, -37.9051 ], [ 145.142, -37.9067 ], [ 145.1413, -37.9099 ], [ 145.1505, -37.9109 ], [ 145.1507, -37.9098 ], [ 145.1516, -37.9099 ], [ 145.1506, -37.9155 ], [ 145.1503, -37.9155 ], [ 145.1502, -37.9159 ], [ 145.1503, -37.9178 ], [ 145.1497, -37.9191 ], [ 145.1491, -37.919 ], [ 145.1475, -37.9272 ], [ 145.1434, -37.9246 ], [ 145.1427, -37.9258 ], [ 145.1417, -37.9314 ], [ 145.1075, -37.9271 ] ] ] } },
{ "type": "Feature", "properties": { "loc_pid": "locde8437240459", "suburb": "Clayton South", "join_key": "CLAYTON SOUTH" }, "geometry": { "type": "Polygon", "coordinates": [ [ [ 145.1071, -37.9418 ], [ 145.1099, -37.9274 ], [ 145.1419, -37.9314 ], [ 145.1401, -37.9399 ], [ 145.14, -37.9435 ], [ 145.1366, -37.9605 ], [ 145.1316, -37.96 ], [ 145.1307, -37.9603 ], [ 145.1295, -37.9615 ], [ 145.1119, -37.9592 ], [ 145.1123, -37.9575 ], [ 145.1134, -37.9576 ], [ 145.1163, -37.9429 ], [ 145.1071, -37.9418 ] ] ] } },
{ "type": "Feature", "properties": { "loc_pid": "locb20cdea6f682", "suburb": "Clifton Hill", "join_key": "CLIFTON HILL" }, "geometry": { "type": "Polygon", "coordinates": [ [ [ 144.9851, -37.7939 ], [ 144.9857, -37.7908 ], [ 144.992, -37.7881 ], [ 144.9952, -37.7871 ], [ 144.9955, -37.786 ], [ 144.9948, -37.7855 ], [ 144.9956, -37.7847 ], [ 144.9975, -37.7856 ], [ 144.9985, -37.7856 ], [ 144.9999, -37.7849 ], [ 145.0015, -37.7833 ], [ 145.0027, -37.783 ], [ 145.0039, -37.7839 ], [ 145.0051, -37.7855 ], [ 145.0077, -37.7865 ], [ 145.0083, -37.7873 ], [ 145.0085, -37.789 ], [ 145.0081, -37.7896 ], [ 145.0075, -37.7902 ], [ 145.0057, -37.791 ], [ 145.0051, -37.7924 ], [ 145.003, -37.7937 ], [ 145.0015, -37.7942 ], [ 145.0011, -37.7948 ], [ 145.0012, -37.7953 ], [ 145.0009, -37.7954 ], [ 144.9965, -37.7956 ], [ 144.9922, -37.7952 ], [ 144.9903, -37.7944 ], [ 144.9851, -37.7939 ] ] ] } },
{ "type": "Feature", "properties": { "loc_pid": "loc517609e09c88", "suburb": "Clyde", "join_key": "CLYDE" }, "geometry": { "type": "Polygon", "coordinates": [ [ [ 145.3077, -38.1417 ], [ 145.3098, -38.1316 ], [ 145.315, -38.1323 ], [ 145.3169, -38.1227 ], [ 145.3186, -38.1203 ], [ 145.3188, -38.1192 ], [ 145.3183, -38.1188 ], [ 145.3185, -38.1176 ], [ 145.3834, -38.1256 ], [ 145.3995, -38.143 ], [ 145.3932, -38.1719 ], [ 145.3735, -38.1693 ], [ 145.3713, -38.1799 ], [ 145.3438, -38.1764 ], [ 145.3422, -38.184 ], [ 145.3242, -38.1657 ], [ 145.3194, -38.1622 ], [ 145.3184, -38.1605 ], [ 145.3158, -38.1508 ], [ 145.3129, -38.1453 ], [ 145.3077, -38.1417 ] ] ] } },
{ "type": "Feature", "properties": { "loc_pid": "loc0475beb19ff3", "suburb": "Clyde North", "join_key": "CLYDE NORTH" }, "geometry": { "type": "Polygon", "coordinates": [ [ [ 145.316, -38.0965 ], [ 145.3163, -38.0947 ], [ 145.3234, -38.0956 ], [ 145.3249, -38.0883 ], [ 145.3327, -38.0892 ], [ 145.3353, -38.0745 ], [ 145.3765, -38.0796 ], [ 145.3769, -38.0799 ], [ 145.3773, -38.0795 ], [ 145.3779, -38.0795 ], [ 145.3781, -38.08 ], [ 145.3786, -38.0798 ], [ 145.3792, -38.0804 ], [ 145.379, -38.0809 ], [ 145.3798, -38.0809 ], [ 145.3804, -38.0816 ], [ 145.3804, -38.0824 ], [ 145.3799, -38.0826 ], [ 145.3806, -38.0829 ], [ 145.3803, -38.0831 ], [ 145.3806, -38.0837 ], [ 145.3801, -38.0839 ], [ 145.3806, -38.0845 ], [ 145.3803, -38.085 ], [ 145.3818, -38.0857 ], [ 145.3819, -38.0862 ], [ 145.3815, -38.0872 ], [ 145.381, -38.0872 ], [ 145.3808, -38.0875 ], [ 145.3813, -38.0889 ], [ 145.3819, -38.0889 ], [ 145.3817, -38.0892 ], [ 145.382, -38.0897 ], [ 145.3824, -38.0898 ], [ 145.3826, -38.0891 ], [ 145.3828, -38.0892 ], [ 145.3828, -38.0903 ], [ 145.3823, -38.0903 ], [ 145.3823, -38.0909 ], [ 145.3828, -38.0909 ], [ 145.3836, -38.0918 ], [ 145.3844, -38.0917 ], [ 145.3845, -38.0922 ], [ 145.3852, -38.0925 ], [ 145.3853, -38.093 ], [ 145.3848, -38.0932 ], [ 145.3852, -38.0936 ], [ 145.3868, -38.0937 ], [ 145.3876, -38.0942 ], [ 145.389, -38.0938 ], [ 145.389, -38.0946 ], [ 145.3897, -38.0942 ], [ 145.3899, -38.0945 ], [ 145.3907, -38.0946 ], [ 145.3908, -38.0953 ], [ 145.3916, -38.0962 ], [ 145.3919, -38.0964 ], [ 145.3924, -38.0961 ], [ 145.3926, -38.0966 ], [ 145.3922, -38.0969 ], [ 145.3933, -38.0976 ], [ 145.3943, -38.0974 ], [ 145.395, -38.0977 ], [ 145.3963, -38.0993 ], [ 145.3978, -38.0999 ], [ 145.3991, -38.1017 ], [ 145.3984, -38.1051 ], [ 145.4006, -38.108 ], [ 145.4005, -38.1098 ], [ 145.4008, -38.1107 ], [ 145.399, -38.1134 ], [ 145.3999, -38.1156 ], [ 145.4018, -38.1179 ], [ 145.4019, -38.1189 ], [ 145.4017, -38.1192 ], [ 145.3966, -38.1194 ], [ 145.3885, -38.1205 ], [ 145.3874, -38.1212 ], [ 145.3831, -38.1257 ], [ 145.3649, -38.1232 ], [ 145.3179, -38.1176 ], [ 145.3209, -38.1031 ], [ 145.321, -38.1028 ], [ 145.3225, -38.103 ], [ 145.3236, -38.0974 ], [ 145.316, -38.0965 ] ] ] } },
{ "type": "Feature", "properties": { "loc_pid": "loc2ca9d59200dd", "suburb": "Cobblebank", "join_key": "COBBLEBANK" }, "geometry": { "type": "Polygon", "coordinates": [ [ [ 144.5782, -37.7029 ], [ 144.5793, -37.7024 ], [ 144.5799, -37.7016 ], [ 144.5813, -37.7008 ], [ 144.581, -37.6987 ], [ 144.5821, -37.6953 ], [ 144.5826, -37.6948 ], [ 144.5833, -37.6948 ], [ 144.5835, -37.6944 ], [ 144.5841, -37.6945 ], [ 144.5849, -37.6941 ], [ 144.59, -37.695 ], [ 144.6038, -37.6953 ], [ 144.6095, -37.696 ], [ 144.613, -37.6969 ], [ 144.6145, -37.6976 ], [ 144.621, -37.7024 ], [ 144.6175, -37.7227 ], [ 144.5992, -37.7207 ], [ 144.6, -37.7165 ], [ 144.5841, -37.7147 ], [ 144.5815, -37.7135 ], [ 144.5801, -37.7136 ], [ 144.5792, -37.7146 ], [ 144.5789, -37.7145 ], [ 144.58, -37.7133 ], [ 144.5794, -37.7123 ], [ 144.5808, -37.7116 ], [ 144.5811, -37.7111 ], [ 144.5806, -37.7104 ], [ 144.5798, -37.7107 ], [ 144.5794, -37.7105 ], [ 144.5807, -37.7084 ], [ 144.5809, -37.7066 ], [ 144.5803, -37.7054 ], [ 144.5791, -37.7048 ], [ 144.5792, -37.704 ], [ 144.5782, -37.7029 ] ] ] } },
{ "type": "Feature", "properties": { "loc_pid": "locbd7d4fd6b9e7", "suburb": "Coburg", "join_key": "COBURG" }, "geometry": { "type": "Polygon", "coordinates": [ [ [ 144.9461, -37.7463 ], [ 144.9472, -37.7398 ], [ 144.9475, -37.7394 ], [ 144.9492, -37.7396 ], [ 144.95, -37.7326 ], [ 144.9677, -37.7342 ], [ 144.9702, -37.7354 ], [ 144.9752, -37.7356 ], [ 144.9769, -37.7353 ], [ 144.9831, -37.736 ], [ 144.9833, -37.7365 ], [ 144.983, -37.7374 ], [ 144.9824, -37.7379 ], [ 144.9817, -37.7401 ], [ 144.981, -37.74 ], [ 144.9798, -37.7428 ], [ 144.9801, -37.7428 ], [ 144.9802, -37.7437 ], [ 144.9798, -37.7437 ], [ 144.982, -37.7455 ], [ 144.9815, -37.7462 ], [ 144.9802, -37.7463 ], [ 144.9806, -37.7477 ], [ 144.9814, -37.7488 ], [ 144.9806, -37.7499 ], [ 144.9818, -37.7519 ], [ 144.9813, -37.7526 ], [ 144.98, -37.753 ], [ 144.9792, -37.7543 ], [ 144.9797, -37.7547 ], [ 144.9795, -37.7551 ], [ 144.9802, -37.7573 ], [ 144.9462, -37.7533 ], [ 144.9472, -37.7474 ], [ 144.9463, -37.7472 ], [ 144.9461, -37.7463 ] ] ] } },
{ "type": "Feature", "properties": { "loc_pid": "loc3271d3814fc5", "suburb": "Coburg North", "join_key": "COBURG NORTH" }, "geometry": { "type": "Polygon", "coordinates": [ [ [ 144.9495, -37.7325 ], [ 144.9497, -37.7313 ], [ 144.9503, -37.7313 ], [ 144.9503, -37.73 ], [ 144.9517, -37.7301 ], [ 144.952, -37.7277 ], [ 144.9508, -37.7275 ], [ 144.9508, -37.7261 ], [ 144.9509, -37.7255 ], [ 144.9517, -37.7256 ], [ 144.9518, -37.7251 ], [ 144.9512, -37.7247 ], [ 144.951, -37.7241 ], [ 144.9516, -37.7224 ], [ 144.9521, -37.7181 ], [ 144.9724, -37.7202 ], [ 144.9741, -37.72 ], [ 144.9754, -37.7193 ], [ 144.9781, -37.7195 ], [ 144.9787, -37.7192 ], [ 144.9794, -37.7197 ], [ 144.9791, -37.7201 ], [ 144.9782, -37.7204 ], [ 144.9786, -37.7214 ], [ 144.9814, -37.7217 ], [ 144.9818, -37.7211 ], [ 144.9824, -37.7211 ], [ 144.9858, -37.7214 ], [ 144.9855, -37.7246 ], [ 144.985, -37.7268 ], [ 144.9846, -37.7269 ], [ 144.9849, -37.7277 ], [ 144.9845, -37.7293 ], [ 144.984, -37.7293 ], [ 144.9839, -37.7302 ], [ 144.9844, -37.7302 ], [ 144.9834, -37.736 ], [ 144.9769, -37.7353 ], [ 144.9752, -37.7356 ], [ 144.9702, -37.7354 ], [ 144.9677, -37.7342 ], [ 144.9495, -37.7325 ] ] ] } },
{ "type": "Feature", "properties": { "loc_pid": "locaf8d2e9e4584", "suburb": "Coldstream", "join_key": "COLDSTREAM" }, "geometry": { "type": "Polygon", "coordinates": [ [ [ 145.3111, -37.7119 ], [ 145.3121, -37.7114 ], [ 145.3123, -37.711 ], [ 145.3112, -37.7093 ], [ 145.3114, -37.709 ], [ 145.3121, -37.7091 ], [ 145.3138, -37.7101 ], [ 145.3144, -37.7094 ], [ 145.314, -37.7086 ], [ 145.3126, -37.7087 ], [ 145.3123, -37.7084 ], [ 145.3125, -37.7081 ], [ 145.3141, -37.7081 ], [ 145.3136, -37.7069 ], [ 145.3143, -37.7064 ], [ 145.3149, -37.7065 ], [ 145.3154, -37.7071 ], [ 145.3165, -37.7066 ], [ 145.3186, -37.7079 ], [ 145.3202, -37.7071 ], [ 145.3215, -37.7076 ], [ 145.322, -37.7073 ], [ 145.3216, -37.7063 ], [ 145.3204, -37.7067 ], [ 145.32, -37.7063 ], [ 145.3187, -37.7042 ], [ 145.3152, -37.7002 ], [ 145.3148, -37.6996 ], [ 145.3149, -37.6987 ], [ 145.3449, -37.7023 ], [ 145.3706, -37.7048 ], [ 145.4003, -37.7084 ], [ 145.403, -37.6938 ], [ 145.4009, -37.6936 ], [ 145.4042, -37.6748 ], [ 145.4049, -37.6741 ], [ 145.4064, -37.6758 ], [ 145.4068, -37.6758 ], [ 145.4072, -37.6745 ], [ 145.4065, -37.674 ], [ 145.4072, -37.6724 ], [ 145.4073, -37.6709 ], [ 145.4083, -37.6682 ], [ 145.4095, -37.6683 ], [ 145.4093, -37.6669 ], [ 145.4108, -37.6668 ], [ 145.4107, -37.6678 ], [ 145.411, -37.6678 ], [ 145.4136, -37.6652 ], [ 145.4145, -37.6658 ], [ 145.4166, -37.6647 ], [ 145.4188, -37.6647 ], [ 145.4191, -37.6642 ], [ 145.4187, -37.6638 ], [ 145.419, -37.6635 ], [ 145.4205, -37.6639 ], [ 145.4205, -37.6643 ], [ 145.4195, -37.665 ], [ 145.42, -37.6653 ], [ 145.4219, -37.6638 ], [ 145.424, -37.6632 ], [ 145.4238, -37.6627 ], [ 145.4218, -37.6634 ], [ 145.4205, -37.6621 ], [ 145.4206, -37.6618 ], [ 145.4215, -37.6615 ], [ 145.4235, -37.6622 ], [ 145.4239, -37.662 ], [ 145.4204, -37.6587 ], [ 145.4203, -37.6578 ], [ 145.4214, -37.6575 ], [ 145.4221, -37.6576 ], [ 145.4228, -37.6582 ], [ 145.4253, -37.6581 ], [ 145.426, -37.6584 ], [ 145.4262, -37.6591 ], [ 145.4254, -37.6605 ], [ 145.4265, -37.6598 ], [ 145.4268, -37.6612 ], [ 145.4278, -37.6613 ], [ 145.4299, -37.663 ], [ 145.4309, -37.6632 ], [ 145.4309, -37.6636 ], [ 145.4297, -37.6642 ], [ 145.4298, -37.6647 ], [ 145.4313, -37.666 ], [ 145.4312, -37.6664 ], [ 145.4302, -37.6663 ], [ 145.43, -37.6665 ], [ 145.4305, -37.6677 ], [ 145.4299, -37.6681 ], [ 145.4299, -37.6686 ], [ 145.4305, -37.6686 ], [ 145.4317, -37.668 ], [ 145.4324, -37.6686 ], [ 145.4349, -37.6692 ], [ 145.4349, -37.6684 ], [ 145.4353, -37.668 ], [ 145.4362, -37.6694 ], [ 145.437, -37.6688 ], [ 145.4383, -37.6691 ], [ 145.4387, -37.6695 ], [ 145.4385, -37.6698 ], [ 145.4368, -37.6704 ], [ 145.4369, -37.6716 ], [ 145.4372, -37.6719 ], [ 145.4382, -37.6718 ], [ 145.4388, -37.6723 ], [ 145.4409, -37.6727 ], [ 145.4418, -37.674 ], [ 145.4431, -37.6736 ], [ 145.4437, -37.673 ], [ 145.4443, -37.673 ], [ 145.4457, -37.6734 ], [ 145.4461, -37.6742 ], [ 145.4465, -37.6742 ], [ 145.4481, -37.6736 ], [ 145.4491, -37.6727 ], [ 145.4501, -37.673 ], [ 145.4514, -37.6721 ], [ 145.4561, -37.6711 ], [ 145.4567, -37.6729 ], [ 145.4571, -37.6727 ], [ 145.4573, -37.6715 ], [ 145.4577, -37.6714 ], [ 145.4591, -37.673 ], [ 145.4602, -37.6731 ], [ 145.4611, -37.6738 ], [ 145.463, -37.6737 ], [ 145.4654, -37.6758 ], [ 145.4681, -37.676 ], [ 145.4687, -37.6757 ], [ 145.4686, -37.6747 ], [ 145.4693, -37.6741 ], [ 145.4681, -37.6741 ], [ 145.4681, -37.6736 ], [ 145.4696, -37.6726 ], [ 145.4714, -37.6729 ], [ 145.4724, -37.6722 ], [ 145.4724, -37.672 ], [ 145.4699, -37.6719 ], [ 145.4698, -37.6716 ], [ 145.4718, -37.6711 ], [ 145.4724, -37.6692 ], [ 145.4728, -37.6652 ], [ 145.4733, -37.6646 ], [ 145.4752, -37.6636 ], [ 145.4778, -37.6665 ], [ 145.4788, -37.667 ], [ 145.4798, -37.6655 ], [ 145.4798, -37.6644 ], [ 145.485, -37.6635 ], [ 145.4845, -37.6651 ], [ 145.4853, -37.6658 ], [ 145.4864, -37.6659 ], [ 145.4876, -37.6652 ], [ 145.4891, -37.6653 ], [ 145.4897, -37.6656 ], [ 145.4895, -37.6659 ], [ 145.4874, -37.6664 ], [ 145.4875, -37.6672 ], [ 145.4868, -37.668 ], [ 145.488, -37.6683 ], [ 145.4886, -37.6696 ], [ 145.489, -37.6697 ], [ 145.4901, -37.6691 ], [ 145.4899, -37.6704 ], [ 145.4908, -37.6722 ], [ 145.4924, -37.672 ], [ 145.493, -37.6727 ], [ 145.4925, -37.6735 ], [ 145.4913, -37.6738 ], [ 145.4889, -37.6738 ], [ 145.4889, -37.675 ], [ 145.4898, -37.6751 ], [ 145.4908, -37.6758 ], [ 145.4915, -37.6758 ], [ 145.489, -37.6776 ], [ 145.4891, -37.6779 ], [ 145.4905, -37.6784 ], [ 145.4897, -37.6789 ], [ 145.4897, -37.6798 ], [ 145.4904, -37.6806 ], [ 145.4908, -37.6802 ], [ 145.4915, -37.6804 ], [ 145.4916, -37.6813 ], [ 145.4928, -37.6817 ], [ 145.4937, -37.6829 ], [ 145.4922, -37.6833 ], [ 145.492, -37.6837 ], [ 145.4924, -37.6845 ], [ 145.4932, -37.6846 ], [ 145.4932, -37.6857 ], [ 145.4943, -37.6869 ], [ 145.4947, -37.6872 ], [ 145.4954, -37.6872 ], [ 145.4957, -37.6852 ], [ 145.4966, -37.6855 ], [ 145.497, -37.6865 ], [ 145.4966, -37.687 ], [ 145.4947, -37.688 ], [ 145.495, -37.6884 ], [ 145.4959, -37.6886 ], [ 145.4959, -37.689 ], [ 145.4947, -37.6904 ], [ 145.477, -37.6904 ], [ 145.477, -37.6969 ], [ 145.421, -37.697 ], [ 145.4186, -37.7107 ], [ 145.4194, -37.7111 ], [ 145.4214, -37.711 ], [ 145.4219, -37.7113 ], [ 145.4233, -37.713 ], [ 145.4245, -37.7137 ], [ 145.4249, -37.7148 ], [ 145.4261, -37.7164 ], [ 145.4276, -37.7208 ], [ 145.4273, -37.7215 ], [ 145.4275, -37.7224 ], [ 145.4282, -37.7232 ], [ 145.4278, -37.7243 ], [ 145.428, -37.7247 ], [ 145.4269, -37.726 ], [ 145.4272, -37.7263 ], [ 145.4269, -37.7278 ], [ 145.4281, -37.7284 ], [ 145.4281, -37.729 ], [ 145.4287, -37.7289 ], [ 145.4291, -37.7293 ], [ 145.4287, -37.7305 ], [ 145.429, -37.731 ], [ 145.4287, -37.7314 ], [ 145.429, -37.7315 ], [ 145.4285, -37.7315 ], [ 145.4279, -37.7323 ], [ 145.4282, -37.7327 ], [ 145.4274, -37.7332 ], [ 145.4275, -37.7342 ], [ 145.4281, -37.7345 ], [ 145.4287, -37.7343 ], [ 145.4292, -37.7349 ], [ 145.4296, -37.7345 ], [ 145.4304, -37.7348 ], [ 145.4303, -37.7352 ], [ 145.4309, -37.7361 ], [ 145.4301, -37.7367 ], [ 145.4305, -37.737 ], [ 145.4301, -37.7371 ], [ 145.4298, -37.7383 ], [ 145.4302, -37.739 ], [ 145.4301, -37.7419 ], [ 145.4289, -37.7425 ], [ 145.4293, -37.7435 ], [ 145.4278, -37.7445 ], [ 145.428, -37.7455 ], [ 145.4274, -37.7457 ], [ 145.4276, -37.746 ], [ 145.427, -37.7465 ], [ 145.4271, -37.747 ], [ 145.4275, -37.7471 ], [ 145.4273, -37.7476 ], [ 145.4277, -37.7483 ], [ 145.4281, -37.7483 ], [ 145.4277, -37.7489 ], [ 145.4283, -37.7492 ], [ 145.4277, -37.7496 ], [ 145.428, -37.7499 ], [ 145.4277, -37.7511 ], [ 145.4117, -37.7478 ], [ 145.4133, -37.7392 ], [ 145.3763, -37.7349 ], [ 145.374, -37.7385 ], [ 145.3694, -37.7361 ], [ 145.3409, -37.7265 ], [ 145.3427, -37.7167 ], [ 145.3425, -37.7164 ], [ 145.3122, -37.7139 ], [ 145.3113, -37.713 ], [ 145.3122, -37.7127 ], [ 145.3124, -37.7122 ], [ 145.3111, -37.7119 ] ] ] } },
{ "type": "Feature", "properties": { "loc_pid": "loc6de0828869d7", "suburb": "Collingwood", "join_key": "COLLINGWOOD" }, "geometry": { "type": "Polygon", "coordinates": [ [ [ 144.9826, -37.8089 ], [ 144.9851, -37.7939 ], [ 144.9903, -37.7944 ], [ 144.9918, -37.7951 ], [ 144.9938, -37.7953 ], [ 144.9913, -37.8099 ], [ 144.9826, -37.8089 ] ] ] } },
{ "type": "Feature", "properties": { "loc_pid": "loc9baff2540961", "suburb": "Coolaroo", "join_key": "COOLAROO" }, "geometry": { "type": "Polygon", "coordinates": [ [ [ 144.9221, -37.6638 ], [ 144.9224, -37.6625 ], [ 144.9231, -37.6615 ], [ 144.9248, -37.6606 ], [ 144.9258, -37.6596 ], [ 144.9267, -37.6576 ], [ 144.9314, -37.6503 ], [ 144.9314, -37.6478 ], [ 144.9287, -37.6431 ], [ 144.9288, -37.6407 ], [ 144.9349, -37.6414 ], [ 144.9348, -37.6431 ], [ 144.9421, -37.6541 ], [ 144.9469, -37.6665 ], [ 144.9221, -37.6638 ] ] ] } },
{ "type": "Feature", "properties": { "loc_pid": "loc6ae8cb311823", "suburb": "Craigieburn", "join_key": "CRAIGIEBURN" }, "geometry": { "type": "Polygon", "coordinates": [ [ [ 144.8795, -37.5898 ], [ 144.8902, -37.5911 ], [ 144.8919, -37.5801 ], [ 144.8943, -37.5804 ], [ 144.8947, -37.5783 ], [ 144.8949, -37.5766 ], [ 144.8927, -37.5764 ], [ 144.895, -37.5642 ], [ 144.9405, -37.5697 ], [ 144.9455, -37.5401 ], [ 144.96, -37.5417 ], [ 144.9594, -37.5426 ], [ 144.959, -37.5423 ], [ 144.9578, -37.5424 ], [ 144.9549, -37.5436 ], [ 144.9546, -37.5445 ], [ 144.9538, -37.545 ], [ 144.9538, -37.5462 ], [ 144.9532, -37.5471 ], [ 144.9531, -37.5481 ], [ 144.9537, -37.5488 ], [ 144.9541, -37.5501 ], [ 144.9554, -37.5505 ], [ 144.9589, -37.5542 ], [ 144.9601, -37.5546 ], [ 144.9599, -37.5557 ], [ 144.9609, -37.5559 ], [ 144.9607, -37.5566 ], [ 144.961, -37.5569 ], [ 144.9618, -37.5568 ], [ 144.963, -37.5573 ], [ 144.9639, -37.5573 ], [ 144.9645, -37.559 ], [ 144.9655, -37.5601 ], [ 144.9656, -37.5604 ], [ 144.9644, -37.5618 ], [ 144.9647, -37.5629 ], [ 144.9637, -37.5654 ], [ 144.9641, -37.5663 ], [ 144.9632, -37.5672 ], [ 144.9641, -37.5686 ], [ 144.9637, -37.5716 ], [ 144.9654, -37.5722 ], [ 144.9651, -37.5729 ], [ 144.9653, -37.5735 ], [ 144.9647, -37.574 ], [ 144.9644, -37.5753 ], [ 144.9635, -37.576 ], [ 144.9623, -37.5777 ], [ 144.9633, -37.5793 ], [ 144.9603, -37.5804 ], [ 144.96, -37.5818 ], [ 144.9574, -37.5816 ], [ 144.9566, -37.5824 ], [ 144.9568, -37.5834 ], [ 144.9585, -37.5851 ], [ 144.9582, -37.5854 ], [ 144.9572, -37.5854 ], [ 144.9569, -37.5858 ], [ 144.9578, -37.587 ], [ 144.9579, -37.5881 ], [ 144.9573, -37.5891 ], [ 144.9585, -37.5903 ], [ 144.9588, -37.5911 ], [ 144.9576, -37.5916 ], [ 144.9568, -37.5912 ], [ 144.956, -37.5912 ], [ 144.9557, -37.5927 ], [ 144.9549, -37.5933 ], [ 144.9549, -37.5953 ], [ 144.954, -37.5961 ], [ 144.9535, -37.5959 ], [ 144.953, -37.5964 ], [ 144.9531, -37.5978 ], [ 144.9525, -37.5987 ], [ 144.9527, -37.5995 ], [ 144.9522, -37.5998 ], [ 144.953, -37.6009 ], [ 144.9534, -37.601 ], [ 144.9534, -37.6016 ], [ 144.9528, -37.6027 ], [ 144.9531, -37.6037 ], [ 144.9523, -37.6038 ], [ 144.952, -37.6043 ], [ 144.9523, -37.607 ], [ 144.9517, -37.6071 ], [ 144.9508, -37.6067 ], [ 144.9494, -37.6071 ], [ 144.9485, -37.6068 ], [ 144.9467, -37.607 ], [ 144.9465, -37.6073 ], [ 144.947, -37.608 ], [ 144.9483, -37.6083 ], [ 144.9503, -37.6111 ], [ 144.9507, -37.6112 ], [ 144.9515, -37.6105 ], [ 144.9521, -37.6105 ], [ 144.9526, -37.6109 ], [ 144.9528, -37.6122 ], [ 144.9519, -37.6133 ], [ 144.9526, -37.614 ], [ 144.9539, -37.6136 ], [ 144.9547, -37.6145 ], [ 144.9546, -37.6159 ], [ 144.9557, -37.6163 ], [ 144.9562, -37.6174 ], [ 144.9554, -37.6184 ], [ 144.9554, -37.6193 ], [ 144.9559, -37.6203 ], [ 144.9572, -37.6202 ], [ 144.9574, -37.6207 ], [ 144.957, -37.6212 ], [ 144.956, -37.6215 ], [ 144.9554, -37.6224 ], [ 144.9536, -37.6226 ], [ 144.939, -37.6209 ], [ 144.9405, -37.6137 ], [ 144.9274, -37.6123 ], [ 144.9275, -37.6119 ], [ 144.9153, -37.6104 ], [ 144.9125, -37.6101 ], [ 144.9127, -37.6106 ], [ 144.9124, -37.6106 ], [ 144.9005, -37.6092 ], [ 144.9003, -37.6117 ], [ 144.8911, -37.6105 ], [ 144.8921, -37.6064 ], [ 144.8836, -37.6051 ], [ 144.8795, -37.5898 ] ] ] } },
{ "type": "Feature", "properties": { "loc_pid": "locc0b6d754799e", "suburb": "Cranbourne", "join_key": "CRANBOURNE" }, "geometry": { "type": "Polygon", "coordinates": [ [ [ 145.2492, -38.1241 ], [ 145.2522, -38.1113 ], [ 145.2531, -38.1099 ], [ 145.2539, -38.1096 ], [ 145.2651, -38.1108 ], [ 145.2693, -38.0889 ], [ 145.2711, -38.0891 ], [ 145.2648, -38.0808 ], [ 145.2954, -38.0845 ], [ 145.2883, -38.1215 ], [ 145.2912, -38.1292 ], [ 145.2862, -38.1285 ], [ 145.2836, -38.143 ], [ 145.2794, -38.1426 ], [ 145.279, -38.1448 ], [ 145.2707, -38.1439 ], [ 145.2709, -38.1427 ], [ 145.2654, -38.1421 ], [ 145.2656, -38.141 ], [ 145.2577, -38.1328 ], [ 145.2683, -38.1265 ], [ 145.2492, -38.1241 ] ] ] } },
{ "type": "Feature", "properties": { "loc_pid": "locae977e7a8d83", "suburb": "Cranbourne East", "join_key": "CRANBOURNE EAST" }, "geometry": { "type": "Polygon", "coordinates": [ [ [ 145.2883, -38.1215 ], [ 145.2954, -38.0845 ], [ 145.3249, -38.0883 ], [ 145.3234, -38.0956 ], [ 145.3163, -38.0947 ], [ 145.316, -38.0965 ], [ 145.3236, -38.0974 ], [ 145.3229, -38.1018 ], [ 145.3225, -38.103 ], [ 145.321, -38.1028 ], [ 145.3209, -38.1031 ], [ 145.3179, -38.1176 ], [ 145.3185, -38.1176 ], [ 145.3183, -38.1188 ], [ 145.3188, -38.1192 ], [ 145.3186, -38.1203 ], [ 145.3169, -38.1227 ], [ 145.315, -38.1323 ], [ 145.3098, -38.1316 ], [ 145.3077, -38.1417 ], [ 145.3008, -38.1369 ], [ 145.2912, -38.1292 ], [ 145.2883, -38.1215 ] ] ] } },
{ "type": "Feature", "properties": { "loc_pid": "loc9fe59dbd0874", "suburb": "Cranbourne North", "join_key": "CRANBOURNE NORTH" }, "geometry": { "type": "Polygon", "coordinates": [ [ [ 145.2621, -38.0788 ], [ 145.2623, -38.0778 ], [ 145.2628, -38.0775 ], [ 145.2626, -38.0773 ], [ 145.2643, -38.0695 ], [ 145.2627, -38.0689 ], [ 145.263, -38.0674 ], [ 145.2646, -38.0677 ], [ 145.265, -38.0658 ], [ 145.2907, -38.0689 ], [ 145.2923, -38.0697 ], [ 145.2938, -38.071 ], [ 145.2951, -38.0715 ], [ 145.2978, -38.0718 ], [ 145.2983, -38.0698 ], [ 145.3353, -38.0745 ], [ 145.3327, -38.0892 ], [ 145.2648, -38.0808 ], [ 145.2635, -38.0806 ], [ 145.2621, -38.0788 ] ] ] } },
{ "type": "Feature", "properties": { "loc_pid": "locb52441c1176c", "suburb": "Cranbourne South", "join_key": "CRANBOURNE SOUTH" }, "geometry": { "type": "Polygon", "coordinates": [ [ [ 145.2217, -38.169 ], [ 145.2306, -38.1217 ], [ 145.2487, -38.124 ], [ 145.2499, -38.1248 ], [ 145.2455, -38.1479 ], [ 145.2912, -38.1535 ], [ 145.2867, -38.1767 ], [ 145.2595, -38.1733 ], [ 145.2217, -38.169 ] ] ] } },
{ "type": "Feature", "properties": { "loc_pid": "loc9ea2b366d63f", "suburb": "Cranbourne West", "join_key": "CRANBOURNE WEST" }, "geometry": { "type": "Polygon", "coordinates": [ [ [ 145.2305, -38.1217 ], [ 145.2394, -38.0777 ], [ 145.2648, -38.0808 ], [ 145.2711, -38.0891 ], [ 145.2693, -38.0889 ], [ 145.2651, -38.1108 ], [ 145.2539, -38.1096 ], [ 145.2531, -38.1099 ], [ 145.2522, -38.1113 ], [ 145.2492, -38.1241 ], [ 145.2305, -38.1217 ] ] ] } },
{ "type": "Feature", "properties": { "loc_pid": "loc87f2ad0c0fd7", "suburb": "Cremorne", "join_key": "CREMORNE" }, "geometry": { "type": "Polygon", "coordinates": [ [ [ 144.9879, -37.8296 ], [ 144.9888, -37.8246 ], [ 144.9979, -37.8257 ], [ 144.9966, -37.8343 ], [ 144.9936, -37.8334 ], [ 144.9911, -37.8331 ], [ 144.9879, -37.8296 ] ] ] } },
{ "type": "Feature", "properties": { "loc_pid": "loce93280cdb0cc", "suburb": "Crib Point", "join_key": "CRIB POINT" }, "geometry": { "type": "Polygon", "coordinates": [ [ [ 145.1815, -38.3462 ], [ 145.1909, -38.346 ], [ 145.1876, -38.3388 ], [ 145.204, -38.3387 ], [ 145.2041, -38.3394 ], [ 145.2056, -38.3408 ], [ 145.2056, -38.3413 ], [ 145.207, -38.3417 ], [ 145.2077, -38.3411 ], [ 145.2077, -38.3419 ], [ 145.2089, -38.3427 ], [ 145.2091, -38.3432 ], [ 145.2099, -38.3423 ], [ 145.2117, -38.3422 ], [ 145.2127, -38.3418 ], [ 145.2147, -38.3423 ], [ 145.2141, -38.3441 ], [ 145.2152, -38.3453 ], [ 145.217, -38.3458 ], [ 145.2173, -38.3465 ], [ 145.2186, -38.3475 ], [ 145.2184, -38.3479 ], [ 145.2188, -38.3484 ], [ 145.2183, -38.3485 ], [ 145.2184, -38.3489 ], [ 145.2251, -38.3489 ], [ 145.225, -38.3475 ], [ 145.2253, -38.3475 ], [ 145.2254, -38.3488 ], [ 145.226, -38.3488 ], [ 145.2261, -38.3499 ], [ 145.2254, -38.3499 ], [ 145.2256, -38.3519 ], [ 145.2262, -38.3519 ], [ 145.2263, -38.3528 ], [ 145.2256, -38.3528 ], [ 145.2257, -38.3537 ], [ 145.2252, -38.3526 ], [ 145.2249, -38.3492 ], [ 145.2185, -38.3492 ], [ 145.2176, -38.351 ], [ 145.2153, -38.353 ], [ 145.2143, -38.3546 ], [ 145.2133, -38.357 ], [ 145.2132, -38.3584 ], [ 145.2137, -38.3611 ], [ 145.2136, -38.3667 ], [ 145.2148, -38.3688 ], [ 145.2173, -38.3704 ], [ 145.2176, -38.3712 ], [ 145.2191, -38.3727 ], [ 145.2208, -38.3733 ], [ 145.2225, -38.3722 ], [ 145.2234, -38.373 ], [ 145.2244, -38.3724 ], [ 145.2241, -38.3719 ], [ 145.2243, -38.3713 ], [ 145.2254, -38.3728 ], [ 145.2246, -38.3724 ], [ 145.2224, -38.3738 ], [ 145.2226, -38.3741 ], [ 145.2217, -38.3754 ], [ 145.2208, -38.3754 ], [ 145.2166, -38.3725 ], [ 145.2161, -38.3716 ], [ 145.213, -38.3696 ], [ 145.2061, -38.3673 ], [ 145.2058, -38.3676 ], [ 145.2015, -38.3654 ], [ 145.2018, -38.365 ], [ 145.2015, -38.3649 ], [ 145.2012, -38.3653 ], [ 145.1996, -38.3645 ], [ 145.1988, -38.3628 ], [ 145.1905, -38.3551 ], [ 145.1866, -38.3551 ], [ 145.1866, -38.3535 ], [ 145.1895, -38.3535 ], [ 145.1815, -38.3462 ] ] ] } },
{ "type": "Feature", "properties": { "loc_pid": "loccb9bfb1fb49a", "suburb": "Croydon", "join_key": "CROYDON" }, "geometry": { "type": "Polygon", "coordinates": [ [ [ 145.2542, -37.795 ], [ 145.2548, -37.7944 ], [ 145.2554, -37.7928 ], [ 145.2561, -37.7923 ], [ 145.2562, -37.7915 ], [ 145.2574, -37.7908 ], [ 145.2577, -37.7885 ], [ 145.2589, -37.7869 ], [ 145.2618, -37.7849 ], [ 145.264, -37.7847 ], [ 145.2644, -37.7824 ], [ 145.2741, -37.7836 ], [ 145.2777, -37.7857 ], [ 145.2794, -37.784 ], [ 145.2806, -37.7836 ], [ 145.2826, -37.7835 ], [ 145.2916, -37.7795 ], [ 145.2934, -37.7725 ], [ 145.2958, -37.7701 ], [ 145.2971, -37.7693 ], [ 145.2975, -37.7695 ], [ 145.2973, -37.7704 ], [ 145.2992, -37.7714 ], [ 145.3005, -37.7734 ], [ 145.3017, -37.7744 ], [ 145.3022, -37.7744 ], [ 145.3035, -37.7758 ], [ 145.3043, -37.7756 ], [ 145.306, -37.7766 ], [ 145.3071, -37.7766 ], [ 145.3079, -37.7775 ], [ 145.3078, -37.7783 ], [ 145.3064, -37.7789 ], [ 145.3059, -37.7799 ], [ 145.3063, -37.782 ], [ 145.3074, -37.7837 ], [ 145.3055, -37.7831 ], [ 145.3053, -37.7844 ], [ 145.3063, -37.7856 ], [ 145.3057, -37.7892 ], [ 145.3086, -37.7896 ], [ 145.3087, -37.7899 ], [ 145.3073, -37.7908 ], [ 145.3078, -37.7917 ], [ 145.307, -37.7923 ], [ 145.3079, -37.7939 ], [ 145.3088, -37.794 ], [ 145.3087, -37.7949 ], [ 145.3081, -37.7948 ], [ 145.3082, -37.7944 ], [ 145.3072, -37.7941 ], [ 145.3063, -37.7944 ], [ 145.3061, -37.7941 ], [ 145.3056, -37.7943 ], [ 145.3057, -37.7945 ], [ 145.3051, -37.7945 ], [ 145.3049, -37.794 ], [ 145.3042, -37.7941 ], [ 145.3047, -37.7949 ], [ 145.304, -37.7948 ], [ 145.3035, -37.7975 ], [ 145.3041, -37.7975 ], [ 145.3041, -37.798 ], [ 145.3036, -37.7997 ], [ 145.3031, -37.7998 ], [ 145.303, -37.8007 ], [ 145.3038, -37.8007 ], [ 145.3038, -37.8009 ], [ 145.3037, -37.8013 ], [ 145.3026, -37.8012 ], [ 145.3022, -37.8034 ], [ 145.3031, -37.8036 ], [ 145.3029, -37.8045 ], [ 145.3024, -37.8045 ], [ 145.3027, -37.8047 ], [ 145.3027, -37.8055 ], [ 145.3022, -37.8082 ], [ 145.3043, -37.8084 ], [ 145.3067, -37.808 ], [ 145.3043, -37.8086 ], [ 145.3044, -37.8093 ], [ 145.3036, -37.8111 ], [ 145.2978, -37.8104 ], [ 145.2973, -37.8132 ], [ 145.2882, -37.8121 ], [ 145.2881, -37.8134 ], [ 145.2731, -37.8115 ], [ 145.2696, -37.8105 ], [ 145.2596, -37.8093 ], [ 145.2594, -37.8091 ], [ 145.264, -37.8078 ], [ 145.262, -37.8039 ], [ 145.2626, -37.8035 ], [ 145.2612, -37.8019 ], [ 145.2601, -37.8015 ], [ 145.2606, -37.8008 ], [ 145.2559, -37.7966 ], [ 145.2569, -37.7958 ], [ 145.2564, -37.7953 ], [ 145.2552, -37.7961 ], [ 145.2542, -37.795 ] ] ] } },
{ "type": "Feature", "properties": { "loc_pid": "locdc955a0a97c9", "suburb": "Croydon Hills", "join_key": "CROYDON HILLS" }, "geometry": { "type": "Polygon", "coordinates": [ [ [ 145.2561, -37.7813 ], [ 145.2574, -37.774 ], [ 145.2619, -37.7745 ], [ 145.2622, -37.7732 ], [ 145.2625, -37.7713 ], [ 145.2621, -37.7707 ], [ 145.2622, -37.7703 ], [ 145.2627, -37.7702 ], [ 145.2632, -37.7673 ], [ 145.2588, -37.7668 ], [ 145.2591, -37.7652 ], [ 145.264, -37.7668 ], [ 145.2661, -37.7668 ], [ 145.2661, -37.7679 ], [ 145.2726, -37.7685 ], [ 145.2756, -37.7695 ], [ 145.2762, -37.7705 ], [ 145.2741, -37.7836 ], [ 145.2561, -37.7813 ] ] ] } },
{ "type": "Feature", "properties": { "loc_pid": "locfeb30fa2d21c", "suburb": "Croydon North", "join_key": "CROYDON NORTH" }, "geometry": { "type": "Polygon", "coordinates": [ [ [ 145.2712, -37.765 ], [ 145.2719, -37.7631 ], [ 145.2782, -37.7618 ], [ 145.2963, -37.7634 ], [ 145.2959, -37.7664 ], [ 145.2998, -37.7668 ], [ 145.3003, -37.7674 ], [ 145.2958, -37.7701 ], [ 145.2934, -37.7725 ], [ 145.2916, -37.7795 ], [ 145.2826, -37.7835 ], [ 145.2806, -37.7836 ], [ 145.2794, -37.784 ], [ 145.2777, -37.7857 ], [ 145.2741, -37.7836 ], [ 145.2762, -37.7705 ], [ 145.2756, -37.7695 ], [ 145.2721, -37.7682 ], [ 145.2723, -37.7669 ], [ 145.2712, -37.765 ] ] ] } },
{ "type": "Feature", "properties": { "loc_pid": "locdcb72e93920d", "suburb": "Croydon South", "join_key": "CROYDON SOUTH" }, "geometry": { "type": "Polygon", "coordinates": [ [ [ 145.2589, -37.8096 ], [ 145.2596, -37.8093 ], [ 145.2696, -37.8105 ], [ 145.2731, -37.8115 ], [ 145.2881, -37.8134 ], [ 145.2882, -37.8121 ], [ 145.2969, -37.8131 ], [ 145.2973, -37.8132 ], [ 145.2965, -37.8175 ], [ 145.2923, -37.8195 ], [ 145.2874, -37.8189 ], [ 145.2862, -37.8196 ], [ 145.2823, -37.8209 ], [ 145.2783, -37.8218 ], [ 145.2785, -37.8193 ], [ 145.2683, -37.8183 ], [ 145.2685, -37.8165 ], [ 145.2678, -37.8165 ], [ 145.267, -37.8176 ], [ 145.2623, -37.817 ], [ 145.2622, -37.8165 ], [ 145.2638, -37.8167 ], [ 145.2638, -37.8151 ], [ 145.259, -37.8145 ], [ 145.2589, -37.8096 ] ] ] } },
{ "type": "Feature", "properties": { "loc_pid": "locf91c2122e305", "suburb": "Dallas", "join_key": "DALLAS" }, "geometry": { "type": "Polygon", "coordinates": [ [ [ 144.9233, -37.6752 ], [ 144.9255, -37.6642 ], [ 144.9469, -37.6665 ], [ 144.95, -37.6742 ], [ 144.9396, -37.673 ], [ 144.9387, -37.6778 ], [ 144.9374, -37.6783 ], [ 144.9375, -37.677 ], [ 144.9233, -37.6752 ] ] ] } },
{ "type": "Feature", "properties": { "loc_pid": "loc642caba35d41", "suburb": "Dandenong", "join_key": "DANDENONG" }, "geometry": { "type": "Polygon", "coordinates": [ [ [ 145.1921, -37.9948 ], [ 145.1926, -37.9909 ], [ 145.1924, -37.9893 ], [ 145.1938, -37.9881 ], [ 145.1934, -37.9869 ], [ 145.1942, -37.9866 ], [ 145.1946, -37.9859 ], [ 145.1937, -37.9849 ], [ 145.194, -37.9826 ], [ 145.1954, -37.9816 ], [ 145.1967, -37.9813 ], [ 145.1972, -37.9805 ], [ 145.1967, -37.9783 ], [ 145.1944, -37.9775 ], [ 145.1937, -37.976 ], [ 145.1947, -37.9708 ], [ 145.1953, -37.9691 ], [ 145.1957, -37.9688 ], [ 145.1958, -37.9682 ], [ 145.1952, -37.9676 ], [ 145.234, -37.9722 ], [ 145.2346, -37.9726 ], [ 145.2349, -37.9737 ], [ 145.2357, -37.9741 ], [ 145.2352, -37.9757 ], [ 145.2355, -37.9768 ], [ 145.2349, -37.9768 ], [ 145.235, -37.9777 ], [ 145.2346, -37.9781 ], [ 145.235, -37.9783 ], [ 145.2341, -37.9785 ], [ 145.2343, -37.9795 ], [ 145.2328, -37.9796 ], [ 145.2331, -37.98 ], [ 145.2326, -37.9802 ], [ 145.2325, -37.9806 ], [ 145.2328, -37.9804 ], [ 145.2331, -37.9806 ], [ 145.2318, -37.981 ], [ 145.2326, -37.9819 ], [ 145.2323, -37.9821 ], [ 145.2325, -37.9832 ], [ 145.2318, -37.9835 ], [ 145.2323, -37.9838 ], [ 145.2321, -37.9854 ], [ 145.2319, -37.9856 ], [ 145.2309, -37.9855 ], [ 145.2308, -37.9867 ], [ 145.2302, -37.9868 ], [ 145.2301, -37.9886 ], [ 145.2294, -37.9886 ], [ 145.2294, -37.9895 ], [ 145.2277, -37.9902 ], [ 145.2273, -37.991 ], [ 145.2273, -37.9927 ], [ 145.2266, -37.9935 ], [ 145.2288, -37.9937 ], [ 145.2275, -38.0007 ], [ 145.2254, -38.0005 ], [ 145.226, -38.0018 ], [ 145.2186, -37.9983 ], [ 145.2182, -37.9999 ], [ 145.2135, -37.9993 ], [ 145.2126, -38.0035 ], [ 145.1964, -38.0017 ], [ 145.1937, -38.0005 ], [ 145.1947, -37.9981 ], [ 145.1926, -37.9959 ], [ 145.1921, -37.9948 ] ] ] } },
{ "type": "Feature", "properties": { "loc_pid": "locd755ccb7197e", "suburb": "Dandenong North", "join_key": "DANDENONG NORTH" }, "geometry": { "type": "Polygon", "coordinates": [ [ [ 145.1949, -37.9382 ], [ 145.195, -37.9378 ], [ 145.1955, -37.9378 ], [ 145.2107, -37.9391 ], [ 145.2196, -37.9402 ], [ 145.2191, -37.9407 ], [ 145.2199, -37.9408 ], [ 145.22, -37.9411 ], [ 145.2194, -37.9416 ], [ 145.2206, -37.9419 ], [ 145.2207, -37.9431 ], [ 145.2224, -37.9436 ], [ 145.2226, -37.9452 ], [ 145.2232, -37.946 ], [ 145.2241, -37.9462 ], [ 145.225, -37.9474 ], [ 145.2258, -37.9479 ], [ 145.2258, -37.9494 ], [ 145.2268, -37.9499 ], [ 145.227, -37.9508 ], [ 145.2277, -37.951 ], [ 145.2276, -37.9514 ], [ 145.2281, -37.9515 ], [ 145.2283, -37.9521 ], [ 145.229, -37.9523 ], [ 145.2295, -37.953 ], [ 145.2299, -37.9524 ], [ 145.232, -37.9526 ], [ 145.2326, -37.9529 ], [ 145.2334, -37.9541 ], [ 145.2337, -37.9562 ], [ 145.2342, -37.9569 ], [ 145.2337, -37.96 ], [ 145.2326, -37.9612 ], [ 145.2335, -37.964 ], [ 145.2338, -37.9663 ], [ 145.2329, -37.9679 ], [ 145.2329, -37.9696 ], [ 145.234, -37.9722 ], [ 145.196, -37.9678 ], [ 145.196, -37.9661 ], [ 145.1974, -37.9644 ], [ 145.1959, -37.9642 ], [ 145.2001, -37.9593 ], [ 145.2019, -37.9559 ], [ 145.2003, -37.9557 ], [ 145.2002, -37.9561 ], [ 145.2, -37.9557 ], [ 145.1991, -37.9555 ], [ 145.199, -37.9559 ], [ 145.1975, -37.9559 ], [ 145.1976, -37.9557 ], [ 145.1971, -37.9557 ], [ 145.1972, -37.9553 ], [ 145.1963, -37.9552 ], [ 145.1967, -37.9531 ], [ 145.1959, -37.9529 ], [ 145.1962, -37.9526 ], [ 145.1966, -37.9492 ], [ 145.1972, -37.9493 ], [ 145.1972, -37.9489 ], [ 145.1967, -37.9487 ], [ 145.197, -37.9474 ], [ 145.1975, -37.9475 ], [ 145.1976, -37.9467 ], [ 145.1972, -37.9467 ], [ 145.1978, -37.9431 ], [ 145.1974, -37.9431 ], [ 145.1975, -37.9424 ], [ 145.1976, -37.9419 ], [ 145.1985, -37.942 ], [ 145.1986, -37.9416 ], [ 145.1981, -37.9415 ], [ 145.1984, -37.9409 ], [ 145.1949, -37.9382 ] ] ] } },
{ "type": "Feature", "properties": { "loc_pid": "locb31c88860761", "suburb": "Dandenong South", "join_key": "DANDENONG SOUTH" }, "geometry": { "type": "Polygon", "coordinates": [ [ [ 145.1835, -38.0318 ], [ 145.1845, -38.0307 ], [ 145.1905, -38.0116 ], [ 145.192, -38.0044 ], [ 145.1937, -38.0005 ], [ 145.1954, -38.0014 ], [ 145.197, -38.0018 ], [ 145.2126, -38.0035 ], [ 145.2135, -37.9993 ], [ 145.2182, -37.9999 ], [ 145.2186, -37.9983 ], [ 145.226, -38.0018 ], [ 145.2254, -38.0005 ], [ 145.252, -38.0037 ], [ 145.2467, -38.0273 ], [ 145.247, -38.0343 ], [ 145.2467, -38.039 ], [ 145.2454, -38.0477 ], [ 145.2451, -38.0493 ], [ 145.2448, -38.049 ], [ 145.2423, -38.0628 ], [ 145.206, -38.0584 ], [ 145.2071, -38.0563 ], [ 145.2105, -38.0392 ], [ 145.1873, -38.0363 ], [ 145.1835, -38.0318 ] ] ] } },
{ "type": "Feature", "properties": { "loc_pid": "loce4ce9f3183f9", "suburb": "Deanside", "join_key": "DEANSIDE" }, "geometry": { "type": "Polygon", "coordinates": [ [ [ 144.6801, -37.738 ], [ 144.6831, -37.7212 ], [ 144.6841, -37.7213 ], [ 144.6853, -37.7157 ], [ 144.7245, -37.7204 ], [ 144.7291, -37.7212 ], [ 144.7274, -37.7309 ], [ 144.7274, -37.7348 ], [ 144.7258, -37.7375 ], [ 144.7241, -37.7444 ], [ 144.7237, -37.7508 ], [ 144.7057, -37.7472 ], [ 144.6862, -37.7398 ], [ 144.6801, -37.738 ] ] ] } },
{ "type": "Feature", "properties": { "loc_pid": "loce587d8cdc0f5", "suburb": "Deepdene", "join_key": "DEEPDENE" }, "geometry": { "type": "Polygon", "coordinates": [ [ [ 145.0597, -37.8154 ], [ 145.0614, -37.8069 ], [ 145.0724, -37.8082 ], [ 145.0715, -37.8145 ], [ 145.0695, -37.8144 ], [ 145.0692, -37.8158 ], [ 145.068, -37.8157 ], [ 145.0683, -37.8142 ], [ 145.0672, -37.8141 ], [ 145.0669, -37.8155 ], [ 145.0658, -37.8154 ], [ 145.0659, -37.8146 ], [ 145.0648, -37.8143 ], [ 145.065, -37.816 ], [ 145.0597, -37.8154 ] ] ] } },
{ "type": "Feature", "properties": { "loc_pid": "loc70eb03d586f8", "suburb": "Deer Park", "join_key": "DEER PARK" }, "geometry": { "type": "Polygon", "coordinates": [ [ [ 144.7548, -37.7814 ], [ 144.7583, -37.7554 ], [ 144.7566, -37.7547 ], [ 144.7564, -37.7543 ], [ 144.7573, -37.7521 ], [ 144.7569, -37.7505 ], [ 144.759, -37.7507 ], [ 144.7596, -37.7506 ], [ 144.7596, -37.7502 ], [ 144.7698, -37.7512 ], [ 144.7713, -37.7517 ], [ 144.774, -37.7498 ], [ 144.7781, -37.7503 ], [ 144.7753, -37.7665 ], [ 144.7765, -37.7664 ], [ 144.7764, -37.7676 ], [ 144.7838, -37.7684 ], [ 144.7848, -37.7681 ], [ 144.7855, -37.7692 ], [ 144.7878, -37.769 ], [ 144.7878, -37.77 ], [ 144.7885, -37.7711 ], [ 144.7905, -37.7706 ], [ 144.7953, -37.7704 ], [ 144.7941, -37.7727 ], [ 144.7942, -37.777 ], [ 144.7938, -37.7785 ], [ 144.7908, -37.7823 ], [ 144.7897, -37.7843 ], [ 144.7548, -37.7814 ] ] ] } },
{ "type": "Feature", "properties": { "loc_pid": "loc167afe1d878c", "suburb": "Delahey", "join_key": "DELAHEY" }, "geometry": { "type": "Polygon", "coordinates": [ [ [ 144.764, -37.7256 ], [ 144.7681, -37.7097 ], [ 144.7821, -37.7112 ], [ 144.7908, -37.7223 ], [ 144.7922, -37.7249 ], [ 144.7933, -37.728 ], [ 144.782, -37.7276 ], [ 144.764, -37.7256 ] ] ] } },
{ "type": "Feature", "properties": { "loc_pid": "locaa3e42e45c6a", "suburb": "Derrimut", "join_key": "DERRIMUT" }, "geometry": { "type": "Polygon", "coordinates": [ [ [ 144.7509, -37.8104 ], [ 144.7548, -37.7814 ], [ 144.7896, -37.7843 ], [ 144.7884, -37.7869 ], [ 144.7875, -37.7905 ], [ 144.7874, -37.7947 ], [ 144.788, -37.7969 ], [ 144.7896, -37.7986 ], [ 144.7918, -37.7996 ], [ 144.7943, -37.8002 ], [ 144.803, -37.8011 ], [ 144.8057, -37.8024 ], [ 144.8071, -37.8041 ], [ 144.8075, -37.8055 ], [ 144.8081, -37.8153 ], [ 144.7509, -37.8104 ] ] ] } },
{ "type": "Feature", "properties": { "loc_pid": "loc8466fa581083", "suburb": "Devon Meadows", "join_key": "DEVON MEADOWS" }, "geometry": { "type": "Polygon", "coordinates": [ [ [ 145.2812, -38.2025 ], [ 145.2833, -38.1912 ], [ 145.2839, -38.1902 ], [ 145.2867, -38.1767 ], [ 145.2934, -38.1418 ], [ 145.2997, -38.1425 ], [ 145.3, -38.141 ], [ 145.2974, -38.1391 ], [ 145.2968, -38.139 ], [ 145.2969, -38.1385 ], [ 145.2999, -38.1362 ], [ 145.3129, -38.1453 ], [ 145.3158, -38.1508 ], [ 145.3184, -38.1605 ], [ 145.3194, -38.1622 ], [ 145.3242, -38.1657 ], [ 145.351, -38.1929 ], [ 145.3463, -38.1953 ], [ 145.343, -38.196 ], [ 145.3312, -38.1946 ], [ 145.3201, -38.1959 ], [ 145.304, -38.2013 ], [ 145.2912, -38.2037 ], [ 145.2812, -38.2025 ] ] ] } },
{ "type": "Feature", "properties": { "loc_pid": "loc42e60600a8c9", "suburb": "Diamond Creek", "join_key": "DIAMOND CREEK" }, "geometry": { "type": "Polygon", "coordinates": [ [ [ 145.1221, -37.6807 ], [ 145.1254, -37.6779 ], [ 145.1261, -37.6741 ], [ 145.1307, -37.6746 ], [ 145.1319, -37.6692 ], [ 145.1326, -37.6693 ], [ 145.1338, -37.6621 ], [ 145.1376, -37.6625 ], [ 145.1383, -37.658 ], [ 145.1427, -37.6584 ], [ 145.1432, -37.6557 ], [ 145.1411, -37.6545 ], [ 145.1389, -37.6542 ], [ 145.1393, -37.652 ], [ 145.1438, -37.6525 ], [ 145.1443, -37.6507 ], [ 145.1459, -37.6507 ], [ 145.1463, -37.651 ], [ 145.146, -37.6514 ], [ 145.1464, -37.6528 ], [ 145.1507, -37.6532 ], [ 145.151, -37.6514 ], [ 145.1502, -37.6513 ], [ 145.1507, -37.649 ], [ 145.1495, -37.6484 ], [ 145.1498, -37.6469 ], [ 145.1521, -37.6472 ], [ 145.1522, -37.6468 ], [ 145.1584, -37.6476 ], [ 145.1576, -37.6465 ], [ 145.1577, -37.6457 ], [ 145.1573, -37.6449 ], [ 145.1569, -37.6448 ], [ 145.1572, -37.6431 ], [ 145.158, -37.6422 ], [ 145.1587, -37.6423 ], [ 145.1587, -37.642 ], [ 145.1608, -37.6423 ], [ 145.1627, -37.6415 ], [ 145.1609, -37.6393 ], [ 145.1631, -37.6382 ], [ 145.1616, -37.6366 ], [ 145.1632, -37.6329 ], [ 145.1638, -37.6305 ], [ 145.1688, -37.6311 ], [ 145.167, -37.634 ], [ 145.1661, -37.6374 ], [ 145.1706, -37.638 ], [ 145.1704, -37.6389 ], [ 145.1744, -37.6394 ], [ 145.1732, -37.6457 ], [ 145.1764, -37.646 ], [ 145.1757, -37.6498 ], [ 145.1733, -37.6496 ], [ 145.1729, -37.6521 ], [ 145.1703, -37.6531 ], [ 145.1693, -37.6543 ], [ 145.1699, -37.6547 ], [ 145.1692, -37.6558 ], [ 145.169, -37.6556 ], [ 145.1672, -37.6569 ], [ 145.1666, -37.6569 ], [ 145.1664, -37.6577 ], [ 145.1691, -37.658 ], [ 145.1688, -37.6596 ], [ 145.1715, -37.6607 ], [ 145.1723, -37.6627 ], [ 145.1718, -37.6626 ], [ 145.1725, -37.6641 ], [ 145.1714, -37.666 ], [ 145.1718, -37.6677 ], [ 145.172, -37.6672 ], [ 145.1726, -37.6671 ], [ 145.1725, -37.6661 ], [ 145.1745, -37.666 ], [ 145.175, -37.6665 ], [ 145.175, -37.6672 ], [ 145.1754, -37.6671 ], [ 145.1757, -37.6676 ], [ 145.1766, -37.6677 ], [ 145.1763, -37.6687 ], [ 145.1755, -37.669 ], [ 145.1784, -37.6726 ], [ 145.1824, -37.6731 ], [ 145.1806, -37.6834 ], [ 145.18, -37.6858 ], [ 145.1797, -37.6857 ], [ 145.1785, -37.6912 ], [ 145.152, -37.6879 ], [ 145.1512, -37.6883 ], [ 145.1496, -37.6876 ], [ 145.1429, -37.6868 ], [ 145.1437, -37.6826 ], [ 145.1377, -37.6831 ], [ 145.1335, -37.6847 ], [ 145.1282, -37.6825 ], [ 145.1253, -37.6821 ], [ 145.1221, -37.6807 ] ] ] } },
{ "type": "Feature", "properties": { "loc_pid": "loc21e213c7452c", "suburb": "Diggers Rest", "join_key": "DIGGERS REST" }, "geometry": { "type": "Polygon", "coordinates": [ [ [ 144.6235, -37.5682 ], [ 144.6246, -37.5663 ], [ 144.6246, -37.5654 ], [ 144.6255, -37.5652 ], [ 144.6261, -37.5647 ], [ 144.626, -37.5634 ], [ 144.6263, -37.5629 ], [ 144.6724, -37.5678 ], [ 144.6838, -37.5821 ], [ 144.6879, -37.5887 ], [ 144.6951, -37.5981 ], [ 144.6958, -37.5984 ], [ 144.7038, -37.6081 ], [ 144.7095, -37.6142 ], [ 144.7485, -37.6187 ], [ 144.7517, -37.6168 ], [ 144.7519, -37.6183 ], [ 144.7514, -37.6208 ], [ 144.7516, -37.6214 ], [ 144.7549, -37.6214 ], [ 144.7554, -37.621 ], [ 144.7564, -37.6189 ], [ 144.7577, -37.6187 ], [ 144.7591, -37.6194 ], [ 144.7614, -37.6217 ], [ 144.7629, -37.6226 ], [ 144.7638, -37.6228 ], [ 144.7676, -37.6222 ], [ 144.77, -37.6212 ], [ 144.7706, -37.6219 ], [ 144.7701, -37.6231 ], [ 144.7689, -37.6242 ], [ 144.7699, -37.6248 ], [ 144.772, -37.6247 ], [ 144.7761, -37.6231 ], [ 144.7768, -37.6234 ], [ 144.7786, -37.6235 ], [ 144.7787, -37.6252 ], [ 144.7784, -37.6253 ], [ 144.7771, -37.6245 ], [ 144.7696, -37.6301 ], [ 144.7688, -37.635 ], [ 144.7681, -37.6354 ], [ 144.7669, -37.6353 ], [ 144.7658, -37.6367 ], [ 144.7649, -37.6373 ], [ 144.7647, -37.6386 ], [ 144.7655, -37.6393 ], [ 144.7649, -37.6401 ], [ 144.7651, -37.6414 ], [ 144.7656, -37.6417 ], [ 144.7657, -37.6422 ], [ 144.7655, -37.6431 ], [ 144.766, -37.646 ], [ 144.7658, -37.6463 ], [ 144.7647, -37.6453 ], [ 144.7642, -37.6452 ], [ 144.7637, -37.6455 ], [ 144.7633, -37.6465 ], [ 144.7654, -37.6509 ], [ 144.7657, -37.6528 ], [ 144.7668, -37.6555 ], [ 144.766, -37.656 ], [ 144.7639, -37.6564 ], [ 144.7637, -37.657 ], [ 144.7653, -37.6582 ], [ 144.7675, -37.6578 ], [ 144.7684, -37.6578 ], [ 144.7688, -37.6582 ], [ 144.7676, -37.6593 ], [ 144.7657, -37.6602 ], [ 144.7648, -37.6603 ], [ 144.7638, -37.6601 ], [ 144.7622, -37.6587 ], [ 144.7613, -37.6589 ], [ 144.761, -37.66 ], [ 144.7612, -37.661 ], [ 144.7636, -37.6644 ], [ 144.7627, -37.6649 ], [ 144.7623, -37.6648 ], [ 144.7617, -37.664 ], [ 144.7605, -37.6636 ], [ 144.7597, -37.6638 ], [ 144.7592, -37.6635 ], [ 144.7593, -37.6632 ], [ 144.7577, -37.6628 ], [ 144.7573, -37.6642 ], [ 144.7443, -37.6631 ], [ 144.6846, -37.6564 ], [ 144.677, -37.653 ], [ 144.6565, -37.64 ], [ 144.6561, -37.6395 ], [ 144.6572, -37.6392 ], [ 144.6576, -37.6383 ], [ 144.6569, -37.6382 ], [ 144.6561, -37.6387 ], [ 144.6559, -37.6384 ], [ 144.6547, -37.6382 ], [ 144.6544, -37.6378 ], [ 144.6545, -37.6372 ], [ 144.6556, -37.637 ], [ 144.6556, -37.6355 ], [ 144.6551, -37.634 ], [ 144.6573, -37.6327 ], [ 144.6585, -37.6327 ], [ 144.6591, -37.6324 ], [ 144.6601, -37.6286 ], [ 144.6611, -37.6271 ], [ 144.661, -37.6262 ], [ 144.66, -37.6248 ], [ 144.6605, -37.6234 ], [ 144.6591, -37.623 ], [ 144.6588, -37.6226 ], [ 144.6595, -37.6201 ], [ 144.6583, -37.6185 ], [ 144.6584, -37.6171 ], [ 144.658, -37.6161 ], [ 144.6567, -37.6153 ], [ 144.6566, -37.6145 ], [ 144.6556, -37.6143 ], [ 144.6545, -37.6136 ], [ 144.6541, -37.6116 ], [ 144.6546, -37.6104 ], [ 144.6521, -37.6082 ], [ 144.6518, -37.6071 ], [ 144.6522, -37.6059 ], [ 144.6515, -37.6051 ], [ 144.6499, -37.605 ], [ 144.6484, -37.6058 ], [ 144.6476, -37.6056 ], [ 144.6466, -37.6046 ], [ 144.6452, -37.6038 ], [ 144.6451, -37.6014 ], [ 144.6447, -37.6009 ], [ 144.6404, -37.5983 ], [ 144.6406, -37.5966 ], [ 144.6392, -37.5969 ], [ 144.6361, -37.5953 ], [ 144.6356, -37.5939 ], [ 144.6339, -37.5918 ], [ 144.6348, -37.5907 ], [ 144.6346, -37.5903 ], [ 144.6344, -37.5901 ], [ 144.6336, -37.5904 ], [ 144.6329, -37.5902 ], [ 144.6306, -37.5869 ], [ 144.6308, -37.5864 ], [ 144.6318, -37.586 ], [ 144.632, -37.5856 ], [ 144.6312, -37.5842 ], [ 144.6319, -37.5833 ], [ 144.6316, -37.5824 ], [ 144.6319, -37.5821 ], [ 144.6312, -37.5819 ], [ 144.6317, -37.5809 ], [ 144.6316, -37.5792 ], [ 144.6304, -37.5786 ], [ 144.6305, -37.578 ], [ 144.6303, -37.5774 ], [ 144.6297, -37.5771 ], [ 144.6297, -37.5763 ], [ 144.6287, -37.5759 ], [ 144.6277, -37.5762 ], [ 144.6264, -37.5748 ], [ 144.6266, -37.574 ], [ 144.6257, -37.5727 ], [ 144.6259, -37.5721 ], [ 144.6251, -37.5722 ], [ 144.6248, -37.571 ], [ 144.6243, -37.5707 ], [ 144.6246, -37.569 ], [ 144.6244, -37.5691 ], [ 144.6241, -37.5684 ], [ 144.6235, -37.5682 ] ] ] } },
{ "type": "Feature", "properties": { "loc_pid": "locd6810256cc93", "suburb": "Dingley Village", "join_key": "DINGLEY VILLAGE" }, "geometry": { "type": "Polygon", "coordinates": [ [ [ 145.1092, -37.9866 ], [ 145.1121, -37.97 ], [ 145.1106, -37.9663 ], [ 145.1119, -37.9592 ], [ 145.1279, -37.9612 ], [ 145.1298, -37.9615 ], [ 145.1308, -37.962 ], [ 145.1329, -37.9636 ], [ 145.1349, -37.9672 ], [ 145.1356, -37.9675 ], [ 145.1375, -37.9717 ], [ 145.1409, -37.9774 ], [ 145.1442, -37.9816 ], [ 145.146, -37.9831 ], [ 145.1447, -37.9909 ], [ 145.1092, -37.9866 ] ] ] } },
{ "type": "Feature", "properties": { "loc_pid": "locddc4a1bcd8ba", "suburb": "Docklands", "join_key": "DOCKLANDS" }, "geometry": { "type": "Polygon", "coordinates": [ [ [ 144.9311, -37.8217 ], [ 144.9317, -37.8194 ], [ 144.9332, -37.8167 ], [ 144.9336, -37.8145 ], [ 144.9343, -37.8141 ], [ 144.9349, -37.8098 ], [ 144.9354, -37.8099 ], [ 144.9355, -37.8096 ], [ 144.939, -37.8106 ], [ 144.9431, -37.8128 ], [ 144.9478, -37.811 ], [ 144.9503, -37.8135 ], [ 144.9514, -37.8132 ], [ 144.956, -37.8231 ], [ 144.9534, -37.8237 ], [ 144.9483, -37.8234 ], [ 144.9485, -37.8257 ], [ 144.9489, -37.8261 ], [ 144.948, -37.8261 ], [ 144.9475, -37.8266 ], [ 144.9491, -37.827 ], [ 144.9403, -37.8259 ], [ 144.9377, -37.8237 ], [ 144.9378, -37.8231 ], [ 144.9311, -37.8217 ] ] ] } },
{ "type": "Feature", "properties": { "loc_pid": "loc7ab22202aac3", "suburb": "Doncaster", "join_key": "DONCASTER" }, "geometry": { "type": "Polygon", "coordinates": [ [ [ 145.1009, -37.7859 ], [ 145.0997, -37.7823 ], [ 145.1003, -37.7823 ], [ 145.1025, -37.7826 ], [ 145.1042, -37.7723 ], [ 145.1047, -37.7724 ], [ 145.1047, -37.7729 ], [ 145.1136, -37.7742 ], [ 145.1142, -37.7742 ], [ 145.1143, -37.7739 ], [ 145.1162, -37.7751 ], [ 145.1166, -37.7744 ], [ 145.1165, -37.7749 ], [ 145.1175, -37.7753 ], [ 145.1178, -37.7737 ], [ 145.1198, -37.7739 ], [ 145.1195, -37.7765 ], [ 145.1203, -37.777 ], [ 145.1203, -37.7768 ], [ 145.1208, -37.7769 ], [ 145.1207, -37.7773 ], [ 145.1212, -37.7774 ], [ 145.1211, -37.7781 ], [ 145.1232, -37.7796 ], [ 145.1315, -37.7673 ], [ 145.1322, -37.7673 ], [ 145.1332, -37.7685 ], [ 145.1359, -37.77 ], [ 145.1353, -37.7712 ], [ 145.1354, -37.7733 ], [ 145.1368, -37.774 ], [ 145.1395, -37.7768 ], [ 145.1403, -37.7772 ], [ 145.1434, -37.7773 ], [ 145.1436, -37.7778 ], [ 145.1451, -37.7786 ], [ 145.1448, -37.7804 ], [ 145.1453, -37.7804 ], [ 145.1453, -37.7808 ], [ 145.144, -37.7876 ], [ 145.1443, -37.7876 ], [ 145.1431, -37.7934 ], [ 145.1426, -37.7934 ], [ 145.1423, -37.7946 ], [ 145.1427, -37.7974 ], [ 145.1413, -37.7969 ], [ 145.1409, -37.7974 ], [ 145.1404, -37.7974 ], [ 145.1395, -37.798 ], [ 145.1371, -37.7982 ], [ 145.1375, -37.7979 ], [ 145.1372, -37.7976 ], [ 145.1368, -37.7977 ], [ 145.1372, -37.7969 ], [ 145.1367, -37.7967 ], [ 145.1367, -37.7964 ], [ 145.1356, -37.7965 ], [ 145.1354, -37.7961 ], [ 145.1334, -37.7963 ], [ 145.1329, -37.796 ], [ 145.133, -37.7954 ], [ 145.1324, -37.7953 ], [ 145.1313, -37.7957 ], [ 145.1311, -37.7955 ], [ 145.131, -37.796 ], [ 145.13, -37.796 ], [ 145.1292, -37.7968 ], [ 145.1283, -37.7971 ], [ 145.1282, -37.7975 ], [ 145.127, -37.7976 ], [ 145.1261, -37.7984 ], [ 145.1253, -37.7983 ], [ 145.125, -37.7989 ], [ 145.1245, -37.7985 ], [ 145.1242, -37.7988 ], [ 145.1235, -37.7986 ], [ 145.122, -37.7977 ], [ 145.1213, -37.798 ], [ 145.1205, -37.7978 ], [ 145.1204, -37.7974 ], [ 145.119, -37.7967 ], [ 145.1189, -37.7963 ], [ 145.1177, -37.7963 ], [ 145.1166, -37.7956 ], [ 145.1157, -37.7956 ], [ 145.1144, -37.7961 ], [ 145.1129, -37.7951 ], [ 145.1115, -37.7952 ], [ 145.1106, -37.7948 ], [ 145.1098, -37.7948 ], [ 145.1093, -37.7942 ], [ 145.1094, -37.7936 ], [ 145.1085, -37.7931 ], [ 145.1085, -37.7925 ], [ 145.1072, -37.7925 ], [ 145.1063, -37.7918 ], [ 145.1051, -37.7916 ], [ 145.1053, -37.7912 ], [ 145.1047, -37.7913 ], [ 145.105, -37.7901 ], [ 145.1045, -37.7896 ], [ 145.1048, -37.7893 ], [ 145.1042, -37.7891 ], [ 145.1039, -37.7881 ], [ 145.1018, -37.7869 ], [ 145.1009, -37.7859 ] ] ] } },
{ "type": "Feature", "properties": { "loc_pid": "loc7a8164839d54", "suburb": "Doncaster East", "join_key": "DONCASTER EAST" }, "geometry": { "type": "Polygon", "coordinates": [ [ [ 145.1423, -37.7949 ], [ 145.1426, -37.7934 ], [ 145.1431, -37.7934 ], [ 145.1443, -37.7876 ], [ 145.144, -37.7876 ], [ 145.1453, -37.7808 ], [ 145.1453, -37.7804 ], [ 145.1448, -37.7804 ], [ 145.1462, -37.7731 ], [ 145.1644, -37.7752 ], [ 145.1691, -37.7492 ], [ 145.1769, -37.7502 ], [ 145.1774, -37.7504 ], [ 145.1774, -37.7507 ], [ 145.1779, -37.7506 ], [ 145.1781, -37.7513 ], [ 145.1788, -37.7512 ], [ 145.1796, -37.7516 ], [ 145.1804, -37.7514 ], [ 145.1808, -37.7522 ], [ 145.1803, -37.7526 ], [ 145.1814, -37.753 ], [ 145.1818, -37.7535 ], [ 145.1815, -37.7544 ], [ 145.1819, -37.7546 ], [ 145.1815, -37.7553 ], [ 145.181, -37.7553 ], [ 145.1811, -37.7559 ], [ 145.1805, -37.7558 ], [ 145.1804, -37.7567 ], [ 145.1808, -37.7566 ], [ 145.1808, -37.757 ], [ 145.1812, -37.7568 ], [ 145.1817, -37.7574 ], [ 145.1824, -37.7575 ], [ 145.1829, -37.7583 ], [ 145.1825, -37.7593 ], [ 145.183, -37.7596 ], [ 145.1825, -37.7596 ], [ 145.182, -37.7603 ], [ 145.1821, -37.7613 ], [ 145.1815, -37.7619 ], [ 145.1821, -37.7624 ], [ 145.1819, -37.7629 ], [ 145.1829, -37.763 ], [ 145.1825, -37.7635 ], [ 145.1827, -37.7645 ], [ 145.1833, -37.7651 ], [ 145.1839, -37.7651 ], [ 145.1842, -37.7654 ], [ 145.1822, -37.7654 ], [ 145.1839, -37.7701 ], [ 145.1833, -37.7741 ], [ 145.1832, -37.7743 ], [ 145.1819, -37.7742 ], [ 145.182, -37.7738 ], [ 145.1812, -37.7737 ], [ 145.1813, -37.7733 ], [ 145.1808, -37.7732 ], [ 145.1807, -37.7725 ], [ 145.1802, -37.7725 ], [ 145.18, -37.774 ], [ 145.1764, -37.7737 ], [ 145.1761, -37.7755 ], [ 145.1775, -37.7756 ], [ 145.1774, -37.7765 ], [ 145.1759, -37.7764 ], [ 145.1752, -37.7812 ], [ 145.1747, -37.7813 ], [ 145.1744, -37.7821 ], [ 145.1744, -37.784 ], [ 145.174, -37.7845 ], [ 145.1739, -37.7858 ], [ 145.1736, -37.786 ], [ 145.1719, -37.7859 ], [ 145.1719, -37.7862 ], [ 145.1711, -37.7861 ], [ 145.1707, -37.7888 ], [ 145.1707, -37.7893 ], [ 145.171, -37.7893 ], [ 145.1709, -37.7902 ], [ 145.173, -37.7903 ], [ 145.1725, -37.7918 ], [ 145.1713, -37.7917 ], [ 145.1712, -37.7922 ], [ 145.1707, -37.7921 ], [ 145.1705, -37.7927 ], [ 145.1699, -37.7928 ], [ 145.1696, -37.7945 ], [ 145.1701, -37.7948 ], [ 145.17, -37.7956 ], [ 145.1695, -37.7955 ], [ 145.1693, -37.7958 ], [ 145.1691, -37.7968 ], [ 145.1696, -37.7972 ], [ 145.169, -37.7973 ], [ 145.1686, -37.7994 ], [ 145.1692, -37.7995 ], [ 145.1692, -37.7999 ], [ 145.1691, -37.8003 ], [ 145.1684, -37.8004 ], [ 145.1689, -37.801 ], [ 145.1687, -37.8019 ], [ 145.168, -37.8022 ], [ 145.1679, -37.802 ], [ 145.1678, -37.8025 ], [ 145.1672, -37.8023 ], [ 145.1665, -37.8025 ], [ 145.1659, -37.802 ], [ 145.1647, -37.8022 ], [ 145.1646, -37.8019 ], [ 145.1641, -37.8019 ], [ 145.1639, -37.8022 ], [ 145.1633, -37.8018 ], [ 145.1607, -37.8019 ], [ 145.1608, -37.8016 ], [ 145.1603, -37.8016 ], [ 145.16, -37.8012 ], [ 145.1584, -37.8009 ], [ 145.1586, -37.8006 ], [ 145.1583, -37.8004 ], [ 145.1576, -37.8008 ], [ 145.1571, -37.8004 ], [ 145.1564, -37.8005 ], [ 145.1563, -37.8008 ], [ 145.1553, -37.8008 ], [ 145.1522, -37.7997 ], [ 145.1519, -37.799 ], [ 145.1501, -37.7989 ], [ 145.15, -37.7987 ], [ 145.1491, -37.7999 ], [ 145.1488, -37.7997 ], [ 145.1487, -37.8 ], [ 145.1467, -37.7999 ], [ 145.1449, -37.7975 ], [ 145.1426, -37.7974 ], [ 145.1423, -37.7949 ] ] ] } },
{ "type": "Feature", "properties": { "loc_pid": "locbdf0138dcf54", "suburb": "Donnybrook", "join_key": "DONNYBROOK" }, "geometry": { "type": "Polygon", "coordinates": [ [ [ 144.9531, -37.5478 ], [ 144.9538, -37.5462 ], [ 144.9538, -37.545 ], [ 144.9546, -37.5445 ], [ 144.9549, -37.5436 ], [ 144.9578, -37.5424 ], [ 144.959, -37.5423 ], [ 144.9594, -37.5426 ], [ 144.9596, -37.5424 ], [ 144.9605, -37.5407 ], [ 144.9601, -37.5397 ], [ 144.9603, -37.5394 ], [ 144.962, -37.5394 ], [ 144.9627, -37.5399 ], [ 144.9632, -37.5397 ], [ 144.9637, -37.5393 ], [ 144.9646, -37.5374 ], [ 144.9659, -37.5371 ], [ 144.9666, -37.5361 ], [ 144.9687, -37.5347 ], [ 144.9699, -37.5346 ], [ 144.9725, -37.5354 ], [ 144.9727, -37.5343 ], [ 144.9723, -37.5339 ], [ 144.9731, -37.5332 ], [ 144.9734, -37.5317 ], [ 144.9747, -37.5304 ], [ 144.9764, -37.53 ], [ 144.9764, -37.5292 ], [ 144.9768, -37.5288 ], [ 144.9759, -37.5282 ], [ 144.9761, -37.5274 ], [ 144.9748, -37.5266 ], [ 144.9728, -37.5261 ], [ 144.9728, -37.5257 ], [ 144.9743, -37.5255 ], [ 144.9739, -37.524 ], [ 144.9744, -37.5238 ], [ 144.9745, -37.5232 ], [ 144.9751, -37.5228 ], [ 144.9757, -37.5216 ], [ 144.9751, -37.5206 ], [ 144.9762, -37.5199 ], [ 144.9751, -37.5191 ], [ 144.9756, -37.5179 ], [ 144.9748, -37.5174 ], [ 144.9748, -37.5165 ], [ 144.9744, -37.5161 ], [ 144.976, -37.5151 ], [ 144.9758, -37.5141 ], [ 144.9771, -37.5142 ], [ 144.9772, -37.5137 ], [ 145.0273, -37.5193 ], [ 145.0275, -37.521 ], [ 145.0256, -37.5216 ], [ 145.0237, -37.5218 ], [ 145.0228, -37.5261 ], [ 145.0229, -37.5287 ], [ 145.0212, -37.53 ], [ 145.0196, -37.5306 ], [ 145.0197, -37.5327 ], [ 145.0173, -37.5349 ], [ 145.0169, -37.5361 ], [ 145.0149, -37.5366 ], [ 145.0148, -37.5369 ], [ 145.0157, -37.5392 ], [ 145.0178, -37.5416 ], [ 145.018, -37.5423 ], [ 145.0184, -37.5426 ], [ 145.0193, -37.5424 ], [ 145.0195, -37.5432 ], [ 145.0204, -37.5436 ], [ 145.0206, -37.544 ], [ 145.0199, -37.5458 ], [ 145.0209, -37.5478 ], [ 145.021, -37.5487 ], [ 145.022, -37.55 ], [ 145.0216, -37.551 ], [ 145.0221, -37.5522 ], [ 145.0221, -37.554 ], [ 145.0231, -37.5554 ], [ 145.0247, -37.5562 ], [ 145.0247, -37.557 ], [ 145.026, -37.5582 ], [ 145.0257, -37.5595 ], [ 145.0271, -37.5607 ], [ 145.0272, -37.5627 ], [ 145.0278, -37.5632 ], [ 145.0278, -37.565 ], [ 145.0284, -37.5652 ], [ 145.0281, -37.5664 ], [ 145.0152, -37.565 ], [ 145.0157, -37.5626 ], [ 144.9978, -37.5613 ], [ 144.9794, -37.5585 ], [ 144.963, -37.5573 ], [ 144.9618, -37.5568 ], [ 144.961, -37.5569 ], [ 144.9607, -37.5566 ], [ 144.9609, -37.5559 ], [ 144.9599, -37.5557 ], [ 144.9601, -37.5546 ], [ 144.9589, -37.5542 ], [ 144.9554, -37.5505 ], [ 144.9541, -37.5501 ], [ 144.9531, -37.5478 ] ] ] } },
{ "type": "Feature", "properties": { "loc_pid": "loc49db457e2be8", "suburb": "Donvale", "join_key": "DONVALE" }, "geometry": { "type": "Polygon", "coordinates": [ [ [ 145.1678, -37.8025 ], [ 145.1679, -37.802 ], [ 145.168, -37.8022 ], [ 145.1687, -37.8019 ], [ 145.1689, -37.801 ], [ 145.1684, -37.8004 ], [ 145.1691, -37.8003 ], [ 145.1692, -37.7999 ], [ 145.1692, -37.7995 ], [ 145.1686, -37.7994 ], [ 145.169, -37.7973 ], [ 145.1696, -37.7972 ], [ 145.1691, -37.7968 ], [ 145.1693, -37.7958 ], [ 145.1695, -37.7955 ], [ 145.17, -37.7956 ], [ 145.1701, -37.7948 ], [ 145.1696, -37.7945 ], [ 145.1699, -37.7928 ], [ 145.1705, -37.7927 ], [ 145.1707, -37.7921 ], [ 145.1712, -37.7922 ], [ 145.1713, -37.7917 ], [ 145.1725, -37.7918 ], [ 145.1729, -37.7909 ], [ 145.173, -37.7903 ], [ 145.1709, -37.7902 ], [ 145.171, -37.7893 ], [ 145.1707, -37.7893 ], [ 145.1707, -37.7888 ], [ 145.1711, -37.7861 ], [ 145.1719, -37.7862 ], [ 145.1719, -37.7859 ], [ 145.1736, -37.786 ], [ 145.1739, -37.7858 ], [ 145.174, -37.7845 ], [ 145.1744, -37.784 ], [ 145.1744, -37.7821 ], [ 145.1747, -37.7813 ], [ 145.1752, -37.7812 ], [ 145.1759, -37.7764 ], [ 145.1774, -37.7765 ], [ 145.1775, -37.7756 ], [ 145.1761, -37.7755 ], [ 145.1764, -37.7737 ], [ 145.18, -37.774 ], [ 145.1802, -37.7725 ], [ 145.1807, -37.7725 ], [ 145.1808, -37.7732 ], [ 145.1813, -37.7733 ], [ 145.1812, -37.7737 ], [ 145.182, -37.7738 ], [ 145.1819, -37.7742 ], [ 145.1832, -37.7743 ], [ 145.1839, -37.7701 ], [ 145.1822, -37.7654 ], [ 145.1859, -37.7654 ], [ 145.1863, -37.7616 ], [ 145.1925, -37.7623 ], [ 145.1924, -37.7643 ], [ 145.1961, -37.7647 ], [ 145.1959, -37.7656 ], [ 145.1987, -37.7659 ], [ 145.1999, -37.7691 ], [ 145.1996, -37.7709 ], [ 145.1989, -37.7717 ], [ 145.195, -37.7738 ], [ 145.1939, -37.7747 ], [ 145.1904, -37.776 ], [ 145.191, -37.7762 ], [ 145.1905, -37.7767 ], [ 145.1909, -37.777 ], [ 145.1906, -37.7773 ], [ 145.1907, -37.778 ], [ 145.1912, -37.7786 ], [ 145.1916, -37.7784 ], [ 145.1921, -37.7788 ], [ 145.1921, -37.7785 ], [ 145.1929, -37.7787 ], [ 145.1933, -37.7785 ], [ 145.1932, -37.779 ], [ 145.1936, -37.779 ], [ 145.1937, -37.7794 ], [ 145.1944, -37.7792 ], [ 145.1945, -37.7798 ], [ 145.1941, -37.78 ], [ 145.1946, -37.7814 ], [ 145.1942, -37.7822 ], [ 145.1938, -37.7822 ], [ 145.1938, -37.7826 ], [ 145.1946, -37.783 ], [ 145.1944, -37.7842 ], [ 145.1949, -37.7845 ], [ 145.1952, -37.7855 ], [ 145.1956, -37.7854 ], [ 145.1964, -37.7862 ], [ 145.1977, -37.7861 ], [ 145.199, -37.7868 ], [ 145.1994, -37.7866 ], [ 145.1999, -37.7872 ], [ 145.2004, -37.7873 ], [ 145.2005, -37.7879 ], [ 145.2017, -37.7883 ], [ 145.2016, -37.7893 ], [ 145.202, -37.7899 ], [ 145.2131, -37.7912 ], [ 145.2146, -37.7905 ], [ 145.2148, -37.7907 ], [ 145.215, -37.7899 ], [ 145.2163, -37.79 ], [ 145.2165, -37.7891 ], [ 145.217, -37.7891 ], [ 145.2185, -37.7893 ], [ 145.2184, -37.79 ], [ 145.2211, -37.7903 ], [ 145.2211, -37.7925 ], [ 145.2203, -37.7926 ], [ 145.2182, -37.791 ], [ 145.2172, -37.7909 ], [ 145.2135, -37.8118 ], [ 145.2129, -37.8107 ], [ 145.212, -37.8105 ], [ 145.2118, -37.8096 ], [ 145.2109, -37.8085 ], [ 145.21, -37.8083 ], [ 145.2087, -37.8089 ], [ 145.2079, -37.8081 ], [ 145.2073, -37.8064 ], [ 145.2069, -37.8064 ], [ 145.2064, -37.8071 ], [ 145.2056, -37.8073 ], [ 145.2054, -37.8067 ], [ 145.2058, -37.8061 ], [ 145.2053, -37.8055 ], [ 145.1912, -37.8056 ], [ 145.191, -37.8053 ], [ 145.1903, -37.8056 ], [ 145.1889, -37.8036 ], [ 145.185, -37.8012 ], [ 145.1846, -37.8027 ], [ 145.1814, -37.8039 ], [ 145.1781, -37.8039 ], [ 145.1781, -37.8034 ], [ 145.1778, -37.8034 ], [ 145.1744, -37.8041 ], [ 145.1727, -37.8037 ], [ 145.1725, -37.8032 ], [ 145.1717, -37.8033 ], [ 145.1716, -37.8029 ], [ 145.1703, -37.8031 ], [ 145.1702, -37.8028 ], [ 145.1696, -37.803 ], [ 145.1688, -37.8025 ], [ 145.1678, -37.8025 ] ] ] } },
{ "type": "Feature", "properties": { "loc_pid": "loc20067eb0384a", "suburb": "Doreen", "join_key": "DOREEN" }, "geometry": { "type": "Polygon", "coordinates": [ [ [ 145.1027, -37.6065 ], [ 145.1032, -37.6054 ], [ 145.1031, -37.6044 ], [ 145.104, -37.6035 ], [ 145.1054, -37.603 ], [ 145.1059, -37.6025 ], [ 145.105, -37.6014 ], [ 145.1048, -37.6003 ], [ 145.1054, -37.599 ], [ 145.1063, -37.599 ], [ 145.1068, -37.5986 ], [ 145.1069, -37.5975 ], [ 145.1062, -37.5971 ], [ 145.1062, -37.5961 ], [ 145.1079, -37.5958 ], [ 145.1084, -37.5946 ], [ 145.1101, -37.5945 ], [ 145.11, -37.5938 ], [ 145.1089, -37.5931 ], [ 145.1088, -37.5922 ], [ 145.1076, -37.5908 ], [ 145.1086, -37.5904 ], [ 145.1093, -37.5907 ], [ 145.1106, -37.5907 ], [ 145.1105, -37.5901 ], [ 145.111, -37.5896 ], [ 145.1117, -37.5903 ], [ 145.1124, -37.5905 ], [ 145.1121, -37.5899 ], [ 145.1127, -37.5897 ], [ 145.1129, -37.589 ], [ 145.1133, -37.5888 ], [ 145.113, -37.5885 ], [ 145.1138, -37.5881 ], [ 145.1134, -37.5863 ], [ 145.114, -37.586 ], [ 145.1134, -37.5856 ], [ 145.1143, -37.5856 ], [ 145.1149, -37.5852 ], [ 145.1143, -37.585 ], [ 145.1146, -37.5846 ], [ 145.1144, -37.5839 ], [ 145.1138, -37.5839 ], [ 145.1141, -37.5833 ], [ 145.1138, -37.5832 ], [ 145.1145, -37.5827 ], [ 145.1136, -37.5823 ], [ 145.1138, -37.5819 ], [ 145.1134, -37.5813 ], [ 145.1137, -37.5808 ], [ 145.1124, -37.5814 ], [ 145.1125, -37.5808 ], [ 145.112, -37.5805 ], [ 145.1133, -37.5793 ], [ 145.1129, -37.5788 ], [ 145.1147, -37.5771 ], [ 145.1153, -37.5771 ], [ 145.1151, -37.5776 ], [ 145.1156, -37.5778 ], [ 145.1163, -37.5772 ], [ 145.117, -37.5773 ], [ 145.1172, -37.5769 ], [ 145.1176, -37.5769 ], [ 145.1175, -37.576 ], [ 145.1179, -37.5755 ], [ 145.1169, -37.575 ], [ 145.1179, -37.5745 ], [ 145.1185, -37.5737 ], [ 145.1255, -37.5745 ], [ 145.1263, -37.57 ], [ 145.1356, -37.5694 ], [ 145.1422, -37.5707 ], [ 145.144, -37.5727 ], [ 145.1673, -37.5711 ], [ 145.1731, -37.5701 ], [ 145.176, -37.5702 ], [ 145.1751, -37.571 ], [ 145.1747, -37.5729 ], [ 145.1726, -37.5753 ], [ 145.1719, -37.5787 ], [ 145.1734, -37.5789 ], [ 145.1732, -37.5801 ], [ 145.1869, -37.5817 ], [ 145.1863, -37.5853 ], [ 145.1806, -37.5847 ], [ 145.1786, -37.5877 ], [ 145.1792, -37.5879 ], [ 145.1784, -37.5939 ], [ 145.1779, -37.5942 ], [ 145.1777, -37.5955 ], [ 145.1745, -37.5951 ], [ 145.1736, -37.5999 ], [ 145.1717, -37.6028 ], [ 145.1705, -37.6093 ], [ 145.175, -37.6099 ], [ 145.1736, -37.6173 ], [ 145.1715, -37.619 ], [ 145.1725, -37.6204 ], [ 145.1747, -37.622 ], [ 145.1716, -37.624 ], [ 145.1722, -37.6248 ], [ 145.1705, -37.6258 ], [ 145.1694, -37.6244 ], [ 145.1689, -37.6247 ], [ 145.1673, -37.6242 ], [ 145.1664, -37.6247 ], [ 145.1653, -37.6242 ], [ 145.1662, -37.6199 ], [ 145.1636, -37.6198 ], [ 145.1626, -37.6254 ], [ 145.1576, -37.6247 ], [ 145.1572, -37.6262 ], [ 145.1558, -37.6269 ], [ 145.1531, -37.6258 ], [ 145.1533, -37.625 ], [ 145.1469, -37.6231 ], [ 145.1447, -37.6228 ], [ 145.1456, -37.6179 ], [ 145.1419, -37.6175 ], [ 145.1415, -37.6198 ], [ 145.1394, -37.6195 ], [ 145.1393, -37.6204 ], [ 145.1287, -37.6192 ], [ 145.128, -37.6229 ], [ 145.1228, -37.6224 ], [ 145.1234, -37.6219 ], [ 145.1233, -37.6213 ], [ 145.1224, -37.6209 ], [ 145.1209, -37.6211 ], [ 145.1202, -37.6208 ], [ 145.1193, -37.6211 ], [ 145.1192, -37.6227 ], [ 145.1183, -37.6225 ], [ 145.116, -37.6208 ], [ 145.1156, -37.6196 ], [ 145.1165, -37.6189 ], [ 145.1163, -37.6177 ], [ 145.1152, -37.6174 ], [ 145.1134, -37.6161 ], [ 145.1126, -37.6161 ], [ 145.1096, -37.6184 ], [ 145.1091, -37.6182 ], [ 145.1085, -37.6173 ], [ 145.1089, -37.6165 ], [ 145.1095, -37.6164 ], [ 145.1093, -37.6157 ], [ 145.1061, -37.6152 ], [ 145.106, -37.6144 ], [ 145.1073, -37.6142 ], [ 145.1081, -37.6144 ], [ 145.1095, -37.614 ], [ 145.1097, -37.6136 ], [ 145.1084, -37.6133 ], [ 145.1079, -37.6138 ], [ 145.1073, -37.6138 ], [ 145.1059, -37.6127 ], [ 145.105, -37.6124 ], [ 145.1047, -37.6119 ], [ 145.1047, -37.6101 ], [ 145.1041, -37.6095 ], [ 145.1042, -37.6082 ], [ 145.1031, -37.6077 ], [ 145.1027, -37.6065 ] ] ] } },
{ "type": "Feature", "properties": { "loc_pid": "locb453101c5355", "suburb": "Doveton", "join_key": "DOVETON" }, "geometry": { "type": "Polygon", "coordinates": [ [ [ 145.2266, -37.9935 ], [ 145.2273, -37.9927 ], [ 145.2272, -37.9916 ], [ 145.2277, -37.9902 ], [ 145.2293, -37.9896 ], [ 145.2294, -37.9886 ], [ 145.2301, -37.9886 ], [ 145.2302, -37.9868 ], [ 145.2308, -37.9867 ], [ 145.2309, -37.9855 ], [ 145.2319, -37.9856 ], [ 145.2321, -37.9854 ], [ 145.2323, -37.9838 ], [ 145.2318, -37.9835 ], [ 145.2325, -37.9832 ], [ 145.2323, -37.9821 ], [ 145.2326, -37.9819 ], [ 145.2318, -37.981 ], [ 145.2331, -37.9806 ], [ 145.2328, -37.9804 ], [ 145.2325, -37.9806 ], [ 145.2326, -37.9802 ], [ 145.2331, -37.98 ], [ 145.2328, -37.9796 ], [ 145.2343, -37.9795 ], [ 145.2341, -37.9785 ], [ 145.235, -37.9783 ], [ 145.2346, -37.9781 ], [ 145.235, -37.9777 ], [ 145.2349, -37.9768 ], [ 145.2355, -37.9768 ], [ 145.2352, -37.9757 ], [ 145.2357, -37.9741 ], [ 145.2349, -37.9737 ], [ 145.2346, -37.9726 ], [ 145.234, -37.9724 ], [ 145.2338, -37.9714 ], [ 145.233, -37.9703 ], [ 145.2329, -37.9679 ], [ 145.2337, -37.966 ], [ 145.2348, -37.967 ], [ 145.2361, -37.9689 ], [ 145.2373, -37.9716 ], [ 145.2373, -37.9727 ], [ 145.2392, -37.9762 ], [ 145.2412, -37.9784 ], [ 145.253, -37.9893 ], [ 145.2544, -37.991 ], [ 145.2538, -37.9934 ], [ 145.253, -37.993 ], [ 145.2516, -37.9929 ], [ 145.2502, -37.9922 ], [ 145.2479, -37.9918 ], [ 145.2463, -37.994 ], [ 145.2449, -37.9947 ], [ 145.2448, -37.9953 ], [ 145.2455, -37.9968 ], [ 145.2449, -37.9975 ], [ 145.2441, -37.9978 ], [ 145.2437, -37.9988 ], [ 145.2425, -37.999 ], [ 145.2417, -37.9998 ], [ 145.2406, -38.0001 ], [ 145.2395, -38.0 ], [ 145.2384, -37.9987 ], [ 145.2377, -37.9988 ], [ 145.2369, -37.9994 ], [ 145.236, -37.9994 ], [ 145.2353, -38.0005 ], [ 145.2355, -38.0017 ], [ 145.2275, -38.0007 ], [ 145.2288, -37.9937 ], [ 145.2266, -37.9935 ] ] ] } },
{ "type": "Feature", "properties": { "loc_pid": "locf4e180745c81", "suburb": "Dromana", "join_key": "DROMANA" }, "geometry": { "type": "Polygon", "coordinates": [ [ [ 144.9372, -38.3429 ], [ 144.9437, -38.3407 ], [ 144.9467, -38.3393 ], [ 144.9498, -38.3384 ], [ 144.9514, -38.3375 ], [ 144.9536, -38.3369 ], [ 144.9552, -38.3359 ], [ 144.9591, -38.3345 ], [ 144.9652, -38.3312 ], [ 144.9685, -38.3302 ], [ 144.9719, -38.328 ], [ 144.9892, -38.3299 ], [ 144.9924, -38.3279 ], [ 145.004, -38.3227 ], [ 145.006, -38.3215 ], [ 145.0115, -38.3176 ], [ 145.0219, -38.3072 ], [ 145.0269, -38.3042 ], [ 145.0647, -38.3086 ], [ 145.0592, -38.3378 ], [ 145.0279, -38.3343 ], [ 145.0255, -38.3461 ], [ 145.0135, -38.3445 ], [ 145.0132, -38.3461 ], [ 145.0108, -38.3464 ], [ 145.0109, -38.3458 ], [ 145.0097, -38.3461 ], [ 145.009, -38.3456 ], [ 145.0068, -38.3454 ], [ 145.0058, -38.3473 ], [ 145.0073, -38.3484 ], [ 145.0038, -38.3494 ], [ 145.0036, -38.3491 ], [ 145.0038, -38.3502 ], [ 145.0013, -38.3499 ], [ 144.9991, -38.351 ], [ 144.9991, -38.3527 ], [ 145.0, -38.3544 ], [ 144.9995, -38.3542 ], [ 144.9972, -38.3553 ], [ 144.9971, -38.3572 ], [ 144.9958, -38.358 ], [ 144.9953, -38.3593 ], [ 144.9847, -38.3581 ], [ 144.9845, -38.3592 ], [ 144.9676, -38.3573 ], [ 144.9685, -38.3473 ], [ 144.9619, -38.3465 ], [ 144.9618, -38.3474 ], [ 144.9604, -38.3473 ], [ 144.9599, -38.3486 ], [ 144.9556, -38.3482 ], [ 144.9543, -38.3485 ], [ 144.9525, -38.3483 ], [ 144.9525, -38.3479 ], [ 144.9519, -38.3478 ], [ 144.9527, -38.3436 ], [ 144.9446, -38.3473 ], [ 144.9442, -38.3479 ], [ 144.943, -38.3467 ], [ 144.9407, -38.3463 ], [ 144.9403, -38.3458 ], [ 144.9399, -38.3458 ], [ 144.9388, -38.3445 ], [ 144.939, -38.3444 ], [ 144.9372, -38.3429 ] ] ] } },
{ "type": "Feature", "properties": { "loc_pid": "loc2ef00ac196a6", "suburb": "Eaglemont", "join_key": "EAGLEMONT" }, "geometry": { "type": "Polygon", "coordinates": [ [ [ 145.0512, -37.7656 ], [ 145.0538, -37.7638 ], [ 145.0532, -37.7632 ], [ 145.0541, -37.7586 ], [ 145.0538, -37.7585 ], [ 145.054, -37.7581 ], [ 145.0536, -37.758 ], [ 145.0557, -37.7559 ], [ 145.0564, -37.757 ], [ 145.0591, -37.7582 ], [ 145.0587, -37.7585 ], [ 145.0736, -37.7603 ], [ 145.0772, -37.7601 ], [ 145.0774, -37.7609 ], [ 145.0792, -37.7622 ], [ 145.0783, -37.7644 ], [ 145.0766, -37.766 ], [ 145.0764, -37.7674 ], [ 145.0759, -37.7675 ], [ 145.0729, -37.7665 ], [ 145.0721, -37.7667 ], [ 145.0715, -37.7664 ], [ 145.0717, -37.7654 ], [ 145.0694, -37.7656 ], [ 145.0684, -37.7665 ], [ 145.0672, -37.7665 ], [ 145.0681, -37.7667 ], [ 145.068, -37.767 ], [ 145.0674, -37.767 ], [ 145.0675, -37.7666 ], [ 145.0668, -37.7665 ], [ 145.0667, -37.7669 ], [ 145.0672, -37.7673 ], [ 145.0669, -37.7684 ], [ 145.0663, -37.7683 ], [ 145.066, -37.7693 ], [ 145.0654, -37.7699 ], [ 145.0645, -37.7697 ], [ 145.0634, -37.7703 ], [ 145.0614, -37.7697 ], [ 145.0554, -37.769 ], [ 145.0551, -37.7687 ], [ 145.0516, -37.7682 ], [ 145.0519, -37.7662 ], [ 145.0512, -37.7656 ] ] ] } },
{ "type": "Feature", "properties": { "loc_pid": "loc7024d58288dd", "suburb": "East Melbourne", "join_key": "EAST MELBOURNE" }, "geometry": { "type": "Polygon", "coordinates": [ [ [ 144.9714, -37.8077 ], [ 144.9912, -37.8098 ], [ 144.9891, -37.8231 ], [ 144.987, -37.8229 ], [ 144.984, -37.8218 ], [ 144.9786, -37.8186 ], [ 144.9787, -37.8182 ], [ 144.978, -37.8182 ], [ 144.9766, -37.8173 ], [ 144.9754, -37.816 ], [ 144.9747, -37.8159 ], [ 144.9749, -37.8153 ], [ 144.9714, -37.8077 ] ] ] } },
{ "type": "Feature", "properties": { "loc_pid": "locc4bf59133c77", "suburb": "Edithvale", "join_key": "EDITHVALE" }, "geometry": { "type": "Polygon", "coordinates": [ [ [ 145.1043, -38.0349 ], [ 145.1065, -38.0342 ], [ 145.1062, -38.0337 ], [ 145.1185, -38.0296 ], [ 145.1231, -38.0337 ], [ 145.1259, -38.0392 ], [ 145.1227, -38.0403 ], [ 145.1232, -38.0414 ], [ 145.11, -38.046 ], [ 145.1043, -38.0349 ] ] ] } },
{ "type": "Feature", "properties": { "loc_pid": "loccbfe7d3f7b9f", "suburb": "Elsternwick", "join_key": "ELSTERNWICK" }, "geometry": { "type": "Polygon", "coordinates": [ [ [ 144.9967, -37.8835 ], [ 144.998, -37.8769 ], [ 145.0163, -37.8792 ], [ 145.013, -37.8967 ], [ 145.0047, -37.8958 ], [ 145.001, -37.8886 ], [ 144.9967, -37.8835 ] ] ] } },
{ "type": "Feature", "properties": { "loc_pid": "locc7ee8539a72b", "suburb": "Eltham", "join_key": "ELTHAM" }, "geometry": { "type": "Polygon", "coordinates": [ [ [ 145.1316, -37.7077 ], [ 145.147, -37.7094 ], [ 145.1456, -37.708 ], [ 145.1456, -37.7073 ], [ 145.1462, -37.7072 ], [ 145.1467, -37.7063 ], [ 145.1491, -37.7062 ], [ 145.1496, -37.7053 ], [ 145.149, -37.7046 ], [ 145.1491, -37.7041 ], [ 145.1499, -37.7042 ], [ 145.1503, -37.7033 ], [ 145.1527, -37.7032 ], [ 145.1529, -37.7034 ], [ 145.1533, -37.7028 ], [ 145.1526, -37.7007 ], [ 145.1527, -37.6999 ], [ 145.1545, -37.6997 ], [ 145.1533, -37.698 ], [ 145.1527, -37.6979 ], [ 145.1523, -37.6986 ], [ 145.1508, -37.6973 ], [ 145.1516, -37.6962 ], [ 145.1511, -37.6953 ], [ 145.1516, -37.6948 ], [ 145.1515, -37.694 ], [ 145.1521, -37.6937 ], [ 145.1513, -37.693 ], [ 145.1512, -37.6924 ], [ 145.152, -37.6923 ], [ 145.1518, -37.6919 ], [ 145.1526, -37.6917 ], [ 145.1523, -37.6911 ], [ 145.1529, -37.6903 ], [ 145.1529, -37.6895 ], [ 145.1533, -37.6893 ], [ 145.1541, -37.6901 ], [ 145.1546, -37.6895 ], [ 145.1545, -37.6891 ], [ 145.1549, -37.6892 ], [ 145.1548, -37.6889 ], [ 145.1554, -37.6888 ], [ 145.1556, -37.6884 ], [ 145.1646, -37.6896 ], [ 145.1642, -37.6916 ], [ 145.1648, -37.6919 ], [ 145.1667, -37.6917 ], [ 145.1679, -37.6924 ], [ 145.1684, -37.6943 ], [ 145.169, -37.6947 ], [ 145.1702, -37.6941 ], [ 145.1729, -37.6944 ], [ 145.1736, -37.6957 ], [ 145.1772, -37.6983 ], [ 145.175, -37.7101 ], [ 145.173, -37.7238 ], [ 145.1741, -37.724 ], [ 145.1762, -37.7231 ], [ 145.1775, -37.7235 ], [ 145.1774, -37.724 ], [ 145.1779, -37.7245 ], [ 145.1791, -37.7243 ], [ 145.1804, -37.7234 ], [ 145.1813, -37.7219 ], [ 145.1816, -37.7235 ], [ 145.1812, -37.724 ], [ 145.1829, -37.724 ], [ 145.187, -37.7228 ], [ 145.1896, -37.7208 ], [ 145.1918, -37.7212 ], [ 145.1908, -37.7262 ], [ 145.1892, -37.726 ], [ 145.1888, -37.7277 ], [ 145.1906, -37.7275 ], [ 145.1928, -37.7277 ], [ 145.1949, -37.7273 ], [ 145.1938, -37.7318 ], [ 145.1927, -37.7316 ], [ 145.1902, -37.7323 ], [ 145.1892, -37.7319 ], [ 145.1879, -37.7303 ], [ 145.1847, -37.7309 ], [ 145.1824, -37.7298 ], [ 145.1813, -37.7298 ], [ 145.1808, -37.7304 ], [ 145.1805, -37.7321 ], [ 145.1784, -37.7337 ], [ 145.1786, -37.7349 ], [ 145.1798, -37.7374 ], [ 145.1791, -37.738 ], [ 145.1775, -37.7385 ], [ 145.1768, -37.7381 ], [ 145.1767, -37.7357 ], [ 145.1763, -37.7351 ], [ 145.1757, -37.7349 ], [ 145.1743, -37.7352 ], [ 145.1707, -37.7347 ], [ 145.17, -37.735 ], [ 145.1652, -37.7342 ], [ 145.1644, -37.7345 ], [ 145.1628, -37.7374 ], [ 145.1622, -37.7378 ], [ 145.1612, -37.7375 ], [ 145.1558, -37.7341 ], [ 145.1549, -37.734 ], [ 145.1537, -37.7342 ], [ 145.1518, -37.7356 ], [ 145.151, -37.7364 ], [ 145.1501, -37.7384 ], [ 145.1493, -37.7383 ], [ 145.1491, -37.7376 ], [ 145.1484, -37.7372 ], [ 145.1451, -37.7387 ], [ 145.1417, -37.7389 ], [ 145.1386, -37.7383 ], [ 145.1376, -37.7384 ], [ 145.1367, -37.7404 ], [ 145.1357, -37.7409 ], [ 145.1341, -37.7382 ], [ 145.1347, -37.7349 ], [ 145.1356, -37.7337 ], [ 145.1364, -37.7333 ], [ 145.1377, -37.7332 ], [ 145.1342, -37.7319 ], [ 145.1344, -37.731 ], [ 145.134, -37.731 ], [ 145.1348, -37.7305 ], [ 145.1352, -37.7291 ], [ 145.1347, -37.7287 ], [ 145.1352, -37.7278 ], [ 145.1357, -37.7277 ], [ 145.1358, -37.7272 ], [ 145.1351, -37.7269 ], [ 145.1353, -37.7264 ], [ 145.1359, -37.7263 ], [ 145.1353, -37.7261 ], [ 145.1357, -37.7255 ], [ 145.1355, -37.7249 ], [ 145.135, -37.7249 ], [ 145.1357, -37.7241 ], [ 145.1358, -37.7233 ], [ 145.1355, -37.7232 ], [ 145.136, -37.7232 ], [ 145.1358, -37.7227 ], [ 145.1362, -37.7228 ], [ 145.1359, -37.7226 ], [ 145.1365, -37.7222 ], [ 145.1363, -37.7217 ], [ 145.1371, -37.7211 ], [ 145.1365, -37.721 ], [ 145.137, -37.7183 ], [ 145.1378, -37.718 ], [ 145.1365, -37.7159 ], [ 145.1352, -37.7153 ], [ 145.1336, -37.7133 ], [ 145.1328, -37.7102 ], [ 145.1316, -37.7077 ] ] ] } },
{ "type": "Feature", "properties": { "loc_pid": "loc21871af600bf", "suburb": "Eltham North", "join_key": "ELTHAM NORTH" }, "geometry": { "type": "Polygon", "coordinates": [ [ [ 145.1277, -37.7014 ], [ 145.1281, -37.7004 ], [ 145.1292, -37.6996 ], [ 145.1297, -37.6999 ], [ 145.13, -37.6997 ], [ 145.1297, -37.6994 ], [ 145.1302, -37.6991 ], [ 145.1305, -37.6995 ], [ 145.131, -37.6992 ], [ 145.1307, -37.6988 ], [ 145.1314, -37.6984 ], [ 145.1323, -37.6985 ], [ 145.1324, -37.6981 ], [ 145.134, -37.698 ], [ 145.1346, -37.697 ], [ 145.1344, -37.6969 ], [ 145.1358, -37.697 ], [ 145.1362, -37.6966 ], [ 145.136, -37.6954 ], [ 145.1367, -37.6954 ], [ 145.1367, -37.695 ], [ 145.1362, -37.6951 ], [ 145.1359, -37.6941 ], [ 145.1353, -37.6936 ], [ 145.1356, -37.6932 ], [ 145.1353, -37.6928 ], [ 145.136, -37.6928 ], [ 145.1361, -37.6924 ], [ 145.1348, -37.6925 ], [ 145.1331, -37.6915 ], [ 145.1321, -37.6896 ], [ 145.1366, -37.6862 ], [ 145.1496, -37.6876 ], [ 145.1512, -37.6883 ], [ 145.152, -37.6879 ], [ 145.1555, -37.6884 ], [ 145.1554, -37.6888 ], [ 145.1548, -37.6889 ], [ 145.1549, -37.6892 ], [ 145.1545, -37.6891 ], [ 145.1546, -37.6895 ], [ 145.1541, -37.6901 ], [ 145.1531, -37.6893 ], [ 145.1529, -37.6903 ], [ 145.1523, -37.6911 ], [ 145.1526, -37.6917 ], [ 145.1518, -37.6919 ], [ 145.152, -37.6923 ], [ 145.1512, -37.6924 ], [ 145.1513, -37.693 ], [ 145.1521, -37.6937 ], [ 145.1515, -37.694 ], [ 145.1516, -37.6948 ], [ 145.1511, -37.6953 ], [ 145.1516, -37.6962 ], [ 145.1508, -37.6973 ], [ 145.1523, -37.6986 ], [ 145.1527, -37.6979 ], [ 145.1533, -37.698 ], [ 145.1545, -37.6997 ], [ 145.1527, -37.6999 ], [ 145.1532, -37.7031 ], [ 145.1529, -37.7034 ], [ 145.1527, -37.7032 ], [ 145.1503, -37.7033 ], [ 145.1499, -37.7042 ], [ 145.1491, -37.7041 ], [ 145.149, -37.7046 ], [ 145.1496, -37.7053 ], [ 145.1491, -37.7062 ], [ 145.1467, -37.7063 ], [ 145.1462, -37.7072 ], [ 145.1456, -37.7073 ], [ 145.1456, -37.708 ], [ 145.147, -37.7094 ], [ 145.1316, -37.7077 ], [ 145.1304, -37.7059 ], [ 145.1281, -37.7047 ], [ 145.1283, -37.7032 ], [ 145.1281, -37.7016 ], [ 145.1277, -37.7014 ] ] ] } },
{ "type": "Feature", "properties": { "loc_pid": "locf10c34e07e7d", "suburb": "Elwood", "join_key": "ELWOOD" }, "geometry": { "type": "Polygon", "coordinates": [ [ [ 144.9745, -37.8763 ], [ 144.9769, -37.8753 ], [ 144.9768, -37.875 ], [ 144.9775, -37.875 ], [ 144.9775, -37.8744 ], [ 144.9804, -37.8738 ], [ 144.9809, -37.8733 ], [ 144.9807, -37.8731 ], [ 144.9813, -37.8732 ], [ 144.9836, -37.8725 ], [ 144.9837, -37.8727 ], [ 144.986, -37.8718 ], [ 144.9857, -37.8714 ], [ 144.9867, -37.8706 ], [ 144.9875, -37.8703 ], [ 144.9878, -37.8708 ], [ 144.9886, -37.8705 ], [ 144.9971, -37.8839 ], [ 144.9923, -37.8833 ], [ 144.9907, -37.8917 ], [ 144.9848, -37.891 ], [ 144.9831, -37.8886 ], [ 144.9794, -37.8847 ], [ 144.9756, -37.8822 ], [ 144.9759, -37.8815 ], [ 144.9758, -37.8795 ], [ 144.9745, -37.8763 ] ] ] } },
{ "type": "Feature", "properties": { "loc_pid": "loc1787c3eae691", "suburb": "Emerald", "join_key": "EMERALD" }, "geometry": { "type": "Polygon", "coordinates": [ [ [ 145.3822, -37.9412 ], [ 145.3837, -37.9381 ], [ 145.3854, -37.9373 ], [ 145.3871, -37.9369 ], [ 145.3887, -37.9369 ], [ 145.3905, -37.9376 ], [ 145.394, -37.9396 ], [ 145.3968, -37.9402 ], [ 145.3993, -37.9401 ], [ 145.4014, -37.9394 ], [ 145.4033, -37.9382 ], [ 145.4068, -37.9381 ], [ 145.4065, -37.9358 ], [ 145.4074, -37.9355 ], [ 145.4086, -37.9362 ], [ 145.4091, -37.9354 ], [ 145.41, -37.935 ], [ 145.4122, -37.9354 ], [ 145.4123, -37.9375 ], [ 145.413, -37.9377 ], [ 145.4131, -37.938 ], [ 145.4159, -37.9379 ], [ 145.4166, -37.9373 ], [ 145.4174, -37.9373 ], [ 145.4174, -37.9379 ], [ 145.4198, -37.9378 ], [ 145.4209, -37.9369 ], [ 145.4214, -37.9369 ], [ 145.4215, -37.9378 ], [ 145.4223, -37.9378 ], [ 145.4222, -37.9365 ], [ 145.4266, -37.9369 ], [ 145.4264, -37.9358 ], [ 145.4275, -37.9359 ], [ 145.4275, -37.935 ], [ 145.4302, -37.935 ], [ 145.4303, -37.9339 ], [ 145.432, -37.9339 ], [ 145.4324, -37.9323 ], [ 145.431, -37.93 ], [ 145.429, -37.9294 ], [ 145.4233, -37.9293 ], [ 145.4197, -37.9261 ], [ 145.4229, -37.9192 ], [ 145.4255, -37.9199 ], [ 145.4285, -37.9135 ], [ 145.4393, -37.9147 ], [ 145.4389, -37.9138 ], [ 145.4389, -37.9125 ], [ 145.4397, -37.9114 ], [ 145.4395, -37.9104 ], [ 145.4399, -37.9097 ], [ 145.4411, -37.9096 ], [ 145.4418, -37.9088 ], [ 145.4415, -37.9067 ], [ 145.4419, -37.9048 ], [ 145.4427, -37.9033 ], [ 145.4426, -37.9025 ], [ 145.4431, -37.902 ], [ 145.4429, -37.9 ], [ 145.4414, -37.8976 ], [ 145.4414, -37.8971 ], [ 145.4405, -37.8966 ], [ 145.4401, -37.8957 ], [ 145.4403, -37.8942 ], [ 145.441, -37.8937 ], [ 145.4414, -37.8928 ], [ 145.4427, -37.8923 ], [ 145.443, -37.8919 ], [ 145.4434, -37.8917 ], [ 145.4454, -37.8918 ], [ 145.446, -37.8913 ], [ 145.4459, -37.8905 ], [ 145.4468, -37.89 ], [ 145.4467, -37.8893 ], [ 145.4479, -37.8879 ], [ 145.4474, -37.8866 ], [ 145.4477, -37.8855 ], [ 145.4481, -37.8854 ], [ 145.448, -37.8846 ], [ 145.4488, -37.8842 ], [ 145.4504, -37.882 ], [ 145.4511, -37.882 ], [ 145.4518, -37.8826 ], [ 145.4515, -37.8835 ], [ 145.4518, -37.8839 ], [ 145.4511, -37.8858 ], [ 145.4546, -37.8847 ], [ 145.4547, -37.8851 ], [ 145.454, -37.8861 ], [ 145.4537, -37.8883 ], [ 145.4549, -37.8901 ], [ 145.455, -37.8911 ], [ 145.4558, -37.8926 ], [ 145.4554, -37.8949 ], [ 145.4542, -37.897 ], [ 145.4555, -37.8979 ], [ 145.4569, -37.8978 ], [ 145.4581, -37.8985 ], [ 145.4613, -37.9012 ], [ 145.4612, -37.9026 ], [ 145.4621, -37.9035 ], [ 145.4622, -37.9048 ], [ 145.4633, -37.908 ], [ 145.4643, -37.9092 ], [ 145.4647, -37.9108 ], [ 145.4667, -37.912 ], [ 145.4688, -37.9107 ], [ 145.4685, -37.9118 ], [ 145.4702, -37.915 ], [ 145.4704, -37.9163 ], [ 145.4693, -37.919 ], [ 145.4668, -37.9213 ], [ 145.4667, -37.9221 ], [ 145.4705, -37.9212 ], [ 145.471, -37.9216 ], [ 145.4703, -37.9243 ], [ 145.4706, -37.9244 ], [ 145.4696, -37.927 ], [ 145.4696, -37.9278 ], [ 145.4691, -37.928 ], [ 145.4691, -37.9285 ], [ 145.4683, -37.9284 ], [ 145.4673, -37.9326 ], [ 145.4689, -37.9333 ], [ 145.4702, -37.9332 ], [ 145.4714, -37.9337 ], [ 145.4703, -37.939 ], [ 145.4732, -37.9393 ], [ 145.4746, -37.9398 ], [ 145.476, -37.9396 ], [ 145.473, -37.9532 ], [ 145.4798, -37.954 ], [ 145.4792, -37.9573 ], [ 145.4845, -37.958 ], [ 145.4844, -37.9609 ], [ 145.4839, -37.9608 ], [ 145.4838, -37.9613 ], [ 145.484, -37.9624 ], [ 145.4858, -37.9645 ], [ 145.4867, -37.9687 ], [ 145.4864, -37.9693 ], [ 145.4734, -37.9677 ], [ 145.475, -37.9597 ], [ 145.4719, -37.9594 ], [ 145.469, -37.9614 ], [ 145.4687, -37.9611 ], [ 145.4677, -37.963 ], [ 145.4651, -37.9648 ], [ 145.4643, -37.9658 ], [ 145.4626, -37.9703 ], [ 145.4629, -37.9714 ], [ 145.4655, -37.974 ], [ 145.465, -37.9769 ], [ 145.4636, -37.9793 ], [ 145.4579, -37.9797 ], [ 145.455, -37.979 ], [ 145.4534, -37.9794 ], [ 145.4502, -37.9815 ], [ 145.4489, -37.982 ], [ 145.4444, -37.9823 ], [ 145.4415, -37.983 ], [ 145.4409, -37.9824 ], [ 145.4382, -37.9816 ], [ 145.4335, -37.9787 ], [ 145.4258, -37.979 ], [ 145.4182, -37.9806 ], [ 145.4141, -37.9776 ], [ 145.4079, -37.9789 ], [ 145.4056, -37.9771 ], [ 145.4039, -37.9762 ], [ 145.4, -37.9791 ], [ 145.3936, -37.9792 ], [ 145.3936, -37.9755 ], [ 145.3881, -37.9755 ], [ 145.3875, -37.96 ], [ 145.3883, -37.9574 ], [ 145.3823, -37.9559 ], [ 145.3844, -37.9544 ], [ 145.3851, -37.9528 ], [ 145.3852, -37.9516 ], [ 145.3835, -37.948 ], [ 145.3822, -37.9412 ] ] ] } },
{ "type": "Feature", "properties": { "loc_pid": "locb10305db77b5", "suburb": "Endeavour Hills", "join_key": "ENDEAVOUR HILLS" }, "geometry": { "type": "Polygon", "coordinates": [ [ [ 145.2295, -37.953 ], [ 145.23, -37.9504 ], [ 145.2339, -37.942 ], [ 145.2439, -37.9432 ], [ 145.2454, -37.9487 ], [ 145.2588, -37.9585 ], [ 145.2635, -37.9582 ], [ 145.2774, -37.9599 ], [ 145.282, -37.9619 ], [ 145.2816, -37.9644 ], [ 145.2825, -37.9656 ], [ 145.2824, -37.9664 ], [ 145.2811, -37.9676 ], [ 145.2809, -37.9675 ], [ 145.2771, -37.9863 ], [ 145.2768, -37.987 ], [ 145.2764, -37.987 ], [ 145.275, -37.9887 ], [ 145.2736, -37.9893 ], [ 145.2735, -37.9902 ], [ 145.2741, -37.9912 ], [ 145.2731, -37.9923 ], [ 145.2729, -37.9935 ], [ 145.2716, -37.9936 ], [ 145.2713, -37.9943 ], [ 145.2707, -37.9946 ], [ 145.268, -37.995 ], [ 145.2658, -37.9961 ], [ 145.2646, -37.9961 ], [ 145.263, -37.995 ], [ 145.2607, -37.9957 ], [ 145.2583, -37.996 ], [ 145.256, -37.9943 ], [ 145.2538, -37.9934 ], [ 145.2544, -37.991 ], [ 145.253, -37.9893 ], [ 145.2412, -37.9784 ], [ 145.2392, -37.9762 ], [ 145.2373, -37.9727 ], [ 145.2373, -37.9716 ], [ 145.2361, -37.9689 ], [ 145.2335, -37.9657 ], [ 145.2335, -37.964 ], [ 145.2326, -37.9612 ], [ 145.2337, -37.96 ], [ 145.2342, -37.9569 ], [ 145.2337, -37.9562 ], [ 145.2334, -37.9541 ], [ 145.2326, -37.9529 ], [ 145.232, -37.9526 ], [ 145.2299, -37.9524 ], [ 145.2295, -37.953 ] ] ] } },
{ "type": "Feature", "properties": { "loc_pid": "loca1a84d46e52a", "suburb": "Epping", "join_key": "EPPING" }, "geometry": { "type": "Polygon", "coordinates": [ [ [ 144.9528, -37.6232 ], [ 144.9535, -37.6226 ], [ 144.9554, -37.6224 ], [ 144.956, -37.6215 ], [ 144.957, -37.6212 ], [ 144.9574, -37.6207 ], [ 144.9572, -37.6202 ], [ 144.9559, -37.6203 ], [ 144.9553, -37.619 ], [ 144.9555, -37.6182 ], [ 144.9562, -37.6174 ], [ 144.9557, -37.6163 ], [ 144.9546, -37.6159 ], [ 144.9546, -37.6153 ], [ 145.0151, -37.6217 ], [ 145.0645, -37.6264 ], [ 145.0637, -37.6302 ], [ 145.0629, -37.6312 ], [ 145.0606, -37.6314 ], [ 145.0604, -37.6329 ], [ 145.0638, -37.6373 ], [ 145.0641, -37.6388 ], [ 145.0632, -37.6406 ], [ 145.0632, -37.6424 ], [ 145.0627, -37.6437 ], [ 145.0641, -37.6435 ], [ 145.0645, -37.6459 ], [ 145.0659, -37.6479 ], [ 145.0662, -37.6494 ], [ 145.0493, -37.6516 ], [ 145.0421, -37.6521 ], [ 145.0411, -37.6542 ], [ 145.0397, -37.6559 ], [ 145.0396, -37.6569 ], [ 145.0373, -37.6594 ], [ 145.0371, -37.6611 ], [ 145.0365, -37.6614 ], [ 145.0031, -37.658 ], [ 144.9755, -37.6547 ], [ 144.9746, -37.6523 ], [ 144.9763, -37.65 ], [ 144.9744, -37.6469 ], [ 144.9716, -37.6453 ], [ 144.9714, -37.6439 ], [ 144.9709, -37.6431 ], [ 144.9693, -37.6431 ], [ 144.9702, -37.6407 ], [ 144.9699, -37.6397 ], [ 144.9688, -37.6384 ], [ 144.9669, -37.6383 ], [ 144.9651, -37.6355 ], [ 144.9636, -37.6354 ], [ 144.9614, -37.6357 ], [ 144.9585, -37.6344 ], [ 144.9587, -37.6334 ], [ 144.9574, -37.6319 ], [ 144.9589, -37.629 ], [ 144.9588, -37.6278 ], [ 144.9556, -37.6261 ], [ 144.9555, -37.6238 ], [ 144.9528, -37.6232 ] ] ] } },
{ "type": "Feature", "properties": { "loc_pid": "loc8297291648ae", "suburb": "Essendon", "join_key": "ESSENDON" }, "geometry": { "type": "Polygon", "coordinates": [ [ [ 144.8895, -37.7539 ], [ 144.8923, -37.7373 ], [ 144.9102, -37.7445 ], [ 144.9082, -37.7413 ], [ 144.9347, -37.7441 ], [ 144.9344, -37.7445 ], [ 144.9333, -37.7448 ], [ 144.9328, -37.7455 ], [ 144.9292, -37.7454 ], [ 144.9286, -37.7457 ], [ 144.9283, -37.7471 ], [ 144.9291, -37.7473 ], [ 144.9292, -37.7476 ], [ 144.9284, -37.7489 ], [ 144.9276, -37.749 ], [ 144.9274, -37.7493 ], [ 144.9275, -37.7503 ], [ 144.9267, -37.7514 ], [ 144.927, -37.752 ], [ 144.9283, -37.7526 ], [ 144.9293, -37.7519 ], [ 144.9297, -37.753 ], [ 144.9305, -37.7537 ], [ 144.9319, -37.7532 ], [ 144.9323, -37.7526 ], [ 144.9332, -37.7531 ], [ 144.935, -37.7533 ], [ 144.9349, -37.7542 ], [ 144.9336, -37.755 ], [ 144.9346, -37.7566 ], [ 144.9335, -37.7575 ], [ 144.9334, -37.7583 ], [ 144.933, -37.7585 ], [ 144.933, -37.7589 ], [ 144.9338, -37.7594 ], [ 144.9321, -37.7592 ], [ 144.9321, -37.7587 ], [ 144.9162, -37.7569 ], [ 144.9167, -37.7607 ], [ 144.9161, -37.7607 ], [ 144.916, -37.7611 ], [ 144.9148, -37.761 ], [ 144.9149, -37.7608 ], [ 144.914, -37.761 ], [ 144.9132, -37.7606 ], [ 144.9116, -37.7604 ], [ 144.9116, -37.7607 ], [ 144.9091, -37.7605 ], [ 144.909, -37.7609 ], [ 144.9075, -37.7607 ], [ 144.9073, -37.7602 ], [ 144.907, -37.7607 ], [ 144.9064, -37.7606 ], [ 144.9073, -37.756 ], [ 144.8895, -37.7539 ] ] ] } },
{ "type": "Feature", "properties": { "loc_pid": "loc70900f66d041", "suburb": "Essendon Fields", "join_key": "ESSENDON FIELDS" }, "geometry": { "type": "Polygon", "coordinates": [ [ [ 144.8906, -37.73 ], [ 144.8912, -37.7273 ], [ 144.8918, -37.726 ], [ 144.8924, -37.7259 ], [ 144.8925, -37.7253 ], [ 144.892, -37.7249 ], [ 144.892, -37.7219 ], [ 144.8928, -37.7173 ], [ 144.8934, -37.7158 ], [ 144.893, -37.7135 ], [ 144.8965, -37.7139 ], [ 144.8962, -37.7159 ], [ 144.8966, -37.7164 ], [ 144.8985, -37.7184 ], [ 144.9032, -37.7196 ], [ 144.9049, -37.7209 ], [ 144.9052, -37.7231 ], [ 144.9064, -37.723 ], [ 144.9097, -37.7248 ], [ 144.9129, -37.7257 ], [ 144.9125, -37.7283 ], [ 144.9132, -37.7283 ], [ 144.9132, -37.7288 ], [ 144.9148, -37.7293 ], [ 144.9148, -37.7296 ], [ 144.9159, -37.7298 ], [ 144.9159, -37.7303 ], [ 144.9166, -37.7304 ], [ 144.9165, -37.7307 ], [ 144.917, -37.7307 ], [ 144.917, -37.7311 ], [ 144.9167, -37.7322 ], [ 144.9113, -37.7326 ], [ 144.9053, -37.7347 ], [ 144.9043, -37.7345 ], [ 144.9035, -37.735 ], [ 144.9023, -37.7351 ], [ 144.8987, -37.7346 ], [ 144.8988, -37.7342 ], [ 144.8955, -37.7335 ], [ 144.8948, -37.7337 ], [ 144.8929, -37.7335 ], [ 144.8912, -37.7321 ], [ 144.8906, -37.73 ] ] ] } },
{ "type": "Feature", "properties": { "loc_pid": "loc4ce523fe6a7e", "suburb": "Essendon North", "join_key": "ESSENDON NORTH" }, "geometry": { "type": "Polygon", "coordinates": [ [ [ 144.8925, -37.7374 ], [ 144.8931, -37.7335 ], [ 144.8966, -37.7337 ], [ 144.8988, -37.7342 ], [ 144.8987, -37.7346 ], [ 144.9012, -37.735 ], [ 144.9029, -37.7351 ], [ 144.904, -37.7346 ], [ 144.9102, -37.7445 ], [ 144.8925, -37.7374 ] ] ] } },
{ "type": "Feature", "properties": { "loc_pid": "loc25d04a001eb2", "suburb": "Essendon West", "join_key": "ESSENDON WEST" }, "geometry": { "type": "Polygon", "coordinates": [ [ [ 144.8771, -37.7558 ], [ 144.8779, -37.7539 ], [ 144.8787, -37.7541 ], [ 144.8796, -37.7535 ], [ 144.8815, -37.7479 ], [ 144.8904, -37.7489 ], [ 144.8895, -37.7539 ], [ 144.8893, -37.7543 ], [ 144.8887, -37.7543 ], [ 144.8885, -37.7553 ], [ 144.8889, -37.7567 ], [ 144.8899, -37.7571 ], [ 144.8891, -37.762 ], [ 144.8852, -37.7617 ], [ 144.8843, -37.761 ], [ 144.8842, -37.7595 ], [ 144.8857, -37.7567 ], [ 144.8852, -37.756 ], [ 144.8798, -37.7558 ], [ 144.8788, -37.7565 ], [ 144.8776, -37.7565 ], [ 144.8771, -37.7558 ] ] ] } },
{ "type": "Feature", "properties": { "loc_pid": "loc923aef8e6b56", "suburb": "Eumemmerring", "join_key": "EUMEMMERRING" }, "geometry": { "type": "Polygon", "coordinates": [ [ [ 145.2353, -38.0009 ], [ 145.2358, -37.9995 ], [ 145.2369, -37.9994 ], [ 145.238, -37.9987 ], [ 145.2387, -37.9988 ], [ 145.2398, -38.0001 ], [ 145.2412, -38.0 ], [ 145.2425, -37.999 ], [ 145.2437, -37.9988 ], [ 145.2441, -37.9978 ], [ 145.2449, -37.9975 ], [ 145.2455, -37.9968 ], [ 145.2448, -37.9953 ], [ 145.2449, -37.9947 ], [ 145.2463, -37.994 ], [ 145.2479, -37.9918 ], [ 145.2502, -37.9922 ], [ 145.2516, -37.9929 ], [ 145.253, -37.993 ], [ 145.2538, -37.9934 ], [ 145.2529, -37.9968 ], [ 145.252, -38.0037 ], [ 145.2355, -38.0017 ], [ 145.2353, -38.0009 ] ] ] } },
{ "type": "Feature", "properties": { "loc_pid": "loc5313769385e6", "suburb": "Exford", "join_key": "EXFORD" }, "geometry": { "type": "Polygon", "coordinates": [ [ [ 144.5212, -37.7415 ], [ 144.527, -37.7083 ], [ 144.5313, -37.7071 ], [ 144.5336, -37.7069 ], [ 144.535, -37.7074 ], [ 144.5372, -37.7104 ], [ 144.5373, -37.7138 ], [ 144.541, -37.7162 ], [ 144.5422, -37.7181 ], [ 144.5437, -37.7195 ], [ 144.5448, -37.7198 ], [ 144.5478, -37.7199 ], [ 144.5528, -37.7224 ], [ 144.5538, -37.7226 ], [ 144.5542, -37.7225 ], [ 144.5551, -37.7212 ], [ 144.556, -37.7211 ], [ 144.5568, -37.7215 ], [ 144.5583, -37.7233 ], [ 144.5606, -37.7248 ], [ 144.5615, -37.7259 ], [ 144.5621, -37.7276 ], [ 144.5622, -37.7292 ], [ 144.5629, -37.7306 ], [ 144.5645, -37.7316 ], [ 144.5652, -37.7325 ], [ 144.5664, -37.7378 ], [ 144.57, -37.7442 ], [ 144.5713, -37.7454 ], [ 144.5721, -37.7457 ], [ 144.5732, -37.7471 ], [ 144.5752, -37.7482 ], [ 144.5747, -37.7485 ], [ 144.5713, -37.7479 ], [ 144.5692, -37.7468 ], [ 144.5212, -37.7415 ] ] ] } },
{ "type": "Feature", "properties": { "loc_pid": "loc1032c5d1ed5f", "suburb": "Fairfield", "join_key": "FAIRFIELD" }, "geometry": { "type": "Polygon", "coordinates": [ [ [ 145.0011, -37.7948 ], [ 145.0015, -37.7942 ], [ 145.003, -37.7937 ], [ 145.0051, -37.7924 ], [ 145.0057, -37.791 ], [ 145.0075, -37.7902 ], [ 145.0085, -37.789 ], [ 145.0081, -37.7869 ], [ 145.0069, -37.7861 ], [ 145.0051, -37.7855 ], [ 145.0043, -37.7843 ], [ 145.0066, -37.7839 ], [ 145.0126, -37.7842 ], [ 145.0145, -37.7838 ], [ 145.0167, -37.77 ], [ 145.017, -37.7687 ], [ 145.0177, -37.7678 ], [ 145.0172, -37.7676 ], [ 145.0178, -37.7672 ], [ 145.0172, -37.7672 ], [ 145.0176, -37.7652 ], [ 145.0274, -37.7662 ], [ 145.0251, -37.7792 ], [ 145.0198, -37.7792 ], [ 145.0192, -37.7831 ], [ 145.0204, -37.7828 ], [ 145.0201, -37.7841 ], [ 145.0204, -37.7842 ], [ 145.0197, -37.7866 ], [ 145.0147, -37.7856 ], [ 145.0131, -37.7857 ], [ 145.0131, -37.7861 ], [ 145.0167, -37.7889 ], [ 145.0196, -37.7922 ], [ 145.0196, -37.7927 ], [ 145.0189, -37.7929 ], [ 145.0142, -37.7921 ], [ 145.0139, -37.7923 ], [ 145.0139, -37.7938 ], [ 145.0159, -37.795 ], [ 145.0177, -37.7954 ], [ 145.018, -37.7959 ], [ 145.0174, -37.7966 ], [ 145.0175, -37.7972 ], [ 145.021, -37.7984 ], [ 145.0207, -37.7991 ], [ 145.0186, -37.7999 ], [ 145.0185, -37.8003 ], [ 145.0201, -37.8016 ], [ 145.0211, -37.8029 ], [ 145.0197, -37.8036 ], [ 145.0177, -37.8034 ], [ 145.0166, -37.803 ], [ 145.0154, -37.8023 ], [ 145.0148, -37.8001 ], [ 145.0125, -37.7991 ], [ 145.011, -37.799 ], [ 145.0095, -37.8001 ], [ 145.0075, -37.8009 ], [ 145.0068, -37.8008 ], [ 145.0064, -37.7999 ], [ 145.0069, -37.7985 ], [ 145.0094, -37.7972 ], [ 145.0097, -37.7966 ], [ 145.0091, -37.7963 ], [ 145.0081, -37.7963 ], [ 145.0051, -37.7981 ], [ 145.0046, -37.7981 ], [ 145.0042, -37.7978 ], [ 145.0039, -37.796 ], [ 145.0031, -37.7957 ], [ 145.0025, -37.7959 ], [ 145.0019, -37.7966 ], [ 145.0013, -37.7958 ], [ 145.0011, -37.7948 ] ] ] } },
{ "type": "Feature", "properties": { "loc_pid": "loc7213d03738b9", "suburb": "Fawkner", "join_key": "FAWKNER" }, "geometry": { "type": "Polygon", "coordinates": [ [ [ 144.9563, -37.6894 ], [ 144.9721, -37.691 ], [ 144.9706, -37.6918 ], [ 144.9703, -37.6921 ], [ 144.9704, -37.6927 ], [ 144.972, -37.6928 ], [ 144.9728, -37.6924 ], [ 144.9737, -37.6929 ], [ 144.9743, -37.6939 ], [ 144.9753, -37.6941 ], [ 144.976, -37.695 ], [ 144.9764, -37.695 ], [ 144.9766, -37.6943 ], [ 144.9773, -37.6939 ], [ 144.979, -37.6945 ], [ 144.9784, -37.696 ], [ 144.9786, -37.6969 ], [ 144.9793, -37.6974 ], [ 144.9804, -37.6975 ], [ 144.9807, -37.6979 ], [ 144.9794, -37.7003 ], [ 144.9798, -37.701 ], [ 144.981, -37.7011 ], [ 144.9825, -37.7027 ], [ 144.9825, -37.7033 ], [ 144.9819, -37.7039 ], [ 144.9805, -37.7038 ], [ 144.9786, -37.7046 ], [ 144.9787, -37.7054 ], [ 144.9799, -37.7061 ], [ 144.9807, -37.7069 ], [ 144.9808, -37.7075 ], [ 144.979, -37.7078 ], [ 144.9771, -37.7101 ], [ 144.978, -37.7111 ], [ 144.9789, -37.7114 ], [ 144.979, -37.7126 ], [ 144.9774, -37.7132 ], [ 144.977, -37.7137 ], [ 144.9774, -37.714 ], [ 144.9806, -37.7143 ], [ 144.9809, -37.7147 ], [ 144.9805, -37.7162 ], [ 144.9797, -37.7167 ], [ 144.9781, -37.7166 ], [ 144.9788, -37.7183 ], [ 144.9786, -37.7194 ], [ 144.9754, -37.7193 ], [ 144.9741, -37.72 ], [ 144.9724, -37.7202 ], [ 144.963, -37.7192 ], [ 144.9605, -37.7045 ], [ 144.9593, -37.7044 ], [ 144.9582, -37.6951 ], [ 144.9563, -37.6894 ] ] ] } },
{ "type": "Feature", "properties": { "loc_pid": "loccd13bd88b567", "suburb": "Ferntree Gully", "join_key": "FERNTREE GULLY" }, "geometry": { "type": "Polygon", "coordinates": [ [ [ 145.2556, -37.8826 ], [ 145.2569, -37.8825 ], [ 145.2569, -37.8769 ], [ 145.2576, -37.8769 ], [ 145.2588, -37.8742 ], [ 145.2562, -37.8734 ], [ 145.2586, -37.8688 ], [ 145.2615, -37.8692 ], [ 145.2621, -37.869 ], [ 145.2626, -37.868 ], [ 145.2664, -37.8673 ], [ 145.2699, -37.8686 ], [ 145.2713, -37.8681 ], [ 145.2724, -37.8681 ], [ 145.2728, -37.8676 ], [ 145.2736, -37.8677 ], [ 145.274, -37.8681 ], [ 145.2742, -37.8678 ], [ 145.2754, -37.868 ], [ 145.2764, -37.8686 ], [ 145.2777, -37.8684 ], [ 145.2801, -37.8696 ], [ 145.281, -37.8707 ], [ 145.2821, -37.873 ], [ 145.2841, -37.8733 ], [ 145.2854, -37.8742 ], [ 145.2861, -37.8742 ], [ 145.2865, -37.8739 ], [ 145.289, -37.8743 ], [ 145.29, -37.8742 ], [ 145.2907, -37.8737 ], [ 145.291, -37.8734 ], [ 145.2893, -37.8715 ], [ 145.2926, -37.8695 ], [ 145.2932, -37.8681 ], [ 145.2972, -37.8697 ], [ 145.2985, -37.8699 ], [ 145.2985, -37.867 ], [ 145.3014, -37.8677 ], [ 145.3026, -37.8686 ], [ 145.3035, -37.8688 ], [ 145.3031, -37.869 ], [ 145.3043, -37.8699 ], [ 145.3048, -37.8696 ], [ 145.3058, -37.8697 ], [ 145.3062, -37.869 ], [ 145.3085, -37.871 ], [ 145.3078, -37.8763 ], [ 145.3061, -37.8761 ], [ 145.3058, -37.8783 ], [ 145.3053, -37.8792 ], [ 145.3051, -37.8803 ], [ 145.3064, -37.8804 ], [ 145.3062, -37.8812 ], [ 145.3048, -37.8812 ], [ 145.3042, -37.8815 ], [ 145.305, -37.882 ], [ 145.3051, -37.8825 ], [ 145.304, -37.8844 ], [ 145.3049, -37.8845 ], [ 145.3049, -37.8849 ], [ 145.3048, -37.8856 ], [ 145.3037, -37.8856 ], [ 145.3037, -37.8861 ], [ 145.3045, -37.8877 ], [ 145.3049, -37.8876 ], [ 145.3052, -37.8879 ], [ 145.3034, -37.8877 ], [ 145.3026, -37.8882 ], [ 145.3026, -37.8887 ], [ 145.3045, -37.8902 ], [ 145.3041, -37.8902 ], [ 145.3035, -37.8911 ], [ 145.301, -37.8899 ], [ 145.3005, -37.8907 ], [ 145.3014, -37.8913 ], [ 145.3004, -37.8918 ], [ 145.3009, -37.8926 ], [ 145.2964, -37.8977 ], [ 145.2963, -37.8984 ], [ 145.2958, -37.8986 ], [ 145.2956, -37.8994 ], [ 145.2946, -37.9006 ], [ 145.2945, -37.9004 ], [ 145.289, -37.9006 ], [ 145.2876, -37.901 ], [ 145.2856, -37.9019 ], [ 145.2815, -37.9053 ], [ 145.2797, -37.9037 ], [ 145.2809, -37.9004 ], [ 145.2746, -37.8997 ], [ 145.2632, -37.9023 ], [ 145.263, -37.9004 ], [ 145.2601, -37.9003 ], [ 145.2585, -37.8914 ], [ 145.2576, -37.892 ], [ 145.257, -37.8914 ], [ 145.2568, -37.8906 ], [ 145.2567, -37.8897 ], [ 145.2572, -37.8888 ], [ 145.2569, -37.8883 ], [ 145.2569, -37.8837 ], [ 145.256, -37.8837 ], [ 145.256, -37.8828 ], [ 145.2556, -37.8826 ] ] ] } },
{ "type": "Feature", "properties": { "loc_pid": "loccd611f2e999c", "suburb": "Fieldstone", "join_key": "FIELDSTONE" }, "geometry": { "type": "Polygon", "coordinates": [ [ [ 144.6295, -37.7539 ], [ 144.6307, -37.7455 ], [ 144.6631, -37.7443 ], [ 144.6678, -37.7447 ], [ 144.6659, -37.7581 ], [ 144.6431, -37.7553 ], [ 144.6431, -37.7558 ], [ 144.6295, -37.7539 ] ] ] } },
{ "type": "Feature", "properties": { "loc_pid": "loce78d8f5bb797", "suburb": "Fingal", "join_key": "FINGAL" }, "geometry": { "type": "Polygon", "coordinates": [ [ [ 144.8299, -38.4148 ], [ 144.8307, -38.3951 ], [ 144.8299, -38.3916 ], [ 144.8308, -38.3887 ], [ 144.8425, -38.3889 ], [ 144.8498, -38.3881 ], [ 144.8516, -38.3875 ], [ 144.8516, -38.3872 ], [ 144.8565, -38.3878 ], [ 144.8561, -38.394 ], [ 144.8588, -38.3987 ], [ 144.8616, -38.4023 ], [ 144.8662, -38.4049 ], [ 144.8684, -38.4121 ], [ 144.8718, -38.4118 ], [ 144.8747, -38.4123 ], [ 144.8808, -38.4125 ], [ 144.8804, -38.4203 ], [ 144.8816, -38.4203 ], [ 144.882, -38.4228 ], [ 144.8817, -38.4252 ], [ 144.8833, -38.4273 ], [ 144.884, -38.4291 ], [ 144.8772, -38.4305 ], [ 144.8743, -38.4344 ], [ 144.8743, -38.4376 ], [ 144.8661, -38.4375 ], [ 144.8657, -38.4415 ], [ 144.8672, -38.4416 ], [ 144.867, -38.4456 ], [ 144.8673, -38.4473 ], [ 144.8629, -38.4523 ], [ 144.8624, -38.4521 ], [ 144.8617, -38.4509 ], [ 144.8592, -38.4493 ], [ 144.8579, -38.4477 ], [ 144.857, -38.4473 ], [ 144.856, -38.4479 ], [ 144.8564, -38.4469 ], [ 144.8562, -38.4464 ], [ 144.8543, -38.4446 ], [ 144.8534, -38.4442 ], [ 144.8527, -38.4445 ], [ 144.852, -38.4443 ], [ 144.8516, -38.4438 ], [ 144.8519, -38.4433 ], [ 144.8515, -38.4434 ], [ 144.8511, -38.4431 ], [ 144.8512, -38.4424 ], [ 144.8508, -38.4419 ], [ 144.8488, -38.4407 ], [ 144.8475, -38.4392 ], [ 144.8465, -38.4391 ], [ 144.8462, -38.4381 ], [ 144.8437, -38.435 ], [ 144.8433, -38.435 ], [ 144.843, -38.4344 ], [ 144.842, -38.4338 ], [ 144.8504, -38.4339 ], [ 144.8501, -38.4326 ], [ 144.8494, -38.4318 ], [ 144.845, -38.4281 ], [ 144.845, -38.4267 ], [ 144.8445, -38.4267 ], [ 144.8442, -38.426 ], [ 144.8422, -38.425 ], [ 144.8426, -38.4246 ], [ 144.8406, -38.4243 ], [ 144.8391, -38.4234 ], [ 144.8394, -38.4177 ], [ 144.8369, -38.4163 ], [ 144.8353, -38.416 ], [ 144.8328, -38.4149 ], [ 144.8299, -38.4148 ] ] ] } },
{ "type": "Feature", "properties": { "loc_pid": "loc875118ed8437", "suburb": "Fitzroy", "join_key": "FITZROY" }, "geometry": { "type": "Polygon", "coordinates": [ [ [ 144.9732, -37.8079 ], [ 144.9757, -37.7929 ], [ 144.9851, -37.7939 ], [ 144.9826, -37.8089 ], [ 144.9732, -37.8079 ] ] ] } },
{ "type": "Feature", "properties": { "loc_pid": "loc7c32e0d95873", "suburb": "Fitzroy North", "join_key": "FITZROY NORTH" }, "geometry": { "type": "Polygon", "coordinates": [ [ [ 144.9757, -37.7929 ], [ 144.9793, -37.773 ], [ 144.9834, -37.7735 ], [ 144.9834, -37.7741 ], [ 144.9868, -37.7743 ], [ 144.9874, -37.7749 ], [ 144.9882, -37.7749 ], [ 144.9887, -37.7754 ], [ 144.9885, -37.7764 ], [ 144.9898, -37.7779 ], [ 144.99, -37.7796 ], [ 144.992, -37.7804 ], [ 144.992, -37.7826 ], [ 144.994, -37.7834 ], [ 144.9956, -37.7846 ], [ 144.9948, -37.7855 ], [ 144.9955, -37.786 ], [ 144.9952, -37.7871 ], [ 144.992, -37.7881 ], [ 144.9857, -37.7908 ], [ 144.9851, -37.7939 ], [ 144.9757, -37.7929 ] ] ] } },
{ "type": "Feature", "properties": { "loc_pid": "loc92bf5bc798e7", "suburb": "Flemington", "join_key": "FLEMINGTON" }, "geometry": { "type": "Polygon", "coordinates": [ [ [ 144.9026, -37.7898 ], [ 144.904, -37.789 ], [ 144.9049, -37.7873 ], [ 144.9063, -37.7875 ], [ 144.907, -37.7843 ], [ 144.9083, -37.7825 ], [ 144.9136, -37.7794 ], [ 144.9176, -37.7836 ], [ 144.922, -37.7837 ], [ 144.9226, -37.7804 ], [ 144.9245, -37.7808 ], [ 144.9245, -37.7805 ], [ 144.9251, -37.7806 ], [ 144.9252, -37.7802 ], [ 144.9264, -37.7803 ], [ 144.9276, -37.7811 ], [ 144.9277, -37.7808 ], [ 144.9283, -37.7811 ], [ 144.9284, -37.7809 ], [ 144.9294, -37.781 ], [ 144.9296, -37.7815 ], [ 144.9304, -37.7815 ], [ 144.9305, -37.7811 ], [ 144.931, -37.7814 ], [ 144.9321, -37.7813 ], [ 144.9323, -37.7809 ], [ 144.9343, -37.7828 ], [ 144.9377, -37.7843 ], [ 144.9403, -37.7875 ], [ 144.939, -37.788 ], [ 144.9378, -37.7889 ], [ 144.9215, -37.7874 ], [ 144.9213, -37.7875 ], [ 144.9228, -37.7892 ], [ 144.9129, -37.7952 ], [ 144.9115, -37.7945 ], [ 144.9087, -37.7938 ], [ 144.9038, -37.7917 ], [ 144.9027, -37.7904 ], [ 144.9026, -37.7898 ] ] ] } },
{ "type": "Feature", "properties": { "loc_pid": "loc5c94ac6107ca", "suburb": "Flinders", "join_key": "FLINDERS" }, "geometry": { "type": "Polygon", "coordinates": [ [ [ 144.9134, -38.49 ], [ 144.9135, -38.4897 ], [ 144.9149, -38.4895 ], [ 144.9162, -38.4888 ], [ 144.9188, -38.4893 ], [ 144.9196, -38.4889 ], [ 144.9199, -38.4883 ], [ 144.9209, -38.4882 ], [ 144.921, -38.4877 ], [ 144.9217, -38.4875 ], [ 144.9217, -38.487 ], [ 144.9223, -38.4866 ], [ 144.9223, -38.486 ], [ 144.9236, -38.4852 ], [ 144.9244, -38.4834 ], [ 144.9274, -38.484 ], [ 144.928, -38.4837 ], [ 144.9287, -38.4818 ], [ 144.9299, -38.4815 ], [ 144.9296, -38.4808 ], [ 144.9298, -38.4797 ], [ 144.9317, -38.4795 ], [ 144.9319, -38.48 ], [ 144.9325, -38.4783 ], [ 144.9333, -38.4785 ], [ 144.9347, -38.4772 ], [ 144.9348, -38.4763 ], [ 144.933, -38.4755 ], [ 144.9333, -38.4747 ], [ 144.9308, -38.4751 ], [ 144.9312, -38.4742 ], [ 144.9312, -38.4729 ], [ 144.9325, -38.472 ], [ 144.9329, -38.4713 ], [ 144.9319, -38.4709 ], [ 144.932, -38.47 ], [ 144.931, -38.469 ], [ 144.931, -38.4684 ], [ 144.9314, -38.4685 ], [ 144.9317, -38.4683 ], [ 144.9315, -38.4681 ], [ 144.9319, -38.4681 ], [ 144.9328, -38.4671 ], [ 144.9336, -38.4668 ], [ 144.9335, -38.4662 ], [ 144.9327, -38.4663 ], [ 144.9315, -38.4657 ], [ 144.9319, -38.4652 ], [ 144.9334, -38.4653 ], [ 144.9333, -38.4646 ], [ 144.9327, -38.4643 ], [ 144.9323, -38.4636 ], [ 144.9325, -38.4625 ], [ 144.9339, -38.462 ], [ 144.9344, -38.461 ], [ 144.9352, -38.461 ], [ 144.9353, -38.4606 ], [ 144.9359, -38.4603 ], [ 144.937, -38.4607 ], [ 144.9372, -38.46 ], [ 144.9368, -38.4598 ], [ 144.9367, -38.4592 ], [ 144.937, -38.4589 ], [ 144.938, -38.459 ], [ 144.9385, -38.4586 ], [ 144.9385, -38.4583 ], [ 144.9369, -38.4573 ], [ 144.9376, -38.4567 ], [ 144.9376, -38.4552 ], [ 144.9369, -38.4543 ], [ 144.9367, -38.4533 ], [ 144.9382, -38.4534 ], [ 144.9378, -38.453 ], [ 144.9381, -38.4519 ], [ 144.9365, -38.4518 ], [ 144.9354, -38.4513 ], [ 144.9314, -38.4473 ], [ 144.9314, -38.4458 ], [ 144.9306, -38.4441 ], [ 144.9325, -38.4422 ], [ 144.9416, -38.4424 ], [ 144.9419, -38.4347 ], [ 144.9488, -38.4349 ], [ 144.9492, -38.4356 ], [ 144.9518, -38.4358 ], [ 144.9535, -38.435 ], [ 144.9552, -38.435 ], [ 144.9547, -38.4348 ], [ 144.9551, -38.4339 ], [ 144.9542, -38.4332 ], [ 144.9545, -38.4328 ], [ 144.9541, -38.4312 ], [ 144.9536, -38.4312 ], [ 144.954, -38.4304 ], [ 144.9537, -38.4289 ], [ 144.9529, -38.4283 ], [ 144.9541, -38.4274 ], [ 144.9529, -38.4271 ], [ 144.9528, -38.4261 ], [ 144.9531, -38.4258 ], [ 144.9527, -38.4251 ], [ 144.9543, -38.4256 ], [ 144.9541, -38.4247 ], [ 144.9547, -38.4242 ], [ 144.9542, -38.4235 ], [ 144.9545, -38.4229 ], [ 144.9551, -38.4227 ], [ 144.9559, -38.4229 ], [ 144.9569, -38.4217 ], [ 144.9593, -38.4216 ], [ 144.9607, -38.421 ], [ 144.9616, -38.422 ], [ 144.9604, -38.4236 ], [ 144.96, -38.4283 ], [ 144.9607, -38.4297 ], [ 144.9623, -38.4301 ], [ 144.9662, -38.4298 ], [ 144.9723, -38.4311 ], [ 144.974, -38.4296 ], [ 144.9773, -38.4275 ], [ 144.989, -38.4134 ], [ 144.9959, -38.4193 ], [ 145.0001, -38.4165 ], [ 145.0007, -38.4166 ], [ 145.0025, -38.418 ], [ 145.0036, -38.42 ], [ 145.0037, -38.4212 ], [ 145.0043, -38.4212 ], [ 145.0042, -38.4215 ], [ 145.0051, -38.4223 ], [ 145.0069, -38.4228 ], [ 145.0074, -38.4237 ], [ 145.0097, -38.4256 ], [ 145.0116, -38.4281 ], [ 145.0143, -38.4293 ], [ 145.0167, -38.4309 ], [ 145.017, -38.4347 ], [ 145.0181, -38.436 ], [ 145.0181, -38.4366 ], [ 145.0193, -38.4379 ], [ 145.0195, -38.4389 ], [ 145.0207, -38.4397 ], [ 145.0204, -38.44 ], [ 145.0207, -38.4412 ], [ 145.0227, -38.4419 ], [ 145.0236, -38.4433 ], [ 145.0233, -38.4441 ], [ 145.024, -38.4447 ], [ 145.0241, -38.4453 ], [ 145.0235, -38.447 ], [ 145.0251, -38.4476 ], [ 145.0264, -38.4476 ], [ 145.0275, -38.4489 ], [ 145.0277, -38.4502 ], [ 145.0281, -38.4503 ], [ 145.028, -38.4509 ], [ 145.0305, -38.4533 ], [ 145.036, -38.4542 ], [ 145.0355, -38.4543 ], [ 145.0353, -38.4547 ], [ 145.0337, -38.4551 ], [ 145.0334, -38.4555 ], [ 145.0336, -38.4557 ], [ 145.033, -38.4561 ], [ 145.0333, -38.4564 ], [ 145.0342, -38.4563 ], [ 145.0339, -38.4569 ], [ 145.0334, -38.457 ], [ 145.0342, -38.458 ], [ 145.034, -38.4584 ], [ 145.0334, -38.4586 ], [ 145.0326, -38.4601 ], [ 145.0333, -38.4604 ], [ 145.0334, -38.4613 ], [ 145.0344, -38.4614 ], [ 145.0347, -38.4618 ], [ 145.034, -38.4631 ], [ 145.0341, -38.4639 ], [ 145.0316, -38.4671 ], [ 145.0311, -38.4682 ], [ 145.0291, -38.4702 ], [ 145.0287, -38.4702 ], [ 145.029, -38.4706 ], [ 145.0269, -38.4732 ], [ 145.0271, -38.4739 ], [ 145.0263, -38.4739 ], [ 145.0265, -38.4745 ], [ 145.0258, -38.4746 ], [ 145.0256, -38.4755 ], [ 145.0287, -38.4757 ], [ 145.0296, -38.4751 ], [ 145.0288, -38.4759 ], [ 145.0256, -38.4756 ], [ 145.0259, -38.479 ], [ 145.0264, -38.4799 ], [ 145.0259, -38.4799 ], [ 145.0279, -38.4817 ], [ 145.0298, -38.4818 ], [ 145.0311, -38.4838 ], [ 145.0331, -38.4846 ], [ 145.0333, -38.4855 ], [ 145.0326, -38.4857 ], [ 145.0324, -38.4865 ], [ 145.0316, -38.4866 ], [ 145.0313, -38.4871 ], [ 145.0306, -38.4864 ], [ 145.031, -38.4861 ], [ 145.0307, -38.4858 ], [ 145.0299, -38.4862 ], [ 145.0301, -38.4852 ], [ 145.0267, -38.4832 ], [ 145.0263, -38.4831 ], [ 145.026, -38.4836 ], [ 145.024, -38.4833 ], [ 145.0215, -38.4839 ], [ 145.0183, -38.4838 ], [ 145.017, -38.4833 ], [ 145.0155, -38.4816 ], [ 145.0138, -38.4804 ], [ 145.0126, -38.4799 ], [ 145.0114, -38.4799 ], [ 145.0108, -38.4802 ], [ 145.0109, -38.4808 ], [ 145.0092, -38.4811 ], [ 145.0083, -38.4817 ], [ 145.0067, -38.4813 ], [ 145.0058, -38.4816 ], [ 145.0052, -38.4823 ], [ 145.0031, -38.4825 ], [ 145.0013, -38.4836 ], [ 144.9977, -38.4844 ], [ 144.9967, -38.4843 ], [ 144.9962, -38.4849 ], [ 144.9952, -38.4851 ], [ 144.9946, -38.4861 ], [ 144.9937, -38.4864 ], [ 144.9923, -38.4852 ], [ 144.991, -38.4859 ], [ 144.9902, -38.4859 ], [ 144.9899, -38.4853 ], [ 144.9901, -38.4848 ], [ 144.989, -38.4845 ], [ 144.9882, -38.4851 ], [ 144.9882, -38.4861 ], [ 144.9876, -38.4865 ], [ 144.985, -38.4856 ], [ 144.9843, -38.4861 ], [ 144.9836, -38.4859 ], [ 144.9831, -38.4863 ], [ 144.9834, -38.4871 ], [ 144.9829, -38.4875 ], [ 144.9812, -38.4878 ], [ 144.9806, -38.4873 ], [ 144.9802, -38.4876 ], [ 144.9794, -38.489 ], [ 144.9797, -38.4898 ], [ 144.9784, -38.4902 ], [ 144.9775, -38.4901 ], [ 144.9772, -38.4907 ], [ 144.9757, -38.4911 ], [ 144.9754, -38.4908 ], [ 144.9744, -38.4911 ], [ 144.9729, -38.4906 ], [ 144.9731, -38.4898 ], [ 144.9724, -38.4902 ], [ 144.9711, -38.4897 ], [ 144.9708, -38.4879 ], [ 144.9705, -38.4877 ], [ 144.968, -38.4876 ], [ 144.9673, -38.4871 ], [ 144.9661, -38.4873 ], [ 144.9643, -38.4867 ], [ 144.9615, -38.4876 ], [ 144.9605, -38.4875 ], [ 144.9596, -38.487 ], [ 144.9588, -38.4872 ], [ 144.9586, -38.4877 ], [ 144.9577, -38.488 ], [ 144.9577, -38.4887 ], [ 144.957, -38.4888 ], [ 144.9562, -38.4885 ], [ 144.9544, -38.4897 ], [ 144.9526, -38.4899 ], [ 144.9517, -38.4891 ], [ 144.9509, -38.4889 ], [ 144.9503, -38.4892 ], [ 144.9492, -38.4891 ], [ 144.9486, -38.4903 ], [ 144.9473, -38.4907 ], [ 144.9455, -38.491 ], [ 144.9446, -38.4903 ], [ 144.9441, -38.4909 ], [ 144.9425, -38.4907 ], [ 144.9424, -38.4919 ], [ 144.9432, -38.4936 ], [ 144.9432, -38.4949 ], [ 144.9428, -38.4954 ], [ 144.9401, -38.4961 ], [ 144.9393, -38.4956 ], [ 144.9373, -38.4953 ], [ 144.938, -38.497 ], [ 144.9367, -38.4975 ], [ 144.9351, -38.4972 ], [ 144.9328, -38.4961 ], [ 144.9318, -38.4963 ], [ 144.9313, -38.4961 ], [ 144.9305, -38.4966 ], [ 144.9288, -38.4966 ], [ 144.9279, -38.4961 ], [ 144.9259, -38.4967 ], [ 144.9259, -38.4977 ], [ 144.9248, -38.4991 ], [ 144.9239, -38.4996 ], [ 144.9232, -38.4993 ], [ 144.9232, -38.4982 ], [ 144.9238, -38.4977 ], [ 144.9236, -38.4975 ], [ 144.9228, -38.4977 ], [ 144.9193, -38.4976 ], [ 144.9187, -38.4975 ], [ 144.9178, -38.4968 ], [ 144.9179, -38.4962 ], [ 144.9191, -38.4956 ], [ 144.9193, -38.4946 ], [ 144.9181, -38.4942 ], [ 144.9169, -38.4946 ], [ 144.9163, -38.4942 ], [ 144.9151, -38.4943 ], [ 144.914, -38.4939 ], [ 144.9134, -38.4929 ], [ 144.9143, -38.4922 ], [ 144.9147, -38.491 ], [ 144.9134, -38.49 ] ] ] } },
{ "type": "Feature", "properties": { "loc_pid": "loc67a11408d754", "suburb": "Footscray", "join_key": "FOOTSCRAY" }, "geometry": { "type": "Polygon", "coordinates": [ [ [ 144.8793, -37.8012 ], [ 144.8799, -37.7977 ], [ 144.8814, -37.7979 ], [ 144.8835, -37.7864 ], [ 144.8903, -37.787 ], [ 144.8902, -37.7874 ], [ 144.8939, -37.788 ], [ 144.9028, -37.789 ], [ 144.9027, -37.7904 ], [ 144.9038, -37.7917 ], [ 144.9087, -37.7938 ], [ 144.9129, -37.7951 ], [ 144.9155, -37.7966 ], [ 144.9165, -37.7979 ], [ 144.9161, -37.7992 ], [ 144.915, -37.8002 ], [ 144.9141, -37.8002 ], [ 144.9125, -37.7995 ], [ 144.9112, -37.7999 ], [ 144.9101, -37.801 ], [ 144.9087, -37.8035 ], [ 144.9063, -37.8094 ], [ 144.9055, -37.8135 ], [ 144.9056, -37.8153 ], [ 144.8999, -37.8147 ], [ 144.9011, -37.8121 ], [ 144.8983, -37.8112 ], [ 144.9002, -37.807 ], [ 144.8984, -37.8064 ], [ 144.8984, -37.8059 ], [ 144.8971, -37.8057 ], [ 144.8974, -37.804 ], [ 144.8925, -37.8034 ], [ 144.8915, -37.803 ], [ 144.8862, -37.8022 ], [ 144.8866, -37.8019 ], [ 144.8793, -37.8012 ] ] ] } },
{ "type": "Feature", "properties": { "loc_pid": "loc125ac9d5de09", "suburb": "Forest Hill", "join_key": "FOREST HILL" }, "geometry": { "type": "Polygon", "coordinates": [ [ [ 145.1569, -37.8458 ], [ 145.1572, -37.8443 ], [ 145.1598, -37.8445 ], [ 145.1599, -37.8443 ], [ 145.16, -37.8437 ], [ 145.159, -37.8436 ], [ 145.1593, -37.8426 ], [ 145.1589, -37.8424 ], [ 145.1595, -37.8378 ], [ 145.1599, -37.8379 ], [ 145.16, -37.8375 ], [ 145.1594, -37.8373 ], [ 145.1601, -37.8333 ], [ 145.1654, -37.8339 ], [ 145.166, -37.8305 ], [ 145.1672, -37.8307 ], [ 145.1678, -37.8279 ], [ 145.1692, -37.8281 ], [ 145.1691, -37.8288 ], [ 145.1738, -37.8294 ], [ 145.1736, -37.8306 ], [ 145.1745, -37.8308 ], [ 145.1768, -37.8309 ], [ 145.1788, -37.8291 ], [ 145.1788, -37.8309 ], [ 145.1799, -37.8309 ], [ 145.1799, -37.8313 ], [ 145.1838, -37.8313 ], [ 145.1838, -37.8326 ], [ 145.1843, -37.8322 ], [ 145.1843, -37.8356 ], [ 145.1848, -37.8357 ], [ 145.1848, -37.8362 ], [ 145.1852, -37.8363 ], [ 145.1849, -37.8379 ], [ 145.1839, -37.8378 ], [ 145.1823, -37.8458 ], [ 145.1788, -37.8454 ], [ 145.1708, -37.8454 ], [ 145.1693, -37.8548 ], [ 145.163, -37.8541 ], [ 145.1644, -37.8468 ], [ 145.1569, -37.8458 ] ] ] } },
{ "type": "Feature", "properties": { "loc_pid": "loc6413994c2b24", "suburb": "Frankston", "join_key": "FRANKSTON" }, "geometry": { "type": "Polygon", "coordinates": [ [ [ 145.1095, -38.1534 ], [ 145.1122, -38.1522 ], [ 145.1147, -38.1485 ], [ 145.1158, -38.1462 ], [ 145.1174, -38.1447 ], [ 145.1203, -38.1372 ], [ 145.1222, -38.1293 ], [ 145.1238, -38.1296 ], [ 145.1241, -38.1294 ], [ 145.1251, -38.1308 ], [ 145.1256, -38.1285 ], [ 145.1319, -38.1302 ], [ 145.1321, -38.1298 ], [ 145.1393, -38.1249 ], [ 145.1417, -38.1251 ], [ 145.1465, -38.1257 ], [ 145.146, -38.1286 ], [ 145.1496, -38.1291 ], [ 145.1505, -38.1292 ], [ 145.1511, -38.1263 ], [ 145.1637, -38.1279 ], [ 145.1627, -38.1323 ], [ 145.1734, -38.1352 ], [ 145.1731, -38.1458 ], [ 145.1726, -38.1482 ], [ 145.1712, -38.1516 ], [ 145.1684, -38.1556 ], [ 145.1664, -38.1592 ], [ 145.1621, -38.1752 ], [ 145.1613, -38.1769 ], [ 145.1507, -38.1752 ], [ 145.147, -38.1715 ], [ 145.1366, -38.1634 ], [ 145.124, -38.16 ], [ 145.1229, -38.158 ], [ 145.1231, -38.1574 ], [ 145.1198, -38.1565 ], [ 145.1191, -38.1553 ], [ 145.1178, -38.155 ], [ 145.1176, -38.1556 ], [ 145.1095, -38.1534 ] ] ] } },
{ "type": "Feature", "properties": { "loc_pid": "locf57f2052e543", "suburb": "Frankston North", "join_key": "FRANKSTON NORTH" }, "geometry": { "type": "Polygon", "coordinates": [ [ [ 145.1393, -38.1249 ], [ 145.1574, -38.1127 ], [ 145.1753, -38.1149 ], [ 145.1738, -38.1219 ], [ 145.182, -38.1268 ], [ 145.1782, -38.1317 ], [ 145.1769, -38.1405 ], [ 145.1732, -38.1395 ], [ 145.1734, -38.1352 ], [ 145.1627, -38.1323 ], [ 145.1637, -38.1279 ], [ 145.1511, -38.1263 ], [ 145.1505, -38.1292 ], [ 145.1496, -38.1291 ], [ 145.146, -38.1286 ], [ 145.1465, -38.1257 ], [ 145.1393, -38.1249 ] ] ] } },
{ "type": "Feature", "properties": { "loc_pid": "loc312e1aba6ed5", "suburb": "Frankston South", "join_key": "FRANKSTON SOUTH" }, "geometry": { "type": "Polygon", "coordinates": [ [ [ 145.098, -38.1625 ], [ 145.0998, -38.1609 ], [ 145.1013, -38.1586 ], [ 145.102, -38.1581 ], [ 145.0995, -38.1533 ], [ 145.1036, -38.1509 ], [ 145.1099, -38.1532 ], [ 145.1095, -38.1534 ], [ 145.1176, -38.1556 ], [ 145.1178, -38.155 ], [ 145.1191, -38.1553 ], [ 145.1198, -38.1565 ], [ 145.1231, -38.1574 ], [ 145.1229, -38.158 ], [ 145.124, -38.16 ], [ 145.1366, -38.1634 ], [ 145.147, -38.1715 ], [ 145.1507, -38.1752 ], [ 145.1613, -38.1769 ], [ 145.1545, -38.192 ], [ 145.1526, -38.1945 ], [ 145.148, -38.1941 ], [ 145.1397, -38.1973 ], [ 145.1335, -38.1957 ], [ 145.1288, -38.2001 ], [ 145.1021, -38.1659 ], [ 145.1017, -38.1658 ], [ 145.1017, -38.1664 ], [ 145.1004, -38.1666 ], [ 145.1005, -38.1655 ], [ 145.0998, -38.1648 ], [ 145.0999, -38.1644 ], [ 145.0989, -38.164 ], [ 145.0988, -38.1634 ], [ 145.098, -38.1625 ] ] ] } },
{ "type": "Feature", "properties": { "loc_pid": "loc8733d13ded2e", "suburb": "Fraser Rise", "join_key": "FRASER RISE" }, "geometry": { "type": "Polygon", "coordinates": [ [ [ 144.6925, -37.7166 ], [ 144.6972, -37.6872 ], [ 144.7152, -37.6893 ], [ 144.7248, -37.69 ], [ 144.7247, -37.6903 ], [ 144.7266, -37.6922 ], [ 144.7273, -37.6934 ], [ 144.7297, -37.7066 ], [ 144.7326, -37.7062 ], [ 144.7325, -37.714 ], [ 144.7332, -37.7155 ], [ 144.7324, -37.716 ], [ 144.7318, -37.7216 ], [ 144.7245, -37.7204 ], [ 144.6925, -37.7166 ] ] ] } },
{ "type": "Feature", "properties": { "loc_pid": "loc4195fdfecc8e", "suburb": "Gardenvale", "join_key": "GARDENVALE" }, "geometry": { "type": "Polygon", "coordinates": [ [ [ 145.0047, -37.8958 ], [ 145.013, -37.8967 ], [ 145.0122, -37.9005 ], [ 145.0063, -37.8998 ], [ 145.006, -37.8982 ], [ 145.0047, -37.8958 ] ] ] } },
{ "type": "Feature", "properties": { "loc_pid": "locd61c67bb39a6", "suburb": "Garfield", "join_key": "GARFIELD" }, "geometry": { "type": "Polygon", "coordinates": [ [ [ 145.6379, -38.0855 ], [ 145.6538, -38.0866 ], [ 145.6538, -38.0784 ], [ 145.6527, -38.0784 ], [ 145.6527, -38.0722 ], [ 145.6542, -38.0723 ], [ 145.6596, -38.0708 ], [ 145.6607, -38.0709 ], [ 145.6662, -38.0727 ], [ 145.6715, -38.0749 ], [ 145.6745, -38.0694 ], [ 145.6772, -38.0704 ], [ 145.6815, -38.0728 ], [ 145.6885, -38.0727 ], [ 145.6888, -38.073 ], [ 145.696, -38.0731 ], [ 145.696, -38.0788 ], [ 145.6984, -38.0788 ], [ 145.6984, -38.0848 ], [ 145.697, -38.0848 ], [ 145.6971, -38.0972 ], [ 145.6951, -38.0967 ], [ 145.6952, -38.1007 ], [ 145.693, -38.1007 ], [ 145.6928, -38.117 ], [ 145.7, -38.117 ], [ 145.7014, -38.1192 ], [ 145.6857, -38.1228 ], [ 145.6857, -38.1278 ], [ 145.6809, -38.1289 ], [ 145.6793, -38.1242 ], [ 145.6406, -38.1328 ], [ 145.6425, -38.1234 ], [ 145.6408, -38.1205 ], [ 145.6447, -38.119 ], [ 145.6466, -38.1161 ], [ 145.6469, -38.1123 ], [ 145.6473, -38.1117 ], [ 145.646, -38.111 ], [ 145.6477, -38.102 ], [ 145.6473, -38.1015 ], [ 145.6474, -38.1008 ], [ 145.6438, -38.0974 ], [ 145.6393, -38.0914 ], [ 145.6393, -38.0875 ], [ 145.6379, -38.0875 ], [ 145.6379, -38.0855 ] ] ] } },
{ "type": "Feature", "properties": { "loc_pid": "loc6c458206eabe", "suburb": "Gembrook", "join_key": "GEMBROOK" }, "geometry": { "type": "Polygon", "coordinates": [ [ [ 145.5113, -37.9373 ], [ 145.5124, -37.9315 ], [ 145.5147, -37.9318 ], [ 145.516, -37.9253 ], [ 145.5181, -37.9255 ], [ 145.518, -37.9262 ], [ 145.5216, -37.9267 ], [ 145.5223, -37.9267 ], [ 145.5223, -37.9257 ], [ 145.529, -37.9265 ], [ 145.5302, -37.9233 ], [ 145.5303, -37.9219 ], [ 145.5317, -37.921 ], [ 145.5317, -37.9206 ], [ 145.5334, -37.9189 ], [ 145.534, -37.9173 ], [ 145.5352, -37.9162 ], [ 145.5352, -37.9149 ], [ 145.5379, -37.9153 ], [ 145.5389, -37.9136 ], [ 145.5375, -37.9125 ], [ 145.5368, -37.9113 ], [ 145.5376, -37.909 ], [ 145.5366, -37.9079 ], [ 145.5369, -37.9053 ], [ 145.5374, -37.9055 ], [ 145.5385, -37.9048 ], [ 145.54, -37.9031 ], [ 145.5411, -37.9033 ], [ 145.5432, -37.9026 ], [ 145.5459, -37.9023 ], [ 145.5475, -37.9016 ], [ 145.548, -37.8991 ], [ 145.5495, -37.8974 ], [ 145.5507, -37.891 ], [ 145.5504, -37.8881 ], [ 145.5471, -37.8862 ], [ 145.5467, -37.8856 ], [ 145.5454, -37.8801 ], [ 145.5466, -37.8779 ], [ 145.5479, -37.877 ], [ 145.5477, -37.8764 ], [ 145.5452, -37.8756 ], [ 145.5453, -37.8748 ], [ 145.5471, -37.8718 ], [ 145.5478, -37.8719 ], [ 145.549, -37.8727 ], [ 145.5509, -37.8721 ], [ 145.5515, -37.8722 ], [ 145.5534, -37.8736 ], [ 145.5534, -37.8751 ], [ 145.5537, -37.8759 ], [ 145.5543, -37.8762 ], [ 145.5541, -37.8777 ], [ 145.5554, -37.8789 ], [ 145.5581, -37.8796 ], [ 145.5615, -37.8811 ], [ 145.5623, -37.8819 ], [ 145.5624, -37.8854 ], [ 145.5648, -37.8873 ], [ 145.5672, -37.8923 ], [ 145.5684, -37.8926 ], [ 145.5689, -37.8934 ], [ 145.5687, -37.8943 ], [ 145.5677, -37.8954 ], [ 145.5675, -37.897 ], [ 145.5682, -37.8976 ], [ 145.5696, -37.8981 ], [ 145.5703, -37.8971 ], [ 145.5703, -37.896 ], [ 145.5707, -37.8959 ], [ 145.5719, -37.8969 ], [ 145.5724, -37.8983 ], [ 145.5749, -37.8993 ], [ 145.5753, -37.8993 ], [ 145.5763, -37.8976 ], [ 145.5786, -37.8977 ], [ 145.5791, -37.8972 ], [ 145.5803, -37.8969 ], [ 145.581, -37.8971 ], [ 145.5853, -37.8966 ], [ 145.5882, -37.8976 ], [ 145.5899, -37.8967 ], [ 145.59, -37.8963 ], [ 145.6042, -37.898 ], [ 145.6035, -37.9013 ], [ 145.6133, -37.9025 ], [ 145.6132, -37.9033 ], [ 145.6146, -37.9037 ], [ 145.6167, -37.9036 ], [ 145.6166, -37.9041 ], [ 145.6149, -37.9049 ], [ 145.6151, -37.9064 ], [ 145.6147, -37.9081 ], [ 145.6267, -37.9096 ], [ 145.6249, -37.9182 ], [ 145.6283, -37.9172 ], [ 145.6317, -37.919 ], [ 145.6355, -37.9179 ], [ 145.6373, -37.9178 ], [ 145.6421, -37.9183 ], [ 145.6447, -37.9172 ], [ 145.6527, -37.9165 ], [ 145.6524, -37.9158 ], [ 145.6509, -37.9145 ], [ 145.6505, -37.9127 ], [ 145.6517, -37.9121 ], [ 145.6532, -37.9107 ], [ 145.6565, -37.9091 ], [ 145.6603, -37.9093 ], [ 145.6652, -37.9107 ], [ 145.669, -37.9096 ], [ 145.6706, -37.9084 ], [ 145.6711, -37.9034 ], [ 145.6708, -37.9023 ], [ 145.6697, -37.9013 ], [ 145.6691, -37.8995 ], [ 145.6693, -37.8971 ], [ 145.6708, -37.8957 ], [ 145.6705, -37.8943 ], [ 145.6712, -37.8944 ], [ 145.6717, -37.8935 ], [ 145.673, -37.8932 ], [ 145.6751, -37.8939 ], [ 145.6764, -37.8932 ], [ 145.6796, -37.8936 ], [ 145.6814, -37.8913 ], [ 145.6863, -37.8888 ], [ 145.6858, -37.8874 ], [ 145.6862, -37.8857 ], [ 145.685, -37.8838 ], [ 145.6852, -37.8822 ], [ 145.6858, -37.8813 ], [ 145.687, -37.8809 ], [ 145.6875, -37.8811 ], [ 145.6895, -37.8838 ], [ 145.6939, -37.886 ], [ 145.6958, -37.8855 ], [ 145.6977, -37.8857 ], [ 145.6995, -37.8851 ], [ 145.7014, -37.8858 ], [ 145.7023, -37.8865 ], [ 145.708, -37.8871 ], [ 145.7108, -37.8863 ], [ 145.7133, -37.886 ], [ 145.7148, -37.8842 ], [ 145.7158, -37.8842 ], [ 145.719, -37.8856 ], [ 145.722, -37.8854 ], [ 145.7227, -37.886 ], [ 145.7226, -37.8915 ], [ 145.7237, -37.8919 ], [ 145.728, -37.897 ], [ 145.728, -37.8978 ], [ 145.7295, -37.8982 ], [ 145.7324, -37.9014 ], [ 145.7339, -37.9017 ], [ 145.7362, -37.9015 ], [ 145.7388, -37.9024 ], [ 145.7412, -37.9027 ], [ 145.7463, -37.9025 ], [ 145.7467, -37.903 ], [ 145.7469, -37.9044 ], [ 145.7483, -37.9045 ], [ 145.7502, -37.9032 ], [ 145.7536, -37.9043 ], [ 145.7544, -37.9041 ], [ 145.7574, -37.9022 ], [ 145.7606, -37.9015 ], [ 145.7651, -37.8986 ], [ 145.7643, -37.9014 ], [ 145.7626, -37.9033 ], [ 145.7556, -37.9089 ], [ 145.7525, -37.9136 ], [ 145.7508, -37.9172 ], [ 145.7475, -37.9192 ], [ 145.7472, -37.9205 ], [ 145.7475, -37.9232 ], [ 145.747, -37.924 ], [ 145.7459, -37.925 ], [ 145.7416, -37.9266 ], [ 145.7413, -37.9271 ], [ 145.7417, -37.9296 ], [ 145.7465, -37.9346 ], [ 145.7468, -37.9359 ], [ 145.7464, -37.9365 ], [ 145.7471, -37.9376 ], [ 145.747, -37.9383 ], [ 145.7452, -37.9392 ], [ 145.7443, -37.9408 ], [ 145.7419, -37.9435 ], [ 145.742, -37.9462 ], [ 145.7412, -37.9484 ], [ 145.7366, -37.949 ], [ 145.7349, -37.9502 ], [ 145.7347, -37.9508 ], [ 145.7352, -37.9517 ], [ 145.7368, -37.9533 ], [ 145.7369, -37.9553 ], [ 145.7366, -37.9557 ], [ 145.7343, -37.956 ], [ 145.7331, -37.9574 ], [ 145.7318, -37.958 ], [ 145.7311, -37.9588 ], [ 145.7311, -37.9598 ], [ 145.7331, -37.9616 ], [ 145.7338, -37.9636 ], [ 145.7361, -37.9663 ], [ 145.7381, -37.9703 ], [ 145.7396, -37.9718 ], [ 145.7473, -37.9754 ], [ 145.7497, -37.977 ], [ 145.7527, -37.9804 ], [ 145.7553, -37.9818 ], [ 145.756, -37.9826 ], [ 145.756, -37.9838 ], [ 145.7551, -37.9849 ], [ 145.7556, -37.985 ], [ 145.7562, -37.9846 ], [ 145.7567, -37.986 ], [ 145.7574, -37.986 ], [ 145.7586, -37.987 ], [ 145.7592, -37.987 ], [ 145.7597, -37.9877 ], [ 145.7606, -37.988 ], [ 145.7606, -37.9886 ], [ 145.7618, -37.9891 ], [ 145.7617, -37.9898 ], [ 145.7625, -37.9907 ], [ 145.7621, -37.9914 ], [ 145.7627, -37.9915 ], [ 145.7627, -37.992 ], [ 145.762, -37.9922 ], [ 145.762, -37.9925 ], [ 145.7628, -37.9931 ], [ 145.7617, -37.9949 ], [ 145.7625, -37.9954 ], [ 145.7613, -37.9972 ], [ 145.7613, -37.9993 ], [ 145.7625, -38.0002 ], [ 145.7624, -38.0021 ], [ 145.7619, -38.0026 ], [ 145.7627, -38.0045 ], [ 145.7632, -38.0049 ], [ 145.7634, -38.0059 ], [ 145.7642, -38.0066 ], [ 145.7649, -38.0086 ], [ 145.7646, -38.0088 ], [ 145.7435, -38.0089 ], [ 145.7406, -38.0057 ], [ 145.7381, -38.0041 ], [ 145.7313, -38.0041 ], [ 145.7314, -37.9951 ], [ 145.7271, -37.995 ], [ 145.727, -37.9991 ], [ 145.7254, -37.9998 ], [ 145.7249, -37.9992 ], [ 145.7238, -37.9989 ], [ 145.7226, -37.9975 ], [ 145.7219, -37.9974 ], [ 145.7211, -37.9967 ], [ 145.7194, -37.9968 ], [ 145.7178, -37.9964 ], [ 145.7169, -37.9966 ], [ 145.7151, -37.9953 ], [ 145.7148, -37.9955 ], [ 145.7129, -37.9945 ], [ 145.7119, -37.9944 ], [ 145.7109, -37.9935 ], [ 145.7098, -37.9934 ], [ 145.7076, -37.992 ], [ 145.7063, -37.9924 ], [ 145.7043, -37.9921 ], [ 145.7042, -37.9825 ], [ 145.7017, -37.9818 ], [ 145.7018, -37.9859 ], [ 145.7013, -37.9868 ], [ 145.702, -37.9878 ], [ 145.7023, -37.9891 ], [ 145.7013, -37.9899 ], [ 145.6991, -37.9894 ], [ 145.6991, -37.9889 ], [ 145.6982, -37.9886 ], [ 145.6962, -37.9871 ], [ 145.6947, -37.9871 ], [ 145.6936, -37.9881 ], [ 145.6926, -37.9882 ], [ 145.6918, -37.9875 ], [ 145.6908, -37.9877 ], [ 145.6906, -37.9875 ], [ 145.6901, -37.9878 ], [ 145.6898, -37.9873 ], [ 145.6884, -37.9872 ], [ 145.6872, -37.9867 ], [ 145.6864, -37.9869 ], [ 145.686, -37.9857 ], [ 145.6825, -37.9838 ], [ 145.6749, -37.9814 ], [ 145.6743, -37.9803 ], [ 145.6737, -37.9799 ], [ 145.6676, -37.9806 ], [ 145.6675, -37.9821 ], [ 145.6662, -37.9819 ], [ 145.6646, -37.981 ], [ 145.6616, -37.9814 ], [ 145.6617, -37.986 ], [ 145.6612, -37.9862 ], [ 145.6613, -37.9933 ], [ 145.6567, -37.9936 ], [ 145.6555, -37.9946 ], [ 145.6549, -37.9942 ], [ 145.648, -37.9933 ], [ 145.6458, -37.9934 ], [ 145.6428, -37.9924 ], [ 145.636, -37.9924 ], [ 145.6322, -37.9916 ], [ 145.6291, -37.9918 ], [ 145.6249, -37.9907 ], [ 145.6215, -37.9905 ], [ 145.6212, -37.9892 ], [ 145.6195, -37.9887 ], [ 145.617, -37.989 ], [ 145.617, -37.9879 ], [ 145.6164, -37.9875 ], [ 145.6138, -37.9875 ], [ 145.6124, -37.9881 ], [ 145.6109, -37.9871 ], [ 145.6108, -37.9866 ], [ 145.6051, -37.9866 ], [ 145.605, -37.9834 ], [ 145.6036, -37.9838 ], [ 145.6027, -37.9835 ], [ 145.5995, -37.984 ], [ 145.5981, -37.9846 ], [ 145.5969, -37.9857 ], [ 145.587, -37.9845 ], [ 145.5836, -38.0048 ], [ 145.5816, -38.0048 ], [ 145.5804, -38.0004 ], [ 145.5783, -37.996 ], [ 145.5772, -37.9953 ], [ 145.5767, -37.993 ], [ 145.5735, -37.9928 ], [ 145.5713, -37.9923 ], [ 145.5697, -37.9926 ], [ 145.5674, -37.9942 ], [ 145.5657, -37.9969 ], [ 145.5624, -37.9984 ], [ 145.5591, -37.9983 ], [ 145.5554, -38.0018 ], [ 145.5562, -38.0002 ], [ 145.5559, -37.9989 ], [ 145.5538, -37.9971 ], [ 145.5533, -37.9939 ], [ 145.5528, -37.9932 ], [ 145.5464, -37.9924 ], [ 145.547, -37.9892 ], [ 145.5413, -37.9885 ], [ 145.5406, -37.9916 ], [ 145.5403, -37.9917 ], [ 145.5385, -37.9911 ], [ 145.5374, -37.9903 ], [ 145.5377, -37.9894 ], [ 145.5395, -37.9874 ], [ 145.5398, -37.9865 ], [ 145.5412, -37.9853 ], [ 145.5432, -37.9845 ], [ 145.5378, -37.9839 ], [ 145.5394, -37.9754 ], [ 145.5405, -37.9753 ], [ 145.5403, -37.9748 ], [ 145.5393, -37.9748 ], [ 145.5373, -37.9734 ], [ 145.5365, -37.9735 ], [ 145.536, -37.9744 ], [ 145.5271, -37.9733 ], [ 145.529, -37.9628 ], [ 145.5226, -37.9621 ], [ 145.5211, -37.9629 ], [ 145.5184, -37.9631 ], [ 145.5178, -37.9629 ], [ 145.5176, -37.9624 ], [ 145.5166, -37.9623 ], [ 145.5188, -37.9508 ], [ 145.5153, -37.9503 ], [ 145.5161, -37.9462 ], [ 145.5146, -37.945 ], [ 145.5151, -37.9446 ], [ 145.5163, -37.9448 ], [ 145.5174, -37.939 ], [ 145.5154, -37.9378 ], [ 145.5113, -37.9373 ] ] ] } },
{ "type": "Feature", "properties": { "loc_pid": "loc2546709d8859", "suburb": "Gladstone Park", "join_key": "GLADSTONE PARK" }, "geometry": { "type": "Polygon", "coordinates": [ [ [ 144.8821, -37.6904 ], [ 144.8835, -37.6822 ], [ 144.885, -37.6809 ], [ 144.8864, -37.6805 ], [ 144.8933, -37.681 ], [ 144.9011, -37.6807 ], [ 144.9033, -37.681 ], [ 144.9033, -37.6815 ], [ 144.9028, -37.6816 ], [ 144.9026, -37.6821 ], [ 144.9031, -37.6827 ], [ 144.9032, -37.6839 ], [ 144.904, -37.6849 ], [ 144.9042, -37.6859 ], [ 144.9051, -37.6869 ], [ 144.9048, -37.6897 ], [ 144.9062, -37.6908 ], [ 144.9062, -37.6919 ], [ 144.9073, -37.6926 ], [ 144.9074, -37.6931 ], [ 144.907, -37.6938 ], [ 144.9046, -37.6939 ], [ 144.9021, -37.6948 ], [ 144.8893, -37.7046 ], [ 144.8874, -37.6975 ], [ 144.8858, -37.6949 ], [ 144.8821, -37.6904 ] ] ] } },
{ "type": "Feature", "properties": { "loc_pid": "loc2c805e9e142d", "suburb": "Glen Huntly", "join_key": "GLEN HUNTLY" }, "geometry": { "type": "Polygon", "coordinates": [ [ [ 145.0362, -37.8968 ], [ 145.0382, -37.8863 ], [ 145.0461, -37.8873 ], [ 145.0448, -37.8897 ], [ 145.0461, -37.8934 ], [ 145.0451, -37.8982 ], [ 145.0362, -37.8968 ] ] ] } },
{ "type": "Feature", "properties": { "loc_pid": "locadc5cabaa80e", "suburb": "Glen Iris", "join_key": "GLEN IRIS" }, "geometry": { "type": "Polygon", "coordinates": [ [ [ 145.0397, -37.8634 ], [ 145.0403, -37.8598 ], [ 145.0407, -37.8593 ], [ 145.0404, -37.8593 ], [ 145.0405, -37.8585 ], [ 145.041, -37.8586 ], [ 145.0412, -37.8578 ], [ 145.0407, -37.8578 ], [ 145.0408, -37.8571 ], [ 145.0409, -37.8568 ], [ 145.0414, -37.8568 ], [ 145.0409, -37.8566 ], [ 145.0414, -37.8536 ], [ 145.0419, -37.8537 ], [ 145.042, -37.8533 ], [ 145.042, -37.8528 ], [ 145.0417, -37.8527 ], [ 145.0422, -37.8502 ], [ 145.0427, -37.8503 ], [ 145.0429, -37.8497 ], [ 145.0444, -37.8486 ], [ 145.0445, -37.8483 ], [ 145.0439, -37.8481 ], [ 145.044, -37.8475 ], [ 145.0447, -37.8476 ], [ 145.0451, -37.8455 ], [ 145.0469, -37.8454 ], [ 145.0469, -37.846 ], [ 145.049, -37.8469 ], [ 145.049, -37.8466 ], [ 145.0495, -37.8467 ], [ 145.0496, -37.8457 ], [ 145.0533, -37.8461 ], [ 145.0534, -37.8457 ], [ 145.0541, -37.8458 ], [ 145.0539, -37.8466 ], [ 145.0549, -37.8467 ], [ 145.0551, -37.8463 ], [ 145.0586, -37.8467 ], [ 145.0583, -37.8475 ], [ 145.0587, -37.8477 ], [ 145.059, -37.8468 ], [ 145.0594, -37.8468 ], [ 145.0615, -37.8469 ], [ 145.0623, -37.8473 ], [ 145.0658, -37.8475 ], [ 145.0664, -37.8476 ], [ 145.0663, -37.8479 ], [ 145.0689, -37.8477 ], [ 145.0689, -37.8482 ], [ 145.0703, -37.848 ], [ 145.0731, -37.8483 ], [ 145.0732, -37.8478 ], [ 145.0736, -37.8479 ], [ 145.0734, -37.8487 ], [ 145.0749, -37.8488 ], [ 145.0749, -37.8485 ], [ 145.0755, -37.8485 ], [ 145.0782, -37.8488 ], [ 145.0782, -37.8485 ], [ 145.0788, -37.8486 ], [ 145.0791, -37.849 ], [ 145.0821, -37.8492 ], [ 145.0829, -37.8495 ], [ 145.0837, -37.8495 ], [ 145.0837, -37.8493 ], [ 145.0846, -37.8497 ], [ 145.0955, -37.8508 ], [ 145.0937, -37.8613 ], [ 145.0931, -37.8612 ], [ 145.0932, -37.8609 ], [ 145.0928, -37.8608 ], [ 145.0892, -37.8604 ], [ 145.0889, -37.8604 ], [ 145.0888, -37.8608 ], [ 145.0879, -37.8603 ], [ 145.0857, -37.86 ], [ 145.0856, -37.8604 ], [ 145.0847, -37.8604 ], [ 145.0846, -37.8599 ], [ 145.0819, -37.8597 ], [ 145.0823, -37.8589 ], [ 145.082, -37.8588 ], [ 145.0796, -37.8596 ], [ 145.0784, -37.8594 ], [ 145.0772, -37.8591 ], [ 145.0773, -37.8589 ], [ 145.0761, -37.8581 ], [ 145.0752, -37.8624 ], [ 145.0756, -37.8625 ], [ 145.0755, -37.8634 ], [ 145.0758, -37.8634 ], [ 145.0752, -37.867 ], [ 145.073, -37.8668 ], [ 145.0726, -37.8665 ], [ 145.0718, -37.8667 ], [ 145.0716, -37.8664 ], [ 145.0688, -37.8667 ], [ 145.0685, -37.8663 ], [ 145.0673, -37.8665 ], [ 145.067, -37.8661 ], [ 145.0654, -37.867 ], [ 145.0651, -37.8669 ], [ 145.0651, -37.866 ], [ 145.0646, -37.865 ], [ 145.0648, -37.8646 ], [ 145.0636, -37.8652 ], [ 145.0627, -37.8643 ], [ 145.0622, -37.863 ], [ 145.0619, -37.863 ], [ 145.0622, -37.8639 ], [ 145.0616, -37.8647 ], [ 145.0618, -37.8656 ], [ 145.0624, -37.8663 ], [ 145.0636, -37.8668 ], [ 145.0636, -37.8671 ], [ 145.0619, -37.8675 ], [ 145.0614, -37.8675 ], [ 145.0609, -37.8668 ], [ 145.0602, -37.8648 ], [ 145.0593, -37.8648 ], [ 145.0591, -37.8655 ], [ 145.0587, -37.8657 ], [ 145.0582, -37.8654 ], [ 145.0579, -37.8656 ], [ 145.0544, -37.8652 ], [ 145.0538, -37.8649 ], [ 145.0495, -37.8647 ], [ 145.048, -37.8643 ], [ 145.0397, -37.8634 ] ] ] } },
{ "type": "Feature", "properties": { "loc_pid": "loc00d1503504f1", "suburb": "Glen Waverley", "join_key": "GLEN WAVERLEY" }, "geometry": { "type": "Polygon", "coordinates": [ [ [ 145.1429, -37.9012 ], [ 145.1508, -37.8598 ], [ 145.1957, -37.8652 ], [ 145.1947, -37.8654 ], [ 145.1951, -37.8659 ], [ 145.1955, -37.8658 ], [ 145.1954, -37.8662 ], [ 145.1942, -37.8662 ], [ 145.1949, -37.8664 ], [ 145.1946, -37.8669 ], [ 145.1951, -37.867 ], [ 145.1943, -37.8673 ], [ 145.195, -37.8676 ], [ 145.1947, -37.8681 ], [ 145.194, -37.8684 ], [ 145.194, -37.8688 ], [ 145.1947, -37.8685 ], [ 145.1948, -37.8687 ], [ 145.1936, -37.8692 ], [ 145.1938, -37.8701 ], [ 145.1929, -37.8706 ], [ 145.1929, -37.8709 ], [ 145.1933, -37.8708 ], [ 145.1933, -37.8716 ], [ 145.1926, -37.8718 ], [ 145.1926, -37.8715 ], [ 145.1923, -37.8715 ], [ 145.1921, -37.8719 ], [ 145.1931, -37.8725 ], [ 145.1931, -37.8735 ], [ 145.1933, -37.8734 ], [ 145.1935, -37.8735 ], [ 145.1927, -37.8739 ], [ 145.1934, -37.8739 ], [ 145.1934, -37.8743 ], [ 145.1922, -37.874 ], [ 145.1924, -37.8745 ], [ 145.1918, -37.8744 ], [ 145.1923, -37.8749 ], [ 145.1927, -37.8748 ], [ 145.1923, -37.8753 ], [ 145.1927, -37.8757 ], [ 145.1912, -37.8768 ], [ 145.1914, -37.8775 ], [ 145.192, -37.8777 ], [ 145.1914, -37.878 ], [ 145.1916, -37.8784 ], [ 145.191, -37.8787 ], [ 145.1909, -37.8791 ], [ 145.1916, -37.8793 ], [ 145.192, -37.8788 ], [ 145.1921, -37.8792 ], [ 145.1917, -37.8796 ], [ 145.1917, -37.8803 ], [ 145.1911, -37.8802 ], [ 145.1909, -37.8807 ], [ 145.1912, -37.8808 ], [ 145.1909, -37.8809 ], [ 145.1916, -37.881 ], [ 145.1917, -37.8807 ], [ 145.192, -37.881 ], [ 145.1924, -37.8809 ], [ 145.1924, -37.8815 ], [ 145.193, -37.8814 ], [ 145.1931, -37.8825 ], [ 145.1935, -37.8823 ], [ 145.194, -37.8825 ], [ 145.1942, -37.8821 ], [ 145.1945, -37.8829 ], [ 145.1954, -37.8833 ], [ 145.1947, -37.8836 ], [ 145.1954, -37.8838 ], [ 145.1949, -37.8841 ], [ 145.1951, -37.8844 ], [ 145.1945, -37.8845 ], [ 145.1955, -37.8849 ], [ 145.1952, -37.8851 ], [ 145.1946, -37.8849 ], [ 145.1943, -37.8857 ], [ 145.1949, -37.8856 ], [ 145.1954, -37.8863 ], [ 145.1958, -37.886 ], [ 145.196, -37.8863 ], [ 145.1959, -37.8867 ], [ 145.1955, -37.8866 ], [ 145.1954, -37.8874 ], [ 145.195, -37.8873 ], [ 145.1955, -37.8875 ], [ 145.1953, -37.8879 ], [ 145.1959, -37.8877 ], [ 145.1962, -37.8887 ], [ 145.1972, -37.8884 ], [ 145.1968, -37.8887 ], [ 145.1971, -37.8893 ], [ 145.1978, -37.889 ], [ 145.1986, -37.8894 ], [ 145.199, -37.8899 ], [ 145.1989, -37.8905 ], [ 145.1993, -37.8905 ], [ 145.2003, -37.8914 ], [ 145.1999, -37.8921 ], [ 145.1992, -37.892 ], [ 145.1996, -37.8924 ], [ 145.2, -37.8923 ], [ 145.2002, -37.893 ], [ 145.1764, -37.8903 ], [ 145.1736, -37.9049 ], [ 145.1516, -37.9025 ], [ 145.1429, -37.9012 ] ] ] } },
{ "type": "Feature", "properties": { "loc_pid": "loc4858bcc1d912", "suburb": "Glenroy", "join_key": "GLENROY" }, "geometry": { "type": "Polygon", "coordinates": [ [ [ 144.898, -37.7088 ], [ 144.8996, -37.7072 ], [ 144.9013, -37.7069 ], [ 144.9016, -37.7053 ], [ 144.9035, -37.7047 ], [ 144.9043, -37.7006 ], [ 144.9029, -37.6973 ], [ 144.9036, -37.6961 ], [ 144.9058, -37.6949 ], [ 144.907, -37.6938 ], [ 144.9128, -37.694 ], [ 144.9183, -37.6947 ], [ 144.9339, -37.6937 ], [ 144.9402, -37.6928 ], [ 144.9537, -37.692 ], [ 144.957, -37.6919 ], [ 144.9571, -37.6921 ], [ 144.9582, -37.6951 ], [ 144.9593, -37.7044 ], [ 144.9507, -37.7034 ], [ 144.9508, -37.7029 ], [ 144.9496, -37.7027 ], [ 144.9492, -37.7027 ], [ 144.9491, -37.7032 ], [ 144.9479, -37.7031 ], [ 144.948, -37.7026 ], [ 144.9477, -37.7025 ], [ 144.9457, -37.7023 ], [ 144.9454, -37.7028 ], [ 144.9416, -37.7023 ], [ 144.94, -37.7016 ], [ 144.9398, -37.7021 ], [ 144.9386, -37.7019 ], [ 144.9382, -37.7045 ], [ 144.9388, -37.7045 ], [ 144.9386, -37.7053 ], [ 144.938, -37.7054 ], [ 144.9377, -37.7069 ], [ 144.9383, -37.7072 ], [ 144.9376, -37.7078 ], [ 144.9371, -37.7106 ], [ 144.9373, -37.7111 ], [ 144.937, -37.7112 ], [ 144.9368, -37.7124 ], [ 144.9374, -37.7124 ], [ 144.9373, -37.7128 ], [ 144.9368, -37.7127 ], [ 144.9364, -37.7137 ], [ 144.9364, -37.7151 ], [ 144.9338, -37.7148 ], [ 144.9336, -37.7163 ], [ 144.9269, -37.7154 ], [ 144.9272, -37.7135 ], [ 144.9238, -37.712 ], [ 144.9231, -37.7121 ], [ 144.924, -37.715 ], [ 144.9233, -37.7149 ], [ 144.9232, -37.7144 ], [ 144.9222, -37.7142 ], [ 144.9211, -37.7141 ], [ 144.9212, -37.7144 ], [ 144.9204, -37.7145 ], [ 144.9194, -37.7115 ], [ 144.9186, -37.7117 ], [ 144.9186, -37.7122 ], [ 144.9178, -37.7123 ], [ 144.9177, -37.7119 ], [ 144.9171, -37.712 ], [ 144.9174, -37.7137 ], [ 144.9168, -37.7136 ], [ 144.9169, -37.7132 ], [ 144.9164, -37.7129 ], [ 144.9163, -37.7132 ], [ 144.9149, -37.7129 ], [ 144.9142, -37.7133 ], [ 144.9133, -37.7132 ], [ 144.9131, -37.7127 ], [ 144.9127, -37.7128 ], [ 144.9128, -37.7131 ], [ 144.911, -37.7129 ], [ 144.9107, -37.7124 ], [ 144.9101, -37.7125 ], [ 144.9102, -37.7128 ], [ 144.909, -37.7126 ], [ 144.9089, -37.7131 ], [ 144.9083, -37.7131 ], [ 144.9014, -37.7123 ], [ 144.9007, -37.712 ], [ 144.8984, -37.7097 ], [ 144.898, -37.7088 ] ] ] } },
{ "type": "Feature", "properties": { "loc_pid": "loc93dc0822fb9e", "suburb": "Gowanbrae", "join_key": "GOWANBRAE" }, "geometry": { "type": "Polygon", "coordinates": [ [ [ 144.8893, -37.7046 ], [ 144.9021, -37.6948 ], [ 144.9046, -37.6939 ], [ 144.907, -37.6938 ], [ 144.9058, -37.6949 ], [ 144.9036, -37.6961 ], [ 144.9029, -37.6973 ], [ 144.9043, -37.7006 ], [ 144.9038, -37.7021 ], [ 144.9038, -37.7042 ], [ 144.9035, -37.7047 ], [ 144.9016, -37.7053 ], [ 144.9013, -37.7069 ], [ 144.8996, -37.7072 ], [ 144.8981, -37.7085 ], [ 144.8982, -37.7092 ], [ 144.8908, -37.7101 ], [ 144.8893, -37.7046 ] ] ] } },
{ "type": "Feature", "properties": { "loc_pid": "loc2bac131c9af5", "suburb": "Grangefields", "join_key": "GRANGEFIELDS" }, "geometry": { "type": "Polygon", "coordinates": [ [ [ 144.621, -37.7024 ], [ 144.6231, -37.6889 ], [ 144.6245, -37.6823 ], [ 144.6349, -37.6834 ], [ 144.6375, -37.6811 ], [ 144.6381, -37.6814 ], [ 144.6382, -37.6818 ], [ 144.6372, -37.6824 ], [ 144.6377, -37.6829 ], [ 144.6378, -37.6841 ], [ 144.6387, -37.6847 ], [ 144.6387, -37.6854 ], [ 144.6393, -37.6859 ], [ 144.6392, -37.6864 ], [ 144.6397, -37.6873 ], [ 144.6407, -37.6872 ], [ 144.6409, -37.6875 ], [ 144.6405, -37.69 ], [ 144.6393, -37.6899 ], [ 144.6398, -37.6903 ], [ 144.6396, -37.6905 ], [ 144.6388, -37.6903 ], [ 144.6393, -37.6924 ], [ 144.638, -37.6928 ], [ 144.6385, -37.6939 ], [ 144.6374, -37.694 ], [ 144.6373, -37.6952 ], [ 144.6364, -37.6952 ], [ 144.6362, -37.6956 ], [ 144.6363, -37.6964 ], [ 144.6372, -37.6974 ], [ 144.6389, -37.6979 ], [ 144.6401, -37.6988 ], [ 144.6414, -37.6988 ], [ 144.6417, -37.6993 ], [ 144.6414, -37.6997 ], [ 144.6418, -37.6999 ], [ 144.6411, -37.7006 ], [ 144.642, -37.7008 ], [ 144.6422, -37.7011 ], [ 144.6418, -37.7013 ], [ 144.6427, -37.7016 ], [ 144.6436, -37.7014 ], [ 144.6444, -37.7022 ], [ 144.6454, -37.7013 ], [ 144.6459, -37.7013 ], [ 144.6458, -37.7017 ], [ 144.6461, -37.7017 ], [ 144.6463, -37.7014 ], [ 144.6475, -37.7011 ], [ 144.6485, -37.7004 ], [ 144.6486, -37.6999 ], [ 144.6505, -37.7 ], [ 144.6515, -37.6992 ], [ 144.6517, -37.6994 ], [ 144.6526, -37.6992 ], [ 144.6527, -37.6987 ], [ 144.6535, -37.6987 ], [ 144.6541, -37.6994 ], [ 144.6552, -37.6993 ], [ 144.6552, -37.7001 ], [ 144.6568, -37.6994 ], [ 144.6571, -37.6997 ], [ 144.6569, -37.7003 ], [ 144.6577, -37.7001 ], [ 144.6546, -37.7196 ], [ 144.6516, -37.7235 ], [ 144.6457, -37.7201 ], [ 144.621, -37.7024 ] ] ] } },
{ "type": "Feature", "properties": { "loc_pid": "loc6047e494e110", "suburb": "Greensborough", "join_key": "GREENSBOROUGH" }, "geometry": { "type": "Polygon", "coordinates": [ [ [ 145.0678, -37.6866 ], [ 145.0682, -37.6861 ], [ 145.0687, -37.6861 ], [ 145.0997, -37.6895 ], [ 145.1005, -37.6881 ], [ 145.1021, -37.687 ], [ 145.102, -37.6857 ], [ 145.1025, -37.6852 ], [ 145.1025, -37.6845 ], [ 145.1019, -37.684 ], [ 145.1035, -37.6835 ], [ 145.1035, -37.6829 ], [ 145.1043, -37.6829 ], [ 145.1045, -37.6824 ], [ 145.1054, -37.6824 ], [ 145.1064, -37.6815 ], [ 145.1072, -37.682 ], [ 145.1077, -37.6818 ], [ 145.1124, -37.6823 ], [ 145.1168, -37.6795 ], [ 145.1182, -37.6792 ], [ 145.1253, -37.6821 ], [ 145.1282, -37.6825 ], [ 145.1335, -37.6847 ], [ 145.1305, -37.6861 ], [ 145.1222, -37.6868 ], [ 145.1168, -37.6879 ], [ 145.1143, -37.6891 ], [ 145.1137, -37.6907 ], [ 145.1289, -37.6926 ], [ 145.1279, -37.6935 ], [ 145.1273, -37.6952 ], [ 145.1276, -37.6953 ], [ 145.1275, -37.6962 ], [ 145.1346, -37.697 ], [ 145.134, -37.698 ], [ 145.1324, -37.6981 ], [ 145.1323, -37.6985 ], [ 145.1314, -37.6984 ], [ 145.1307, -37.6988 ], [ 145.131, -37.6992 ], [ 145.1305, -37.6995 ], [ 145.1301, -37.6991 ], [ 145.1297, -37.6994 ], [ 145.13, -37.6997 ], [ 145.1297, -37.6999 ], [ 145.1292, -37.6996 ], [ 145.1281, -37.7004 ], [ 145.1277, -37.7012 ], [ 145.1281, -37.7016 ], [ 145.1283, -37.7032 ], [ 145.1281, -37.7047 ], [ 145.1261, -37.7038 ], [ 145.1251, -37.7028 ], [ 145.1236, -37.7023 ], [ 145.1221, -37.7008 ], [ 145.1202, -37.7003 ], [ 145.1148, -37.6999 ], [ 145.1157, -37.7018 ], [ 145.1166, -37.7061 ], [ 145.1126, -37.7056 ], [ 145.1118, -37.7067 ], [ 145.1107, -37.7071 ], [ 145.1132, -37.7094 ], [ 145.1149, -37.7116 ], [ 145.1144, -37.7116 ], [ 145.114, -37.7111 ], [ 145.1137, -37.7116 ], [ 145.1141, -37.7122 ], [ 145.1129, -37.7125 ], [ 145.1129, -37.7123 ], [ 145.1113, -37.7135 ], [ 145.1123, -37.7139 ], [ 145.1115, -37.7154 ], [ 145.1126, -37.7159 ], [ 145.1131, -37.7158 ], [ 145.1131, -37.7166 ], [ 145.1109, -37.7165 ], [ 145.111, -37.7173 ], [ 145.1121, -37.7184 ], [ 145.1118, -37.7194 ], [ 145.111, -37.7203 ], [ 145.0917, -37.7182 ], [ 145.0911, -37.7181 ], [ 145.0916, -37.7176 ], [ 145.0919, -37.7177 ], [ 145.0932, -37.7153 ], [ 145.0933, -37.7144 ], [ 145.0929, -37.7136 ], [ 145.0931, -37.7137 ], [ 145.0933, -37.7133 ], [ 145.0938, -37.7135 ], [ 145.094, -37.7132 ], [ 145.0932, -37.7128 ], [ 145.0936, -37.7122 ], [ 145.0945, -37.7125 ], [ 145.095, -37.7117 ], [ 145.0945, -37.7116 ], [ 145.0954, -37.7102 ], [ 145.0956, -37.7092 ], [ 145.094, -37.709 ], [ 145.0939, -37.7099 ], [ 145.0929, -37.7114 ], [ 145.0914, -37.7108 ], [ 145.0896, -37.7106 ], [ 145.0896, -37.7102 ], [ 145.0892, -37.7102 ], [ 145.0895, -37.7086 ], [ 145.0879, -37.7084 ], [ 145.088, -37.7082 ], [ 145.0873, -37.708 ], [ 145.0902, -37.7024 ], [ 145.0927, -37.6947 ], [ 145.0917, -37.6928 ], [ 145.0887, -37.6909 ], [ 145.0819, -37.689 ], [ 145.079, -37.6879 ], [ 145.0743, -37.6871 ], [ 145.0678, -37.6866 ] ] ] } },
{ "type": "Feature", "properties": { "loc_pid": "loc4883549a5421", "suburb": "Greenvale", "join_key": "GREENVALE" }, "geometry": { "type": "Polygon", "coordinates": [ [ [ 144.834, -37.644 ], [ 144.8349, -37.6379 ], [ 144.8348, -37.6361 ], [ 144.8366, -37.6295 ], [ 144.8541, -37.6314 ], [ 144.8549, -37.6298 ], [ 144.8563, -37.6295 ], [ 144.8568, -37.6287 ], [ 144.8579, -37.6287 ], [ 144.8591, -37.6279 ], [ 144.8608, -37.6283 ], [ 144.8609, -37.6292 ], [ 144.8615, -37.6292 ], [ 144.8615, -37.6295 ], [ 144.8642, -37.63 ], [ 144.8644, -37.6295 ], [ 144.8652, -37.6294 ], [ 144.866, -37.6297 ], [ 144.8664, -37.6295 ], [ 144.8664, -37.6291 ], [ 144.868, -37.6283 ], [ 144.8687, -37.6275 ], [ 144.8698, -37.6254 ], [ 144.8698, -37.6249 ], [ 144.8694, -37.6247 ], [ 144.8695, -37.624 ], [ 144.87, -37.6237 ], [ 144.8712, -37.6195 ], [ 144.8712, -37.6189 ], [ 144.8699, -37.6183 ], [ 144.8693, -37.617 ], [ 144.8698, -37.6119 ], [ 144.8701, -37.6111 ], [ 144.8711, -37.6108 ], [ 144.8716, -37.6102 ], [ 144.8694, -37.6048 ], [ 144.8682, -37.6035 ], [ 144.8834, -37.6053 ], [ 144.8836, -37.6051 ], [ 144.8921, -37.6064 ], [ 144.8911, -37.6105 ], [ 144.9003, -37.6117 ], [ 144.9005, -37.6092 ], [ 144.9127, -37.6106 ], [ 144.9134, -37.6166 ], [ 144.9138, -37.617 ], [ 144.9153, -37.6223 ], [ 144.9154, -37.6243 ], [ 144.9146, -37.6265 ], [ 144.9117, -37.6313 ], [ 144.9059, -37.662 ], [ 144.884, -37.6602 ], [ 144.8837, -37.6591 ], [ 144.8707, -37.6583 ], [ 144.8691, -37.6663 ], [ 144.8605, -37.6658 ], [ 144.8568, -37.6639 ], [ 144.8568, -37.6635 ], [ 144.8584, -37.6624 ], [ 144.8556, -37.6591 ], [ 144.8549, -37.659 ], [ 144.8545, -37.6585 ], [ 144.8518, -37.659 ], [ 144.8512, -37.6581 ], [ 144.8499, -37.6576 ], [ 144.849, -37.6563 ], [ 144.8478, -37.656 ], [ 144.8477, -37.6567 ], [ 144.8473, -37.6567 ], [ 144.8467, -37.6563 ], [ 144.8466, -37.6553 ], [ 144.8454, -37.6548 ], [ 144.8453, -37.6538 ], [ 144.8461, -37.6523 ], [ 144.8462, -37.6508 ], [ 144.8458, -37.6501 ], [ 144.8444, -37.6495 ], [ 144.8444, -37.6485 ], [ 144.845, -37.6476 ], [ 144.8448, -37.647 ], [ 144.8442, -37.6466 ], [ 144.8443, -37.6459 ], [ 144.8433, -37.6456 ], [ 144.8427, -37.645 ], [ 144.834, -37.644 ] ] ] } },
{ "type": "Feature", "properties": { "loc_pid": "loc4dfb8458b2e2", "suburb": "Hadfield", "join_key": "HADFIELD" }, "geometry": { "type": "Polygon", "coordinates": [ [ [ 144.9365, -37.7137 ], [ 144.9368, -37.7127 ], [ 144.9373, -37.7128 ], [ 144.9374, -37.7124 ], [ 144.9368, -37.7124 ], [ 144.937, -37.7112 ], [ 144.9373, -37.7111 ], [ 144.9371, -37.7106 ], [ 144.9376, -37.7078 ], [ 144.9383, -37.7072 ], [ 144.9377, -37.7069 ], [ 144.938, -37.7054 ], [ 144.9386, -37.7053 ], [ 144.9388, -37.7045 ], [ 144.9382, -37.7045 ], [ 144.9386, -37.7019 ], [ 144.9398, -37.7021 ], [ 144.94, -37.7016 ], [ 144.9416, -37.7023 ], [ 144.9454, -37.7028 ], [ 144.9457, -37.7023 ], [ 144.9477, -37.7025 ], [ 144.948, -37.7026 ], [ 144.9479, -37.7031 ], [ 144.9491, -37.7032 ], [ 144.9492, -37.7027 ], [ 144.9496, -37.7027 ], [ 144.9508, -37.7029 ], [ 144.9507, -37.7034 ], [ 144.9605, -37.7045 ], [ 144.963, -37.7192 ], [ 144.9517, -37.7181 ], [ 144.9521, -37.7157 ], [ 144.9516, -37.7156 ], [ 144.9515, -37.716 ], [ 144.9504, -37.7159 ], [ 144.9504, -37.7162 ], [ 144.9491, -37.7161 ], [ 144.9491, -37.7157 ], [ 144.9486, -37.7157 ], [ 144.9487, -37.7153 ], [ 144.9458, -37.7149 ], [ 144.9455, -37.7149 ], [ 144.9455, -37.7153 ], [ 144.9449, -37.7153 ], [ 144.9384, -37.7144 ], [ 144.9377, -37.7144 ], [ 144.9376, -37.7148 ], [ 144.9374, -37.7148 ], [ 144.9375, -37.7142 ], [ 144.9365, -37.7137 ] ] ] } },
{ "type": "Feature", "properties": { "loc_pid": "locf066999b6a14", "suburb": "Hallam", "join_key": "HALLAM" }, "geometry": { "type": "Polygon", "coordinates": [ [ [ 145.249, -38.017 ], [ 145.2519, -38.0049 ], [ 145.2529, -37.9968 ], [ 145.2538, -37.9934 ], [ 145.256, -37.9943 ], [ 145.2583, -37.996 ], [ 145.2607, -37.9957 ], [ 145.2628, -37.995 ], [ 145.2646, -37.9961 ], [ 145.2662, -37.996 ], [ 145.268, -37.995 ], [ 145.271, -37.9945 ], [ 145.2716, -37.9936 ], [ 145.2729, -37.9935 ], [ 145.2731, -37.9923 ], [ 145.2741, -37.9912 ], [ 145.2735, -37.9902 ], [ 145.2736, -37.9893 ], [ 145.275, -37.9887 ], [ 145.2764, -37.987 ], [ 145.2768, -37.987 ], [ 145.275, -37.9977 ], [ 145.2895, -37.9997 ], [ 145.2891, -38.0013 ], [ 145.2883, -38.0023 ], [ 145.2883, -38.0036 ], [ 145.2876, -38.0062 ], [ 145.2858, -38.007 ], [ 145.2854, -38.0096 ], [ 145.285, -38.0102 ], [ 145.2851, -38.0191 ], [ 145.2871, -38.0194 ], [ 145.2867, -38.0217 ], [ 145.2609, -38.0188 ], [ 145.2574, -38.019 ], [ 145.2549, -38.0179 ], [ 145.249, -38.017 ] ] ] } },
{ "type": "Feature", "properties": { "loc_pid": "loce42a110faa48", "suburb": "Hampton", "join_key": "HAMPTON" }, "geometry": { "type": "Polygon", "coordinates": [ [ [ 144.9921, -37.9401 ], [ 144.9991, -37.9417 ], [ 144.9992, -37.9405 ], [ 144.9978, -37.9379 ], [ 144.9932, -37.9328 ], [ 144.994, -37.9288 ], [ 144.9952, -37.9289 ], [ 144.9952, -37.9292 ], [ 144.9955, -37.9292 ], [ 144.996, -37.9287 ], [ 144.9985, -37.9292 ], [ 144.9984, -37.9295 ], [ 144.9988, -37.9296 ], [ 144.9996, -37.9293 ], [ 145.0033, -37.9299 ], [ 145.004, -37.9296 ], [ 145.004, -37.9293 ], [ 145.0046, -37.9294 ], [ 145.0045, -37.93 ], [ 145.0061, -37.9301 ], [ 145.006, -37.9306 ], [ 145.0086, -37.9309 ], [ 145.0083, -37.9304 ], [ 145.0238, -37.9323 ], [ 145.0243, -37.9323 ], [ 145.0244, -37.9318 ], [ 145.0249, -37.9318 ], [ 145.0247, -37.9331 ], [ 145.0252, -37.9332 ], [ 145.0252, -37.934 ], [ 145.0239, -37.9404 ], [ 145.0233, -37.9406 ], [ 145.023, -37.9418 ], [ 145.0229, -37.9428 ], [ 145.0234, -37.9429 ], [ 145.0234, -37.9433 ], [ 145.0226, -37.9469 ], [ 145.0174, -37.9463 ], [ 145.0171, -37.947 ], [ 145.0173, -37.9462 ], [ 145.0161, -37.9461 ], [ 145.0161, -37.9465 ], [ 145.015, -37.9464 ], [ 145.0151, -37.946 ], [ 145.0133, -37.9457 ], [ 145.0127, -37.946 ], [ 145.0127, -37.9456 ], [ 145.0116, -37.9456 ], [ 145.0114, -37.9453 ], [ 145.0097, -37.9458 ], [ 145.0081, -37.9456 ], [ 145.0081, -37.9454 ], [ 145.0071, -37.9455 ], [ 145.0068, -37.945 ], [ 145.0054, -37.9449 ], [ 145.0052, -37.9453 ], [ 145.0031, -37.9451 ], [ 145.0031, -37.9448 ], [ 145.0021, -37.9449 ], [ 144.9975, -37.9443 ], [ 144.9962, -37.945 ], [ 144.9951, -37.9449 ], [ 144.9934, -37.9442 ], [ 144.9931, -37.9421 ], [ 144.9929, -37.9418 ], [ 144.9929, -37.9422 ], [ 144.9921, -37.9401 ] ] ] } },
{ "type": "Feature", "properties": { "loc_pid": "loc71ab0a32dd36", "suburb": "Hampton East", "join_key": "HAMPTON EAST" }, "geometry": { "type": "Polygon", "coordinates": [ [ [ 145.0229, -37.9428 ], [ 145.0233, -37.9406 ], [ 145.0239, -37.9404 ], [ 145.0252, -37.934 ], [ 145.0252, -37.9332 ], [ 145.0247, -37.9331 ], [ 145.0249, -37.9318 ], [ 145.0344, -37.933 ], [ 145.0365, -37.9356 ], [ 145.0364, -37.9386 ], [ 145.0378, -37.9426 ], [ 145.0394, -37.9449 ], [ 145.0392, -37.9452 ], [ 145.0323, -37.9443 ], [ 145.0316, -37.9445 ], [ 145.0316, -37.9442 ], [ 145.028, -37.9437 ], [ 145.0242, -37.9435 ], [ 145.0229, -37.9428 ] ] ] } },
{ "type": "Feature", "properties": { "loc_pid": "loc82e9519dd9b6", "suburb": "Hampton Park", "join_key": "HAMPTON PARK" }, "geometry": { "type": "Polygon", "coordinates": [ [ [ 145.2467, -38.0273 ], [ 145.249, -38.017 ], [ 145.2549, -38.0179 ], [ 145.2574, -38.019 ], [ 145.2609, -38.0188 ], [ 145.2867, -38.0217 ], [ 145.286, -38.0253 ], [ 145.2886, -38.0248 ], [ 145.2798, -38.0676 ], [ 145.2662, -38.066 ], [ 145.2626, -38.058 ], [ 145.2654, -38.0448 ], [ 145.2591, -38.0454 ], [ 145.2553, -38.0471 ], [ 145.2491, -38.038 ], [ 145.247, -38.0357 ], [ 145.2467, -38.0273 ] ] ] } },
{ "type": "Feature", "properties": { "loc_pid": "loc2aba432ff405", "suburb": "Harkaway", "join_key": "HARKAWAY" }, "geometry": { "type": "Polygon", "coordinates": [ [ [ 145.3299, -38.0058 ], [ 145.3302, -38.005 ], [ 145.3305, -38.0051 ], [ 145.3309, -38.0032 ], [ 145.3332, -38.0035 ], [ 145.334, -37.9994 ], [ 145.3313, -37.9991 ], [ 145.3353, -37.9939 ], [ 145.3354, -37.992 ], [ 145.3368, -37.991 ], [ 145.3375, -37.9899 ], [ 145.3381, -37.9899 ], [ 145.3386, -37.9893 ], [ 145.3401, -37.9887 ], [ 145.3425, -37.989 ], [ 145.3443, -37.9881 ], [ 145.3463, -37.9863 ], [ 145.3525, -37.987 ], [ 145.3538, -37.981 ], [ 145.3605, -37.9752 ], [ 145.361, -37.974 ], [ 145.361, -37.9721 ], [ 145.3668, -37.9736 ], [ 145.3791, -37.9751 ], [ 145.3791, -37.9754 ], [ 145.3794, -37.9754 ], [ 145.3797, -37.9765 ], [ 145.3792, -37.9766 ], [ 145.3798, -37.9776 ], [ 145.3801, -37.9776 ], [ 145.381, -37.9797 ], [ 145.3814, -37.9796 ], [ 145.382, -37.9805 ], [ 145.3819, -37.9811 ], [ 145.3817, -37.981 ], [ 145.382, -37.9821 ], [ 145.3816, -37.9825 ], [ 145.3822, -37.9845 ], [ 145.3825, -37.9846 ], [ 145.3809, -37.9853 ], [ 145.3804, -37.9864 ], [ 145.3806, -37.9866 ], [ 145.38, -37.9868 ], [ 145.38, -37.9876 ], [ 145.3788, -37.9875 ], [ 145.3782, -37.9878 ], [ 145.3774, -37.9883 ], [ 145.3774, -37.9891 ], [ 145.3758, -37.9897 ], [ 145.3769, -37.9915 ], [ 145.3769, -37.9927 ], [ 145.3778, -37.9942 ], [ 145.3775, -37.9953 ], [ 145.3781, -37.9951 ], [ 145.3786, -37.9957 ], [ 145.3793, -37.9958 ], [ 145.38, -37.9978 ], [ 145.3797, -37.9986 ], [ 145.379, -37.9988 ], [ 145.3788, -37.9996 ], [ 145.378, -38.0005 ], [ 145.3779, -38.0015 ], [ 145.3783, -38.0018 ], [ 145.379, -38.0018 ], [ 145.379, -38.0021 ], [ 145.3785, -38.0021 ], [ 145.3787, -38.0029 ], [ 145.3803, -38.0026 ], [ 145.3806, -38.0037 ], [ 145.3814, -38.0039 ], [ 145.3815, -38.0044 ], [ 145.3824, -38.0052 ], [ 145.382, -38.0055 ], [ 145.3825, -38.0061 ], [ 145.3834, -38.0063 ], [ 145.3831, -38.0066 ], [ 145.3835, -38.0077 ], [ 145.3832, -38.0079 ], [ 145.3831, -38.0077 ], [ 145.3831, -38.008 ], [ 145.384, -38.0086 ], [ 145.3848, -38.0085 ], [ 145.3848, -38.009 ], [ 145.3845, -38.0091 ], [ 145.385, -38.0091 ], [ 145.385, -38.0095 ], [ 145.3833, -38.0105 ], [ 145.3837, -38.0106 ], [ 145.3837, -38.0115 ], [ 145.3842, -38.0116 ], [ 145.3847, -38.0123 ], [ 145.3846, -38.0127 ], [ 145.3853, -38.013 ], [ 145.3853, -38.0133 ], [ 145.377, -38.0123 ], [ 145.3748, -38.0118 ], [ 145.3749, -38.0112 ], [ 145.3728, -38.0109 ], [ 145.3729, -38.0103 ], [ 145.3697, -38.0098 ], [ 145.3704, -38.0067 ], [ 145.367, -38.0053 ], [ 145.3613, -38.0046 ], [ 145.3609, -38.0066 ], [ 145.3581, -38.0061 ], [ 145.3579, -38.0068 ], [ 145.3534, -38.0062 ], [ 145.3531, -38.0067 ], [ 145.3508, -38.0083 ], [ 145.3508, -38.0087 ], [ 145.3498, -38.0096 ], [ 145.3491, -38.0086 ], [ 145.3483, -38.0084 ], [ 145.347, -38.0075 ], [ 145.3464, -38.0084 ], [ 145.344, -38.0081 ], [ 145.3439, -38.0111 ], [ 145.3384, -38.0075 ], [ 145.3375, -38.0074 ], [ 145.3372, -38.0092 ], [ 145.3361, -38.009 ], [ 145.3335, -38.0099 ], [ 145.331, -38.0089 ], [ 145.3308, -38.0086 ], [ 145.3317, -38.0072 ], [ 145.3299, -38.0058 ] ] ] } },
{ "type": "Feature", "properties": { "loc_pid": "loc0de9fd520875", "suburb": "Harkness", "join_key": "HARKNESS" }, "geometry": { "type": "Polygon", "coordinates": [ [ [ 144.5169, -37.6474 ], [ 144.5165, -37.6456 ], [ 144.5172, -37.6456 ], [ 144.5178, -37.6451 ], [ 144.5178, -37.6437 ], [ 144.5167, -37.6429 ], [ 144.519, -37.642 ], [ 144.519, -37.6408 ], [ 144.5195, -37.6403 ], [ 144.5194, -37.6389 ], [ 144.52, -37.639 ], [ 144.5206, -37.6401 ], [ 144.521, -37.6398 ], [ 144.5204, -37.6385 ], [ 144.5205, -37.6378 ], [ 144.5191, -37.6371 ], [ 144.5193, -37.6364 ], [ 144.519, -37.6357 ], [ 144.5194, -37.6353 ], [ 144.5376, -37.6374 ], [ 144.5388, -37.6385 ], [ 144.5379, -37.6406 ], [ 144.5552, -37.6428 ], [ 144.554, -37.6381 ], [ 144.5545, -37.6365 ], [ 144.573, -37.6338 ], [ 144.5761, -37.643 ], [ 144.5703, -37.6731 ], [ 144.5686, -37.6724 ], [ 144.559, -37.6713 ], [ 144.557, -37.6702 ], [ 144.5552, -37.6707 ], [ 144.5524, -37.6704 ], [ 144.5515, -37.6752 ], [ 144.5507, -37.6752 ], [ 144.5484, -37.6745 ], [ 144.546, -37.6726 ], [ 144.5338, -37.671 ], [ 144.5343, -37.6686 ], [ 144.5192, -37.6668 ], [ 144.5194, -37.6658 ], [ 144.5203, -37.6661 ], [ 144.5211, -37.666 ], [ 144.5202, -37.665 ], [ 144.519, -37.6646 ], [ 144.5195, -37.6632 ], [ 144.5186, -37.6627 ], [ 144.5195, -37.6623 ], [ 144.5195, -37.6613 ], [ 144.5206, -37.6607 ], [ 144.5202, -37.6603 ], [ 144.5189, -37.66 ], [ 144.5188, -37.6596 ], [ 144.5195, -37.6591 ], [ 144.5195, -37.6586 ], [ 144.5183, -37.6583 ], [ 144.5194, -37.6571 ], [ 144.5185, -37.657 ], [ 144.5184, -37.6561 ], [ 144.5177, -37.6555 ], [ 144.518, -37.6551 ], [ 144.5186, -37.6552 ], [ 144.5188, -37.6549 ], [ 144.5177, -37.6539 ], [ 144.5185, -37.6525 ], [ 144.5181, -37.6514 ], [ 144.5173, -37.6509 ], [ 144.5173, -37.6506 ], [ 144.5189, -37.6501 ], [ 144.5183, -37.6492 ], [ 144.5193, -37.6485 ], [ 144.5193, -37.6482 ], [ 144.5186, -37.6475 ], [ 144.5169, -37.6474 ] ] ] } },
{ "type": "Feature", "properties": { "loc_pid": "loc7c934a667999", "suburb": "Hastings", "join_key": "HASTINGS" }, "geometry": { "type": "Polygon", "coordinates": [ [ [ 145.1456, -38.2847 ], [ 145.185, -38.2845 ], [ 145.1884, -38.2854 ], [ 145.1898, -38.2723 ], [ 145.2264, -38.2724 ], [ 145.2257, -38.273 ], [ 145.2242, -38.2759 ], [ 145.2236, -38.2764 ], [ 145.2222, -38.2796 ], [ 145.2213, -38.283 ], [ 145.2212, -38.2867 ], [ 145.2226, -38.2932 ], [ 145.2261, -38.2936 ], [ 145.2257, -38.2942 ], [ 145.2257, -38.2986 ], [ 145.2245, -38.2998 ], [ 145.2231, -38.2998 ], [ 145.223, -38.3001 ], [ 145.2233, -38.3013 ], [ 145.224, -38.3013 ], [ 145.224, -38.305 ], [ 145.2271, -38.3065 ], [ 145.2274, -38.3065 ], [ 145.2277, -38.3053 ], [ 145.2281, -38.3053 ], [ 145.2281, -38.3066 ], [ 145.2287, -38.3066 ], [ 145.2287, -38.3077 ], [ 145.2281, -38.3076 ], [ 145.2281, -38.3089 ], [ 145.2278, -38.3091 ], [ 145.2272, -38.3068 ], [ 145.2241, -38.3053 ], [ 145.2241, -38.3152 ], [ 145.2225, -38.3152 ], [ 145.2129, -38.3093 ], [ 145.2129, -38.3049 ], [ 145.2111, -38.3043 ], [ 145.2088, -38.304 ], [ 145.2083, -38.3043 ], [ 145.2078, -38.3041 ], [ 145.206, -38.3044 ], [ 145.2054, -38.3038 ], [ 145.2058, -38.3018 ], [ 145.2046, -38.2999 ], [ 145.2037, -38.2994 ], [ 145.2019, -38.2998 ], [ 145.2007, -38.2993 ], [ 145.1996, -38.2999 ], [ 145.1991, -38.2994 ], [ 145.1974, -38.3008 ], [ 145.1962, -38.3013 ], [ 145.1956, -38.3033 ], [ 145.1962, -38.3041 ], [ 145.1962, -38.3054 ], [ 145.1967, -38.3069 ], [ 145.1976, -38.3074 ], [ 145.1981, -38.3082 ], [ 145.1979, -38.3092 ], [ 145.1982, -38.3104 ], [ 145.1987, -38.3099 ], [ 145.1998, -38.31 ], [ 145.2005, -38.3117 ], [ 145.2001, -38.3133 ], [ 145.1985, -38.3156 ], [ 145.1974, -38.3156 ], [ 145.1959, -38.3138 ], [ 145.1954, -38.3138 ], [ 145.1951, -38.3162 ], [ 145.1981, -38.321 ], [ 145.1966, -38.3224 ], [ 145.1958, -38.3237 ], [ 145.1947, -38.3237 ], [ 145.1935, -38.323 ], [ 145.1922, -38.3216 ], [ 145.1919, -38.3206 ], [ 145.1907, -38.3204 ], [ 145.1912, -38.3199 ], [ 145.1907, -38.3191 ], [ 145.1903, -38.3196 ], [ 145.1897, -38.3195 ], [ 145.1897, -38.3186 ], [ 145.1907, -38.3187 ], [ 145.1901, -38.3179 ], [ 145.1864, -38.3181 ], [ 145.1853, -38.3171 ], [ 145.1855, -38.3161 ], [ 145.1836, -38.3161 ], [ 145.1826, -38.3157 ], [ 145.1818, -38.3161 ], [ 145.1809, -38.3159 ], [ 145.1805, -38.3163 ], [ 145.18, -38.3161 ], [ 145.1788, -38.3164 ], [ 145.1783, -38.3161 ], [ 145.1767, -38.3163 ], [ 145.1757, -38.3168 ], [ 145.1743, -38.3166 ], [ 145.1728, -38.3168 ], [ 145.172, -38.3171 ], [ 145.1717, -38.3178 ], [ 145.171, -38.3182 ], [ 145.1657, -38.319 ], [ 145.1648, -38.3197 ], [ 145.1652, -38.32 ], [ 145.1645, -38.3203 ], [ 145.163, -38.32 ], [ 145.1456, -38.32 ], [ 145.1456, -38.2847 ] ] ] } },
{ "type": "Feature", "properties": { "loc_pid": "loc5c27e3f22fc1", "suburb": "Hawthorn", "join_key": "HAWTHORN" }, "geometry": { "type": "Polygon", "coordinates": [ [ [ 145.0144, -37.8155 ], [ 145.0154, -37.8121 ], [ 145.0465, -37.8158 ], [ 145.0464, -37.8161 ], [ 145.0469, -37.8161 ], [ 145.0468, -37.8167 ], [ 145.0462, -37.8168 ], [ 145.0466, -37.8173 ], [ 145.0461, -37.8173 ], [ 145.0465, -37.8194 ], [ 145.0456, -37.8217 ], [ 145.0457, -37.8221 ], [ 145.0461, -37.8221 ], [ 145.0451, -37.8225 ], [ 145.0457, -37.8228 ], [ 145.0449, -37.8237 ], [ 145.0454, -37.8246 ], [ 145.0448, -37.8256 ], [ 145.0453, -37.8257 ], [ 145.0453, -37.826 ], [ 145.0449, -37.8264 ], [ 145.0452, -37.8264 ], [ 145.0452, -37.8268 ], [ 145.0446, -37.8276 ], [ 145.0449, -37.8282 ], [ 145.0445, -37.8284 ], [ 145.0442, -37.8296 ], [ 145.0441, -37.8303 ], [ 145.0444, -37.8304 ], [ 145.044, -37.8306 ], [ 145.0441, -37.8317 ], [ 145.0438, -37.8324 ], [ 145.0435, -37.8323 ], [ 145.0435, -37.8328 ], [ 145.044, -37.8329 ], [ 145.044, -37.8332 ], [ 145.0437, -37.8331 ], [ 145.0434, -37.834 ], [ 145.0428, -37.8377 ], [ 145.0423, -37.8377 ], [ 145.0428, -37.8378 ], [ 145.0427, -37.8387 ], [ 145.0421, -37.8389 ], [ 145.0426, -37.839 ], [ 145.0425, -37.8395 ], [ 145.0439, -37.84 ], [ 145.0441, -37.841 ], [ 145.0456, -37.8412 ], [ 145.0453, -37.8431 ], [ 145.0444, -37.8433 ], [ 145.0443, -37.8427 ], [ 145.0417, -37.8424 ], [ 145.0418, -37.8431 ], [ 145.0413, -37.8431 ], [ 145.0412, -37.8436 ], [ 145.0417, -37.8436 ], [ 145.0413, -37.8451 ], [ 145.0403, -37.845 ], [ 145.0401, -37.8403 ], [ 145.0391, -37.839 ], [ 145.037, -37.8386 ], [ 145.0352, -37.8377 ], [ 145.0327, -37.8373 ], [ 145.0316, -37.8373 ], [ 145.0308, -37.8378 ], [ 145.0284, -37.8378 ], [ 145.027, -37.8369 ], [ 145.0246, -37.8345 ], [ 145.0264, -37.8334 ], [ 145.0284, -37.8311 ], [ 145.0269, -37.83 ], [ 145.0232, -37.8281 ], [ 145.0225, -37.8263 ], [ 145.0217, -37.8253 ], [ 145.0204, -37.8253 ], [ 145.0181, -37.8262 ], [ 145.0165, -37.8251 ], [ 145.0161, -37.8245 ], [ 145.0157, -37.8213 ], [ 145.0146, -37.8177 ], [ 145.0144, -37.8155 ] ] ] } },
{ "type": "Feature", "properties": { "loc_pid": "loc4fa4b090ce9e", "suburb": "Hawthorn East", "join_key": "HAWTHORN EAST" }, "geometry": { "type": "Polygon", "coordinates": [ [ [ 145.0403, -37.845 ], [ 145.0413, -37.8451 ], [ 145.0417, -37.8436 ], [ 145.0412, -37.8436 ], [ 145.0413, -37.8431 ], [ 145.0418, -37.8431 ], [ 145.0417, -37.8424 ], [ 145.0443, -37.8427 ], [ 145.0444, -37.8433 ], [ 145.0453, -37.8431 ], [ 145.0456, -37.8412 ], [ 145.0441, -37.841 ], [ 145.0439, -37.84 ], [ 145.0425, -37.8395 ], [ 145.0426, -37.839 ], [ 145.0421, -37.8389 ], [ 145.0427, -37.8387 ], [ 145.0428, -37.8378 ], [ 145.0423, -37.8377 ], [ 145.0428, -37.8377 ], [ 145.0429, -37.8374 ], [ 145.043, -37.8355 ], [ 145.0437, -37.8331 ], [ 145.044, -37.8332 ], [ 145.044, -37.8329 ], [ 145.0435, -37.8328 ], [ 145.0435, -37.8323 ], [ 145.0438, -37.8324 ], [ 145.0441, -37.8317 ], [ 145.044, -37.8306 ], [ 145.0444, -37.8304 ], [ 145.0441, -37.8303 ], [ 145.0442, -37.8296 ], [ 145.0445, -37.8284 ], [ 145.0449, -37.8282 ], [ 145.0446, -37.8276 ], [ 145.0452, -37.8268 ], [ 145.0452, -37.8264 ], [ 145.0449, -37.8264 ], [ 145.0453, -37.8257 ], [ 145.0448, -37.8254 ], [ 145.0451, -37.8254 ], [ 145.0454, -37.8244 ], [ 145.0451, -37.8244 ], [ 145.0449, -37.8237 ], [ 145.0457, -37.8227 ], [ 145.0451, -37.8225 ], [ 145.0461, -37.8221 ], [ 145.0457, -37.8221 ], [ 145.0456, -37.8217 ], [ 145.0465, -37.8194 ], [ 145.0461, -37.8173 ], [ 145.0466, -37.8173 ], [ 145.0462, -37.8168 ], [ 145.0468, -37.8167 ], [ 145.0469, -37.8161 ], [ 145.0464, -37.8159 ], [ 145.0594, -37.8174 ], [ 145.0586, -37.8214 ], [ 145.0579, -37.8213 ], [ 145.0579, -37.8221 ], [ 145.0572, -37.8226 ], [ 145.0572, -37.8229 ], [ 145.0577, -37.823 ], [ 145.0571, -37.8264 ], [ 145.0575, -37.8267 ], [ 145.057, -37.827 ], [ 145.0565, -37.8299 ], [ 145.0559, -37.8298 ], [ 145.0565, -37.8303 ], [ 145.0566, -37.8315 ], [ 145.0565, -37.8318 ], [ 145.0557, -37.832 ], [ 145.0558, -37.8331 ], [ 145.0552, -37.8347 ], [ 145.0556, -37.8349 ], [ 145.0553, -37.8356 ], [ 145.0548, -37.8356 ], [ 145.0546, -37.8364 ], [ 145.0551, -37.8366 ], [ 145.0547, -37.8382 ], [ 145.0551, -37.8393 ], [ 145.0545, -37.8393 ], [ 145.0541, -37.8405 ], [ 145.054, -37.8417 ], [ 145.0543, -37.8418 ], [ 145.0539, -37.8421 ], [ 145.0537, -37.8441 ], [ 145.0531, -37.8449 ], [ 145.0536, -37.8448 ], [ 145.0533, -37.8461 ], [ 145.0496, -37.8457 ], [ 145.0495, -37.8467 ], [ 145.049, -37.8466 ], [ 145.049, -37.8469 ], [ 145.0469, -37.846 ], [ 145.0469, -37.8454 ], [ 145.0451, -37.8455 ], [ 145.0447, -37.8476 ], [ 145.044, -37.8475 ], [ 145.0438, -37.8481 ], [ 145.0427, -37.8476 ], [ 145.0405, -37.8458 ], [ 145.0403, -37.845 ] ] ] } },
{ "type": "Feature", "properties": { "loc_pid": "locc84be248155b", "suburb": "Healesville", "join_key": "HEALESVILLE" }, "geometry": { "type": "Polygon", "coordinates": [ [ [ 145.452, -37.6424 ], [ 145.4549, -37.6412 ], [ 145.4564, -37.6401 ], [ 145.4587, -37.6394 ], [ 145.4579, -37.6334 ], [ 145.4578, -37.6298 ], [ 145.4582, -37.6286 ], [ 145.4574, -37.6261 ], [ 145.4557, -37.6245 ], [ 145.4559, -37.623 ], [ 145.4546, -37.6162 ], [ 145.4561, -37.6158 ], [ 145.4584, -37.6139 ], [ 145.4588, -37.613 ], [ 145.4588, -37.6108 ], [ 145.4584, -37.6098 ], [ 145.4589, -37.6085 ], [ 145.458, -37.607 ], [ 145.4595, -37.6046 ], [ 145.4682, -37.6058 ], [ 145.468, -37.6068 ], [ 145.4705, -37.6061 ], [ 145.4717, -37.6046 ], [ 145.4732, -37.6041 ], [ 145.4743, -37.6079 ], [ 145.4753, -37.6099 ], [ 145.4773, -37.6112 ], [ 145.4759, -37.6136 ], [ 145.4761, -37.6145 ], [ 145.4837, -37.6156 ], [ 145.4807, -37.6296 ], [ 145.4807, -37.6406 ], [ 145.4925, -37.6406 ], [ 145.4925, -37.64 ], [ 145.5027, -37.6397 ], [ 145.5025, -37.6392 ], [ 145.5045, -37.6387 ], [ 145.5038, -37.637 ], [ 145.5061, -37.6363 ], [ 145.5053, -37.6348 ], [ 145.5061, -37.6343 ], [ 145.5081, -37.6344 ], [ 145.5085, -37.6322 ], [ 145.5094, -37.6322 ], [ 145.5103, -37.6268 ], [ 145.5091, -37.6265 ], [ 145.5108, -37.6256 ], [ 145.5106, -37.6236 ], [ 145.5113, -37.6226 ], [ 145.5106, -37.6201 ], [ 145.5091, -37.6189 ], [ 145.5095, -37.6186 ], [ 145.5115, -37.6184 ], [ 145.5135, -37.6177 ], [ 145.5123, -37.6164 ], [ 145.5112, -37.6158 ], [ 145.5112, -37.6154 ], [ 145.5124, -37.6149 ], [ 145.5127, -37.6143 ], [ 145.5136, -37.6142 ], [ 145.5144, -37.6135 ], [ 145.5138, -37.6128 ], [ 145.5137, -37.6119 ], [ 145.5124, -37.6112 ], [ 145.5112, -37.6113 ], [ 145.5107, -37.6109 ], [ 145.5106, -37.6097 ], [ 145.5124, -37.6087 ], [ 145.5112, -37.6075 ], [ 145.5099, -37.6069 ], [ 145.5094, -37.6058 ], [ 145.5124, -37.6056 ], [ 145.5128, -37.6045 ], [ 145.5105, -37.6029 ], [ 145.5094, -37.6013 ], [ 145.5086, -37.6014 ], [ 145.5077, -37.6008 ], [ 145.5077, -37.6 ], [ 145.5086, -37.5999 ], [ 145.5091, -37.5988 ], [ 145.5228, -37.5984 ], [ 145.5626, -37.5932 ], [ 145.6286, -37.6495 ], [ 145.6358, -37.7094 ], [ 145.6346, -37.7145 ], [ 145.6336, -37.7152 ], [ 145.6318, -37.7148 ], [ 145.63, -37.7155 ], [ 145.6289, -37.7155 ], [ 145.6279, -37.7166 ], [ 145.6267, -37.7167 ], [ 145.6238, -37.7158 ], [ 145.6227, -37.7149 ], [ 145.6213, -37.7127 ], [ 145.6201, -37.712 ], [ 145.6189, -37.712 ], [ 145.618, -37.7166 ], [ 145.618, -37.7194 ], [ 145.6172, -37.7211 ], [ 145.6171, -37.7228 ], [ 145.6154, -37.7248 ], [ 145.6149, -37.7248 ], [ 145.6139, -37.7239 ], [ 145.6133, -37.7221 ], [ 145.6133, -37.7213 ], [ 145.6143, -37.7198 ], [ 145.5957, -37.7176 ], [ 145.5956, -37.7168 ], [ 145.597, -37.7153 ], [ 145.5972, -37.7146 ], [ 145.5967, -37.7146 ], [ 145.5958, -37.7153 ], [ 145.5923, -37.7161 ], [ 145.5909, -37.7149 ], [ 145.5893, -37.7142 ], [ 145.5889, -37.7134 ], [ 145.5871, -37.7121 ], [ 145.5872, -37.7115 ], [ 145.5855, -37.7103 ], [ 145.585, -37.7096 ], [ 145.5839, -37.7091 ], [ 145.5835, -37.7083 ], [ 145.582, -37.7072 ], [ 145.5812, -37.7057 ], [ 145.5817, -37.704 ], [ 145.5808, -37.704 ], [ 145.5802, -37.7028 ], [ 145.579, -37.7026 ], [ 145.5786, -37.7015 ], [ 145.5775, -37.7012 ], [ 145.5767, -37.7003 ], [ 145.5754, -37.6997 ], [ 145.574, -37.7 ], [ 145.5713, -37.7019 ], [ 145.572, -37.6986 ], [ 145.5679, -37.6981 ], [ 145.5678, -37.6954 ], [ 145.5675, -37.6952 ], [ 145.5679, -37.6947 ], [ 145.568, -37.6856 ], [ 145.5648, -37.6852 ], [ 145.5644, -37.6842 ], [ 145.5617, -37.6832 ], [ 145.5609, -37.684 ], [ 145.5586, -37.6829 ], [ 145.5579, -37.6831 ], [ 145.5579, -37.6839 ], [ 145.5568, -37.6836 ], [ 145.5527, -37.684 ], [ 145.5518, -37.6834 ], [ 145.5467, -37.6765 ], [ 145.5426, -37.6783 ], [ 145.5428, -37.6781 ], [ 145.5423, -37.6773 ], [ 145.5373, -37.6704 ], [ 145.5312, -37.6732 ], [ 145.5307, -37.6721 ], [ 145.5291, -37.6733 ], [ 145.5313, -37.6769 ], [ 145.5232, -37.6801 ], [ 145.5228, -37.6792 ], [ 145.5197, -37.679 ], [ 145.5189, -37.6783 ], [ 145.5173, -37.6792 ], [ 145.5144, -37.6785 ], [ 145.5152, -37.6816 ], [ 145.5181, -37.6855 ], [ 145.519, -37.6895 ], [ 145.5195, -37.6987 ], [ 145.5225, -37.7029 ], [ 145.5227, -37.7036 ], [ 145.5222, -37.7055 ], [ 145.5415, -37.7038 ], [ 145.5463, -37.7037 ], [ 145.5451, -37.7083 ], [ 145.5478, -37.7088 ], [ 145.5473, -37.7107 ], [ 145.5464, -37.7105 ], [ 145.5459, -37.7122 ], [ 145.5443, -37.7118 ], [ 145.543, -37.7158 ], [ 145.5443, -37.7161 ], [ 145.5437, -37.7179 ], [ 145.5433, -37.7179 ], [ 145.5424, -37.7211 ], [ 145.5415, -37.721 ], [ 145.5409, -37.7301 ], [ 145.5426, -37.7303 ], [ 145.5412, -37.7364 ], [ 145.5327, -37.7354 ], [ 145.53, -37.7384 ], [ 145.5209, -37.7369 ], [ 145.5171, -37.74 ], [ 145.515, -37.7399 ], [ 145.5141, -37.7389 ], [ 145.5145, -37.7381 ], [ 145.5134, -37.7383 ], [ 145.5126, -37.7379 ], [ 145.513, -37.7372 ], [ 145.5128, -37.7369 ], [ 145.5109, -37.7376 ], [ 145.5101, -37.7376 ], [ 145.5101, -37.7368 ], [ 145.5097, -37.7368 ], [ 145.5095, -37.7381 ], [ 145.5091, -37.7384 ], [ 145.5085, -37.7375 ], [ 145.5075, -37.7372 ], [ 145.508, -37.7365 ], [ 145.5076, -37.7355 ], [ 145.5067, -37.7354 ], [ 145.5059, -37.7361 ], [ 145.5055, -37.7361 ], [ 145.5059, -37.735 ], [ 145.5056, -37.7347 ], [ 145.5038, -37.7353 ], [ 145.5031, -37.7343 ], [ 145.5019, -37.7344 ], [ 145.5023, -37.734 ], [ 145.502, -37.7331 ], [ 145.4998, -37.7319 ], [ 145.5002, -37.7305 ], [ 145.4985, -37.7309 ], [ 145.4981, -37.7295 ], [ 145.4998, -37.7256 ], [ 145.5007, -37.7245 ], [ 145.5008, -37.7221 ], [ 145.5021, -37.7211 ], [ 145.502, -37.7204 ], [ 145.5013, -37.7198 ], [ 145.5016, -37.719 ], [ 145.5021, -37.7185 ], [ 145.5033, -37.7183 ], [ 145.5031, -37.7175 ], [ 145.5051, -37.7159 ], [ 145.5051, -37.7149 ], [ 145.506, -37.7142 ], [ 145.5063, -37.7134 ], [ 145.5061, -37.7124 ], [ 145.5076, -37.7102 ], [ 145.5076, -37.7094 ], [ 145.5068, -37.7091 ], [ 145.5084, -37.7076 ], [ 145.5073, -37.7064 ], [ 145.5082, -37.7059 ], [ 145.5093, -37.7041 ], [ 145.5088, -37.7034 ], [ 145.5077, -37.7035 ], [ 145.507, -37.7031 ], [ 145.5052, -37.7047 ], [ 145.5045, -37.7015 ], [ 145.5032, -37.701 ], [ 145.5034, -37.6997 ], [ 145.5042, -37.6987 ], [ 145.5027, -37.6983 ], [ 145.5024, -37.6988 ], [ 145.5018, -37.6989 ], [ 145.5016, -37.698 ], [ 145.501, -37.6974 ], [ 145.5015, -37.6968 ], [ 145.5014, -37.6963 ], [ 145.5007, -37.6961 ], [ 145.5, -37.6964 ], [ 145.5002, -37.6956 ], [ 145.4989, -37.6949 ], [ 145.4978, -37.6957 ], [ 145.497, -37.6957 ], [ 145.4964, -37.6953 ], [ 145.4962, -37.6917 ], [ 145.4966, -37.6904 ], [ 145.4963, -37.6903 ], [ 145.4951, -37.691 ], [ 145.4946, -37.6909 ], [ 145.4946, -37.6905 ], [ 145.4959, -37.689 ], [ 145.4959, -37.6886 ], [ 145.495, -37.6884 ], [ 145.4947, -37.688 ], [ 145.497, -37.6867 ], [ 145.4967, -37.6857 ], [ 145.4962, -37.6852 ], [ 145.4957, -37.6852 ], [ 145.4954, -37.6872 ], [ 145.4947, -37.6872 ], [ 145.4943, -37.6869 ], [ 145.4932, -37.6857 ], [ 145.4932, -37.6846 ], [ 145.4924, -37.6845 ], [ 145.492, -37.6837 ], [ 145.4922, -37.6833 ], [ 145.4937, -37.6829 ], [ 145.4928, -37.6817 ], [ 145.4916, -37.6813 ], [ 145.4915, -37.6804 ], [ 145.4908, -37.6802 ], [ 145.4905, -37.6806 ], [ 145.4902, -37.6805 ], [ 145.4896, -37.6792 ], [ 145.4905, -37.6784 ], [ 145.489, -37.6778 ], [ 145.4915, -37.6758 ], [ 145.4908, -37.6758 ], [ 145.4898, -37.6751 ], [ 145.4889, -37.675 ], [ 145.4889, -37.6738 ], [ 145.4913, -37.6738 ], [ 145.4925, -37.6735 ], [ 145.493, -37.6729 ], [ 145.4924, -37.672 ], [ 145.4908, -37.6722 ], [ 145.4899, -37.6704 ], [ 145.4901, -37.6691 ], [ 145.489, -37.6697 ], [ 145.4886, -37.6696 ], [ 145.488, -37.6683 ], [ 145.4868, -37.668 ], [ 145.4875, -37.6672 ], [ 145.4874, -37.6664 ], [ 145.4895, -37.6659 ], [ 145.4897, -37.6656 ], [ 145.4891, -37.6653 ], [ 145.4876, -37.6652 ], [ 145.4864, -37.6659 ], [ 145.4853, -37.6658 ], [ 145.4845, -37.6651 ], [ 145.4851, -37.6638 ], [ 145.485, -37.6635 ], [ 145.4846, -37.6635 ], [ 145.4798, -37.6644 ], [ 145.4798, -37.6655 ], [ 145.4786, -37.667 ], [ 145.475, -37.6636 ], [ 145.4728, -37.6652 ], [ 145.4724, -37.669 ], [ 145.4695, -37.668 ], [ 145.4708, -37.6667 ], [ 145.4708, -37.6663 ], [ 145.469, -37.6667 ], [ 145.4692, -37.6652 ], [ 145.4677, -37.6639 ], [ 145.4665, -37.6622 ], [ 145.4637, -37.6604 ], [ 145.4655, -37.6593 ], [ 145.4654, -37.6587 ], [ 145.4677, -37.657 ], [ 145.4679, -37.6546 ], [ 145.4691, -37.6531 ], [ 145.4687, -37.6518 ], [ 145.4666, -37.6504 ], [ 145.4656, -37.6492 ], [ 145.4644, -37.6486 ], [ 145.4644, -37.6477 ], [ 145.464, -37.6472 ], [ 145.4629, -37.647 ], [ 145.4613, -37.6461 ], [ 145.4583, -37.6451 ], [ 145.4552, -37.6433 ], [ 145.452, -37.6424 ] ] ] } },
{ "type": "Feature", "properties": { "loc_pid": "loc3d949ab3c987", "suburb": "Heatherton", "join_key": "HEATHERTON" }, "geometry": { "type": "Polygon", "coordinates": [ [ [ 145.0755, -37.9603 ], [ 145.0795, -37.9388 ], [ 145.0896, -37.9402 ], [ 145.0939, -37.942 ], [ 145.0959, -37.9433 ], [ 145.0984, -37.9456 ], [ 145.0997, -37.9476 ], [ 145.1031, -37.9563 ], [ 145.1044, -37.9577 ], [ 145.1068, -37.9587 ], [ 145.1119, -37.9592 ], [ 145.1106, -37.9661 ], [ 145.1121, -37.9698 ], [ 145.1117, -37.9723 ], [ 145.0922, -37.9699 ], [ 145.0932, -37.9649 ], [ 145.084, -37.9637 ], [ 145.0845, -37.9614 ], [ 145.0755, -37.9603 ] ] ] } },
{ "type": "Feature", "properties": { "loc_pid": "locab56fbb21cf8", "suburb": "Heathmont", "join_key": "HEATHMONT" }, "geometry": { "type": "Polygon", "coordinates": [ [ [ 145.2273, -37.8329 ], [ 145.2274, -37.8324 ], [ 145.2279, -37.8324 ], [ 145.2281, -37.832 ], [ 145.2279, -37.8311 ], [ 145.2276, -37.831 ], [ 145.2278, -37.8304 ], [ 145.2294, -37.8305 ], [ 145.2294, -37.8295 ], [ 145.2278, -37.8295 ], [ 145.228, -37.8284 ], [ 145.2277, -37.827 ], [ 145.2307, -37.8268 ], [ 145.2307, -37.8264 ], [ 145.2323, -37.8264 ], [ 145.2323, -37.8268 ], [ 145.233, -37.827 ], [ 145.2345, -37.8266 ], [ 145.2368, -37.8267 ], [ 145.2368, -37.8264 ], [ 145.2373, -37.8264 ], [ 145.2374, -37.8229 ], [ 145.2413, -37.8229 ], [ 145.241, -37.8213 ], [ 145.2411, -37.8176 ], [ 145.2462, -37.8208 ], [ 145.2485, -37.8214 ], [ 145.2517, -37.8251 ], [ 145.2614, -37.8278 ], [ 145.264, -37.828 ], [ 145.2644, -37.8292 ], [ 145.2642, -37.8299 ], [ 145.263, -37.8311 ], [ 145.2632, -37.832 ], [ 145.2626, -37.832 ], [ 145.262, -37.8324 ], [ 145.2612, -37.8323 ], [ 145.2605, -37.833 ], [ 145.2595, -37.8331 ], [ 145.2589, -37.8335 ], [ 145.2585, -37.8343 ], [ 145.2585, -37.8367 ], [ 145.258, -37.8365 ], [ 145.2579, -37.8361 ], [ 145.2568, -37.8357 ], [ 145.2562, -37.8366 ], [ 145.2559, -37.8366 ], [ 145.256, -37.8362 ], [ 145.2549, -37.8363 ], [ 145.2535, -37.837 ], [ 145.2517, -37.8373 ], [ 145.2504, -37.8381 ], [ 145.2499, -37.8376 ], [ 145.2496, -37.8383 ], [ 145.2493, -37.8383 ], [ 145.2491, -37.8376 ], [ 145.2485, -37.8381 ], [ 145.2476, -37.8376 ], [ 145.2472, -37.8379 ], [ 145.2466, -37.8377 ], [ 145.2459, -37.8379 ], [ 145.2445, -37.8386 ], [ 145.2427, -37.8385 ], [ 145.2424, -37.8388 ], [ 145.2415, -37.8386 ], [ 145.2403, -37.8388 ], [ 145.2392, -37.8385 ], [ 145.2384, -37.8391 ], [ 145.2378, -37.8388 ], [ 145.2368, -37.8401 ], [ 145.2363, -37.8395 ], [ 145.2355, -37.8394 ], [ 145.2328, -37.8394 ], [ 145.2325, -37.8397 ], [ 145.2326, -37.8403 ], [ 145.231, -37.8401 ], [ 145.231, -37.8397 ], [ 145.2307, -37.8397 ], [ 145.2308, -37.8403 ], [ 145.2304, -37.8403 ], [ 145.2303, -37.8395 ], [ 145.2297, -37.8397 ], [ 145.2294, -37.8393 ], [ 145.2291, -37.8394 ], [ 145.2293, -37.8397 ], [ 145.229, -37.8397 ], [ 145.2289, -37.8329 ], [ 145.2273, -37.8329 ] ] ] } },
{ "type": "Feature", "properties": { "loc_pid": "locac7743d369bc", "suburb": "Heidelberg", "join_key": "HEIDELBERG" }, "geometry": { "type": "Polygon", "coordinates": [ [ [ 145.0557, -37.7559 ], [ 145.0564, -37.755 ], [ 145.0578, -37.7473 ], [ 145.0588, -37.7464 ], [ 145.0735, -37.7482 ], [ 145.0736, -37.7477 ], [ 145.079, -37.7483 ], [ 145.0787, -37.7499 ], [ 145.0793, -37.75 ], [ 145.0806, -37.7424 ], [ 145.0821, -37.7432 ], [ 145.0838, -37.7433 ], [ 145.084, -37.7438 ], [ 145.0856, -37.7443 ], [ 145.0861, -37.7449 ], [ 145.0861, -37.7457 ], [ 145.0846, -37.7466 ], [ 145.0837, -37.749 ], [ 145.0828, -37.7501 ], [ 145.082, -37.7505 ], [ 145.0825, -37.7514 ], [ 145.0816, -37.7543 ], [ 145.0819, -37.7546 ], [ 145.0831, -37.7546 ], [ 145.0833, -37.7549 ], [ 145.0818, -37.7563 ], [ 145.0812, -37.7563 ], [ 145.0806, -37.7543 ], [ 145.0798, -37.7539 ], [ 145.0786, -37.7538 ], [ 145.078, -37.7542 ], [ 145.0772, -37.7557 ], [ 145.0776, -37.7564 ], [ 145.0802, -37.7572 ], [ 145.0805, -37.7579 ], [ 145.0789, -37.7583 ], [ 145.078, -37.7576 ], [ 145.0762, -37.7575 ], [ 145.0748, -37.7569 ], [ 145.0736, -37.7577 ], [ 145.0731, -37.7585 ], [ 145.0731, -37.7596 ], [ 145.0746, -37.7594 ], [ 145.0768, -37.7585 ], [ 145.0772, -37.7601 ], [ 145.0736, -37.7603 ], [ 145.0587, -37.7585 ], [ 145.0591, -37.7582 ], [ 145.0564, -37.757 ], [ 145.0557, -37.7559 ] ] ] } },
{ "type": "Feature", "properties": { "loc_pid": "loccaca39f133a7", "suburb": "Heidelberg Heights", "join_key": "HEIDELBERG HEIGHTS" }, "geometry": { "type": "Polygon", "coordinates": [ [ [ 145.0461, -37.7511 ], [ 145.0491, -37.7345 ], [ 145.0574, -37.7353 ], [ 145.0582, -37.7308 ], [ 145.0574, -37.7307 ], [ 145.0575, -37.7294 ], [ 145.0608, -37.7298 ], [ 145.0564, -37.755 ], [ 145.0461, -37.7511 ] ] ] } },
{ "type": "Feature", "properties": { "loc_pid": "loc1492a23dbc74", "suburb": "Heidelberg West", "join_key": "HEIDELBERG WEST" }, "geometry": { "type": "Polygon", "coordinates": [ [ [ 145.0323, -37.7392 ], [ 145.0322, -37.7374 ], [ 145.0338, -37.7366 ], [ 145.0337, -37.7352 ], [ 145.0343, -37.735 ], [ 145.0373, -37.7351 ], [ 145.0378, -37.7349 ], [ 145.0381, -37.7338 ], [ 145.04, -37.7327 ], [ 145.0402, -37.7321 ], [ 145.0381, -37.7304 ], [ 145.0383, -37.73 ], [ 145.0388, -37.7299 ], [ 145.0394, -37.7303 ], [ 145.0405, -37.7303 ], [ 145.0403, -37.7293 ], [ 145.0395, -37.7283 ], [ 145.0389, -37.7286 ], [ 145.0383, -37.7285 ], [ 145.0381, -37.7277 ], [ 145.0386, -37.7273 ], [ 145.0575, -37.7294 ], [ 145.0574, -37.7307 ], [ 145.0582, -37.7308 ], [ 145.0574, -37.7353 ], [ 145.0491, -37.7345 ], [ 145.0461, -37.7511 ], [ 145.0411, -37.7497 ], [ 145.0366, -37.7493 ], [ 145.0347, -37.7494 ], [ 145.0335, -37.7488 ], [ 145.0355, -37.748 ], [ 145.0361, -37.7465 ], [ 145.0353, -37.7458 ], [ 145.0337, -37.746 ], [ 145.0333, -37.7456 ], [ 145.0337, -37.7448 ], [ 145.0351, -37.7441 ], [ 145.0351, -37.7436 ], [ 145.0341, -37.742 ], [ 145.033, -37.7414 ], [ 145.0327, -37.7406 ], [ 145.0329, -37.7401 ], [ 145.0323, -37.7392 ] ] ] } },
{ "type": "Feature", "properties": { "loc_pid": "locf16910f90fb9", "suburb": "Highett", "join_key": "HIGHETT" }, "geometry": { "type": "Polygon", "coordinates": [ [ [ 145.021, -37.952 ], [ 145.0214, -37.9501 ], [ 145.022, -37.9502 ], [ 145.0223, -37.9485 ], [ 145.0229, -37.9484 ], [ 145.0232, -37.9476 ], [ 145.0232, -37.947 ], [ 145.0226, -37.9469 ], [ 145.0226, -37.9465 ], [ 145.0234, -37.9432 ], [ 145.0242, -37.9435 ], [ 145.0316, -37.9442 ], [ 145.0316, -37.9445 ], [ 145.0333, -37.9444 ], [ 145.0384, -37.9452 ], [ 145.0392, -37.9452 ], [ 145.0396, -37.9448 ], [ 145.0437, -37.9452 ], [ 145.0591, -37.9472 ], [ 145.0571, -37.958 ], [ 145.0557, -37.9565 ], [ 145.0537, -37.9576 ], [ 145.0519, -37.9575 ], [ 145.048, -37.957 ], [ 145.047, -37.9564 ], [ 145.0422, -37.9557 ], [ 145.0421, -37.9562 ], [ 145.0415, -37.9562 ], [ 145.0417, -37.9553 ], [ 145.0407, -37.9551 ], [ 145.0406, -37.9553 ], [ 145.039, -37.9551 ], [ 145.0384, -37.9554 ], [ 145.0317, -37.9546 ], [ 145.0317, -37.9544 ], [ 145.0324, -37.9545 ], [ 145.0325, -37.9537 ], [ 145.032, -37.9536 ], [ 145.0307, -37.9535 ], [ 145.0305, -37.9544 ], [ 145.0294, -37.9544 ], [ 145.0218, -37.9535 ], [ 145.0214, -37.9534 ], [ 145.0216, -37.9521 ], [ 145.021, -37.952 ] ] ] } },
{ "type": "Feature", "properties": { "loc_pid": "loce6085a4cf5c8", "suburb": "Hillside", "join_key": "HILLSIDE" }, "geometry": { "type": "Polygon", "coordinates": [ [ [ 144.7247, -37.6903 ], [ 144.7277, -37.6755 ], [ 144.7368, -37.6761 ], [ 144.7544, -37.6784 ], [ 144.7548, -37.6766 ], [ 144.7583, -37.681 ], [ 144.7554, -37.6987 ], [ 144.7564, -37.7033 ], [ 144.7563, -37.7062 ], [ 144.7326, -37.7033 ], [ 144.7326, -37.7062 ], [ 144.7297, -37.7066 ], [ 144.7273, -37.6934 ], [ 144.7266, -37.6922 ], [ 144.7247, -37.6903 ] ] ] } },
{ "type": "Feature", "properties": { "loc_pid": "loc39ab57920b9d", "suburb": "Hmas Cerberus", "join_key": "HMAS CERBERUS" }, "geometry": { "type": "Polygon", "coordinates": [ [ [ 145.1658, -38.3535 ], [ 145.1866, -38.3535 ], [ 145.1866, -38.3551 ], [ 145.1905, -38.3551 ], [ 145.1988, -38.3628 ], [ 145.1996, -38.3645 ], [ 145.2012, -38.3653 ], [ 145.2015, -38.3649 ], [ 145.2018, -38.365 ], [ 145.2015, -38.3654 ], [ 145.2058, -38.3676 ], [ 145.2061, -38.3673 ], [ 145.213, -38.3696 ], [ 145.2161, -38.3716 ], [ 145.2166, -38.3725 ], [ 145.2203, -38.3751 ], [ 145.2208, -38.3754 ], [ 145.2217, -38.3754 ], [ 145.2215, -38.3764 ], [ 145.2218, -38.378 ], [ 145.2213, -38.3784 ], [ 145.2186, -38.3786 ], [ 145.2155, -38.3799 ], [ 145.2119, -38.3789 ], [ 145.2107, -38.3776 ], [ 145.2095, -38.3772 ], [ 145.2086, -38.3758 ], [ 145.2071, -38.3754 ], [ 145.2068, -38.3749 ], [ 145.2062, -38.3747 ], [ 145.2033, -38.3744 ], [ 145.2012, -38.3734 ], [ 145.2011, -38.3728 ], [ 145.2017, -38.3718 ], [ 145.2011, -38.371 ], [ 145.2014, -38.3698 ], [ 145.2007, -38.3686 ], [ 145.1992, -38.3669 ], [ 145.1954, -38.3648 ], [ 145.193, -38.3648 ], [ 145.1927, -38.3652 ], [ 145.1925, -38.3681 ], [ 145.193, -38.372 ], [ 145.1925, -38.373 ], [ 145.1921, -38.373 ], [ 145.1916, -38.3724 ], [ 145.1908, -38.3729 ], [ 145.1895, -38.3724 ], [ 145.1888, -38.3729 ], [ 145.1881, -38.3727 ], [ 145.1884, -38.3721 ], [ 145.1858, -38.3723 ], [ 145.1849, -38.3718 ], [ 145.184, -38.3743 ], [ 145.1843, -38.375 ], [ 145.1922, -38.3759 ], [ 145.1929, -38.3763 ], [ 145.1952, -38.376 ], [ 145.1958, -38.3767 ], [ 145.1963, -38.3768 ], [ 145.1964, -38.3772 ], [ 145.1958, -38.3779 ], [ 145.1966, -38.3785 ], [ 145.1994, -38.3785 ], [ 145.2003, -38.3791 ], [ 145.2042, -38.3791 ], [ 145.2063, -38.38 ], [ 145.2072, -38.3808 ], [ 145.2087, -38.3815 ], [ 145.2113, -38.3824 ], [ 145.2136, -38.3828 ], [ 145.2163, -38.3841 ], [ 145.2183, -38.3872 ], [ 145.2192, -38.3897 ], [ 145.2193, -38.3922 ], [ 145.2191, -38.3928 ], [ 145.2181, -38.3935 ], [ 145.2188, -38.3939 ], [ 145.219, -38.3945 ], [ 145.2207, -38.3947 ], [ 145.2217, -38.3957 ], [ 145.2231, -38.3964 ], [ 145.2229, -38.3967 ], [ 145.2216, -38.3969 ], [ 145.2217, -38.3979 ], [ 145.2222, -38.3982 ], [ 145.2251, -38.3981 ], [ 145.2264, -38.3977 ], [ 145.229, -38.3994 ], [ 145.2295, -38.4005 ], [ 145.2292, -38.403 ], [ 145.2294, -38.4045 ], [ 145.2308, -38.4056 ], [ 145.2324, -38.4062 ], [ 145.233, -38.4063 ], [ 145.2329, -38.4059 ], [ 145.2347, -38.4058 ], [ 145.2352, -38.4086 ], [ 145.2348, -38.4094 ], [ 145.2333, -38.4094 ], [ 145.2247, -38.4075 ], [ 145.2201, -38.4072 ], [ 145.2161, -38.4074 ], [ 145.204, -38.4048 ], [ 145.1924, -38.4009 ], [ 145.1962, -38.3928 ], [ 145.194, -38.3921 ], [ 145.1869, -38.3882 ], [ 145.181, -38.3864 ], [ 145.1658, -38.3535 ] ] ] } },
{ "type": "Feature", "properties": { "loc_pid": "locf72490d7eaa6", "suburb": "Hoppers Crossing", "join_key": "HOPPERS CROSSING" }, "geometry": { "type": "Polygon", "coordinates": [ [ [ 144.6645, -37.8756 ], [ 144.6694, -37.8464 ], [ 144.7133, -37.8513 ], [ 144.7121, -37.8519 ], [ 144.7118, -37.8526 ], [ 144.7125, -37.8539 ], [ 144.7138, -37.8549 ], [ 144.7148, -37.8576 ], [ 144.7153, -37.858 ], [ 144.7169, -37.858 ], [ 144.7176, -37.8584 ], [ 144.7211, -37.8624 ], [ 144.7211, -37.8634 ], [ 144.718, -37.8646 ], [ 144.717, -37.8658 ], [ 144.7165, -37.8674 ], [ 144.7172, -37.8684 ], [ 144.7204, -37.8684 ], [ 144.7213, -37.8687 ], [ 144.7313, -37.8633 ], [ 144.7347, -37.8675 ], [ 144.7348, -37.8685 ], [ 144.7345, -37.8689 ], [ 144.7356, -37.8699 ], [ 144.7366, -37.8728 ], [ 144.7117, -37.8791 ], [ 144.7074, -37.8806 ], [ 144.6805, -37.8916 ], [ 144.6829, -37.8776 ], [ 144.6645, -37.8756 ] ] ] } },
{ "type": "Feature", "properties": { "loc_pid": "loc65593405a665", "suburb": "Hughesdale", "join_key": "HUGHESDALE" }, "geometry": { "type": "Polygon", "coordinates": [ [ [ 145.0742, -37.9081 ], [ 145.078, -37.8879 ], [ 145.0783, -37.8872 ], [ 145.0803, -37.8879 ], [ 145.0815, -37.8887 ], [ 145.0841, -37.8918 ], [ 145.0853, -37.8925 ], [ 145.0882, -37.893 ], [ 145.0874, -37.8984 ], [ 145.0852, -37.9095 ], [ 145.0742, -37.9081 ] ] ] } },
{ "type": "Feature", "properties": { "loc_pid": "loc1dc61fd429f4", "suburb": "Huntingdale", "join_key": "HUNTINGDALE" }, "geometry": { "type": "Polygon", "coordinates": [ [ [ 145.1033, -37.9116 ], [ 145.1055, -37.9008 ], [ 145.1138, -37.906 ], [ 145.1126, -37.9127 ], [ 145.1033, -37.9116 ] ] ] } },
{ "type": "Feature", "properties": { "loc_pid": "locaf79961f04bc", "suburb": "Hurstbridge", "join_key": "HURSTBRIDGE" }, "geometry": { "type": "Polygon", "coordinates": [ [ [ 145.1661, -37.6374 ], [ 145.167, -37.634 ], [ 145.1678, -37.6324 ], [ 145.1688, -37.6314 ], [ 145.1689, -37.6299 ], [ 145.1679, -37.6274 ], [ 145.1722, -37.6248 ], [ 145.1716, -37.624 ], [ 145.1747, -37.622 ], [ 145.1725, -37.6203 ], [ 145.1776, -37.617 ], [ 145.1793, -37.618 ], [ 145.1873, -37.6157 ], [ 145.1877, -37.6163 ], [ 145.1873, -37.6168 ], [ 145.1955, -37.6178 ], [ 145.199, -37.6187 ], [ 145.1977, -37.621 ], [ 145.2017, -37.6216 ], [ 145.2013, -37.6241 ], [ 145.2027, -37.6243 ], [ 145.202, -37.6279 ], [ 145.1975, -37.6274 ], [ 145.1927, -37.6269 ], [ 145.1931, -37.627 ], [ 145.1934, -37.6283 ], [ 145.1941, -37.6286 ], [ 145.1946, -37.6294 ], [ 145.1943, -37.6295 ], [ 145.1935, -37.629 ], [ 145.193, -37.6293 ], [ 145.1922, -37.6308 ], [ 145.1927, -37.6319 ], [ 145.1919, -37.6321 ], [ 145.1918, -37.6326 ], [ 145.1928, -37.6337 ], [ 145.1933, -37.6338 ], [ 145.1934, -37.6334 ], [ 145.1937, -37.6335 ], [ 145.1941, -37.6342 ], [ 145.1947, -37.6345 ], [ 145.1965, -37.6339 ], [ 145.1985, -37.634 ], [ 145.1991, -37.6343 ], [ 145.2004, -37.634 ], [ 145.2003, -37.6326 ], [ 145.201, -37.6321 ], [ 145.2028, -37.6329 ], [ 145.2034, -37.6327 ], [ 145.204, -37.6329 ], [ 145.2046, -37.6323 ], [ 145.2053, -37.6322 ], [ 145.2055, -37.6312 ], [ 145.2061, -37.6311 ], [ 145.2064, -37.6304 ], [ 145.2067, -37.6305 ], [ 145.2074, -37.6298 ], [ 145.208, -37.6301 ], [ 145.2084, -37.6296 ], [ 145.2091, -37.6299 ], [ 145.2099, -37.6298 ], [ 145.2102, -37.6287 ], [ 145.2113, -37.6295 ], [ 145.2119, -37.6295 ], [ 145.2102, -37.6306 ], [ 145.2149, -37.6311 ], [ 145.2153, -37.6291 ], [ 145.2173, -37.6292 ], [ 145.2177, -37.6271 ], [ 145.2261, -37.6285 ], [ 145.2244, -37.6289 ], [ 145.2215, -37.6304 ], [ 145.2198, -37.6302 ], [ 145.2192, -37.6325 ], [ 145.2237, -37.6321 ], [ 145.2255, -37.6316 ], [ 145.2252, -37.6329 ], [ 145.2231, -37.6364 ], [ 145.2219, -37.636 ], [ 145.2199, -37.6369 ], [ 145.2192, -37.6408 ], [ 145.2188, -37.6404 ], [ 145.2176, -37.6403 ], [ 145.2172, -37.6425 ], [ 145.2159, -37.6424 ], [ 145.2157, -37.6435 ], [ 145.2152, -37.6434 ], [ 145.2151, -37.6443 ], [ 145.2158, -37.6453 ], [ 145.2177, -37.645 ], [ 145.2222, -37.6493 ], [ 145.2228, -37.6489 ], [ 145.2273, -37.6495 ], [ 145.2244, -37.6503 ], [ 145.2218, -37.6518 ], [ 145.2215, -37.6534 ], [ 145.2199, -37.6556 ], [ 145.22, -37.6568 ], [ 145.2194, -37.6579 ], [ 145.2144, -37.6573 ], [ 145.2144, -37.6578 ], [ 145.2104, -37.6568 ], [ 145.211, -37.6553 ], [ 145.2073, -37.6545 ], [ 145.2081, -37.6533 ], [ 145.2056, -37.6522 ], [ 145.205, -37.6536 ], [ 145.2056, -37.6539 ], [ 145.205, -37.6553 ], [ 145.2017, -37.6538 ], [ 145.2001, -37.6561 ], [ 145.1987, -37.6554 ], [ 145.1966, -37.6583 ], [ 145.196, -37.6578 ], [ 145.1953, -37.6549 ], [ 145.1957, -37.6548 ], [ 145.1964, -37.6513 ], [ 145.1942, -37.6511 ], [ 145.194, -37.6523 ], [ 145.1917, -37.6521 ], [ 145.191, -37.655 ], [ 145.189, -37.6549 ], [ 145.1872, -37.657 ], [ 145.187, -37.6568 ], [ 145.1878, -37.6548 ], [ 145.1859, -37.6545 ], [ 145.1853, -37.6538 ], [ 145.1857, -37.6534 ], [ 145.1874, -37.6534 ], [ 145.1876, -37.6525 ], [ 145.187, -37.6521 ], [ 145.1755, -37.6509 ], [ 145.1764, -37.646 ], [ 145.1732, -37.6457 ], [ 145.1744, -37.6394 ], [ 145.1704, -37.6389 ], [ 145.1706, -37.638 ], [ 145.1661, -37.6374 ] ] ] } },
{ "type": "Feature", "properties": { "loc_pid": "loc201e214973bd", "suburb": "Ivanhoe", "join_key": "IVANHOE" }, "geometry": { "type": "Polygon", "coordinates": [ [ [ 145.0278, -37.7639 ], [ 145.0281, -37.762 ], [ 145.0288, -37.761 ], [ 145.03, -37.7602 ], [ 145.0292, -37.7588 ], [ 145.0291, -37.7577 ], [ 145.0302, -37.7571 ], [ 145.0305, -37.7575 ], [ 145.0312, -37.7575 ], [ 145.0323, -37.7569 ], [ 145.0322, -37.7563 ], [ 145.0313, -37.7557 ], [ 145.045, -37.7571 ], [ 145.0461, -37.7511 ], [ 145.0564, -37.755 ], [ 145.0536, -37.758 ], [ 145.054, -37.7581 ], [ 145.0538, -37.7585 ], [ 145.0541, -37.7586 ], [ 145.0532, -37.7632 ], [ 145.0538, -37.7638 ], [ 145.0512, -37.7656 ], [ 145.0519, -37.7662 ], [ 145.0516, -37.7677 ], [ 145.0518, -37.769 ], [ 145.0513, -37.7695 ], [ 145.0496, -37.7702 ], [ 145.049, -37.7717 ], [ 145.0492, -37.7733 ], [ 145.0498, -37.774 ], [ 145.0496, -37.7744 ], [ 145.0517, -37.7763 ], [ 145.0521, -37.7759 ], [ 145.0539, -37.7776 ], [ 145.0565, -37.779 ], [ 145.0585, -37.7786 ], [ 145.0593, -37.7779 ], [ 145.0603, -37.7778 ], [ 145.061, -37.7768 ], [ 145.0628, -37.7772 ], [ 145.0637, -37.78 ], [ 145.0632, -37.7815 ], [ 145.062, -37.7811 ], [ 145.0607, -37.7799 ], [ 145.059, -37.7811 ], [ 145.0577, -37.7812 ], [ 145.0556, -37.7825 ], [ 145.0552, -37.7822 ], [ 145.0552, -37.7812 ], [ 145.0547, -37.7811 ], [ 145.0539, -37.782 ], [ 145.0534, -37.7834 ], [ 145.0537, -37.7841 ], [ 145.0557, -37.7839 ], [ 145.0554, -37.7848 ], [ 145.0547, -37.7851 ], [ 145.0524, -37.7841 ], [ 145.0513, -37.7818 ], [ 145.0501, -37.7817 ], [ 145.0494, -37.7811 ], [ 145.0479, -37.7811 ], [ 145.0476, -37.7808 ], [ 145.048, -37.78 ], [ 145.0474, -37.7799 ], [ 145.0466, -37.7807 ], [ 145.0462, -37.7807 ], [ 145.045, -37.78 ], [ 145.0447, -37.7803 ], [ 145.0448, -37.7811 ], [ 145.0437, -37.7802 ], [ 145.0433, -37.7814 ], [ 145.0423, -37.7817 ], [ 145.0402, -37.7842 ], [ 145.0391, -37.7836 ], [ 145.0383, -37.7836 ], [ 145.0378, -37.7824 ], [ 145.037, -37.7823 ], [ 145.0369, -37.7816 ], [ 145.0378, -37.7816 ], [ 145.0381, -37.7813 ], [ 145.0378, -37.7807 ], [ 145.0385, -37.7804 ], [ 145.0387, -37.7794 ], [ 145.038, -37.7792 ], [ 145.0375, -37.7797 ], [ 145.0369, -37.7797 ], [ 145.0363, -37.7789 ], [ 145.0344, -37.779 ], [ 145.0351, -37.7779 ], [ 145.035, -37.7761 ], [ 145.0357, -37.7758 ], [ 145.0359, -37.7749 ], [ 145.0352, -37.7744 ], [ 145.0341, -37.7725 ], [ 145.0344, -37.7723 ], [ 145.0359, -37.7727 ], [ 145.0368, -37.7726 ], [ 145.0371, -37.7712 ], [ 145.0368, -37.7706 ], [ 145.0356, -37.7703 ], [ 145.0325, -37.7707 ], [ 145.0321, -37.7705 ], [ 145.0319, -37.7691 ], [ 145.0314, -37.7687 ], [ 145.0316, -37.7672 ], [ 145.0312, -37.7668 ], [ 145.0308, -37.7651 ], [ 145.0304, -37.7647 ], [ 145.0278, -37.7639 ] ] ] } },
{ "type": "Feature", "properties": { "loc_pid": "locb17fb225139f", "suburb": "Ivanhoe East", "join_key": "IVANHOE EAST" }, "geometry": { "type": "Polygon", "coordinates": [ [ [ 145.049, -37.7717 ], [ 145.0496, -37.7702 ], [ 145.0516, -37.7693 ], [ 145.0519, -37.7683 ], [ 145.0551, -37.7687 ], [ 145.0554, -37.769 ], [ 145.0614, -37.7697 ], [ 145.0634, -37.7703 ], [ 145.0645, -37.7697 ], [ 145.0651, -37.77 ], [ 145.066, -37.7693 ], [ 145.0663, -37.7683 ], [ 145.0669, -37.7684 ], [ 145.0672, -37.7673 ], [ 145.0667, -37.7669 ], [ 145.0668, -37.7665 ], [ 145.0675, -37.7666 ], [ 145.0674, -37.767 ], [ 145.068, -37.767 ], [ 145.0681, -37.7667 ], [ 145.0673, -37.7664 ], [ 145.0684, -37.7665 ], [ 145.0691, -37.7657 ], [ 145.071, -37.7653 ], [ 145.0717, -37.7654 ], [ 145.0715, -37.7664 ], [ 145.0721, -37.7667 ], [ 145.0715, -37.7671 ], [ 145.072, -37.7692 ], [ 145.0755, -37.7707 ], [ 145.0755, -37.7721 ], [ 145.0767, -37.7734 ], [ 145.0766, -37.7737 ], [ 145.0757, -37.7739 ], [ 145.0737, -37.7722 ], [ 145.0724, -37.7721 ], [ 145.0713, -37.7711 ], [ 145.0709, -37.7711 ], [ 145.0695, -37.7721 ], [ 145.0689, -37.773 ], [ 145.0689, -37.7741 ], [ 145.0695, -37.7747 ], [ 145.068, -37.7771 ], [ 145.0674, -37.7792 ], [ 145.0676, -37.7801 ], [ 145.0668, -37.7814 ], [ 145.0668, -37.7817 ], [ 145.0676, -37.7822 ], [ 145.0678, -37.7829 ], [ 145.0672, -37.7836 ], [ 145.0662, -37.7837 ], [ 145.0641, -37.7828 ], [ 145.0645, -37.7816 ], [ 145.0632, -37.7815 ], [ 145.0637, -37.78 ], [ 145.0628, -37.7772 ], [ 145.061, -37.7768 ], [ 145.0603, -37.7778 ], [ 145.0593, -37.7779 ], [ 145.0585, -37.7786 ], [ 145.0565, -37.779 ], [ 145.0539, -37.7776 ], [ 145.0521, -37.7759 ], [ 145.0517, -37.7763 ], [ 145.0497, -37.7745 ], [ 145.049, -37.7717 ] ] ] } },
{ "type": "Feature", "properties": { "loc_pid": "locf07f0a553979", "suburb": "Jacana", "join_key": "JACANA" }, "geometry": { "type": "Polygon", "coordinates": [ [ [ 144.9026, -37.6821 ], [ 144.9028, -37.6816 ], [ 144.9033, -37.6815 ], [ 144.9033, -37.681 ], [ 144.9111, -37.682 ], [ 144.9129, -37.6829 ], [ 144.9143, -37.6842 ], [ 144.9174, -37.6849 ], [ 144.9155, -37.6911 ], [ 144.9153, -37.6944 ], [ 144.9128, -37.694 ], [ 144.907, -37.6938 ], [ 144.9073, -37.6926 ], [ 144.9064, -37.6922 ], [ 144.9062, -37.6908 ], [ 144.9048, -37.6897 ], [ 144.9051, -37.6869 ], [ 144.9042, -37.6859 ], [ 144.904, -37.6849 ], [ 144.9032, -37.6839 ], [ 144.9031, -37.6827 ], [ 144.9026, -37.6821 ] ] ] } },
{ "type": "Feature", "properties": { "loc_pid": "loc1a22f173d7f3", "suburb": "Junction Village", "join_key": "JUNCTION VILLAGE" }, "geometry": { "type": "Polygon", "coordinates": [ [ [ 145.2841, -38.1403 ], [ 145.2862, -38.1285 ], [ 145.2912, -38.1292 ], [ 145.2999, -38.1362 ], [ 145.2969, -38.1385 ], [ 145.2968, -38.139 ], [ 145.2974, -38.1391 ], [ 145.3, -38.141 ], [ 145.2997, -38.1425 ], [ 145.2934, -38.1418 ], [ 145.2935, -38.1414 ], [ 145.2841, -38.1403 ] ] ] } },
{ "type": "Feature", "properties": { "loc_pid": "loce511a62cea4b", "suburb": "Kalkallo", "join_key": "KALKALLO" }, "geometry": { "type": "Polygon", "coordinates": [ [ [ 144.9454, -37.5401 ], [ 144.95, -37.5113 ], [ 144.9772, -37.5137 ], [ 144.9771, -37.5142 ], [ 144.9758, -37.5141 ], [ 144.976, -37.5151 ], [ 144.9744, -37.516 ], [ 144.9748, -37.5165 ], [ 144.9748, -37.5174 ], [ 144.9756, -37.5179 ], [ 144.9751, -37.5191 ], [ 144.9762, -37.5199 ], [ 144.9751, -37.5206 ], [ 144.9757, -37.5216 ], [ 144.9751, -37.5228 ], [ 144.9745, -37.5232 ], [ 144.9744, -37.5238 ], [ 144.9739, -37.524 ], [ 144.9743, -37.5255 ], [ 144.9728, -37.5257 ], [ 144.9728, -37.5261 ], [ 144.9748, -37.5266 ], [ 144.9761, -37.5274 ], [ 144.9759, -37.5282 ], [ 144.9768, -37.5289 ], [ 144.9764, -37.5292 ], [ 144.9762, -37.5302 ], [ 144.9747, -37.5304 ], [ 144.9734, -37.5317 ], [ 144.9731, -37.5332 ], [ 144.9723, -37.5339 ], [ 144.9727, -37.5343 ], [ 144.9725, -37.5354 ], [ 144.9699, -37.5346 ], [ 144.9687, -37.5347 ], [ 144.9666, -37.5361 ], [ 144.9659, -37.5371 ], [ 144.9646, -37.5374 ], [ 144.9637, -37.5393 ], [ 144.9632, -37.5397 ], [ 144.9627, -37.5399 ], [ 144.962, -37.5394 ], [ 144.9603, -37.5394 ], [ 144.9601, -37.5397 ], [ 144.9605, -37.5407 ], [ 144.96, -37.5417 ], [ 144.9454, -37.5401 ] ] ] } },
{ "type": "Feature", "properties": { "loc_pid": "loc13e364e33a8a", "suburb": "Kangaroo Ground", "join_key": "KANGAROO GROUND" }, "geometry": { "type": "Polygon", "coordinates": [ [ [ 145.1917, -37.6896 ], [ 145.192, -37.6889 ], [ 145.194, -37.6868 ], [ 145.1953, -37.6858 ], [ 145.1964, -37.6859 ], [ 145.1996, -37.6822 ], [ 145.1984, -37.6825 ], [ 145.1999, -37.6761 ], [ 145.2023, -37.6763 ], [ 145.2025, -37.6754 ], [ 145.2002, -37.675 ], [ 145.2004, -37.6739 ], [ 145.1988, -37.674 ], [ 145.1983, -37.6734 ], [ 145.2, -37.6667 ], [ 145.2033, -37.667 ], [ 145.2034, -37.6665 ], [ 145.2013, -37.6648 ], [ 145.2009, -37.6649 ], [ 145.2013, -37.6632 ], [ 145.2025, -37.6638 ], [ 145.2043, -37.6639 ], [ 145.2053, -37.6612 ], [ 145.2084, -37.662 ], [ 145.2104, -37.6568 ], [ 145.2144, -37.6578 ], [ 145.2144, -37.6573 ], [ 145.2201, -37.658 ], [ 145.2199, -37.6595 ], [ 145.2202, -37.6596 ], [ 145.2197, -37.6626 ], [ 145.2203, -37.6627 ], [ 145.22, -37.6666 ], [ 145.224, -37.6672 ], [ 145.2247, -37.6653 ], [ 145.2249, -37.6635 ], [ 145.2296, -37.664 ], [ 145.2299, -37.6623 ], [ 145.2304, -37.6623 ], [ 145.2306, -37.6619 ], [ 145.2326, -37.6621 ], [ 145.2323, -37.6649 ], [ 145.2341, -37.6652 ], [ 145.2365, -37.6654 ], [ 145.2378, -37.6641 ], [ 145.2433, -37.6626 ], [ 145.2452, -37.6631 ], [ 145.2468, -37.6644 ], [ 145.2514, -37.6649 ], [ 145.2508, -37.6685 ], [ 145.249, -37.6683 ], [ 145.2485, -37.6711 ], [ 145.2512, -37.67 ], [ 145.2517, -37.6703 ], [ 145.2515, -37.671 ], [ 145.2527, -37.6711 ], [ 145.2529, -37.6703 ], [ 145.2549, -37.6703 ], [ 145.2556, -37.6721 ], [ 145.2575, -37.6724 ], [ 145.2576, -37.6731 ], [ 145.2586, -37.6741 ], [ 145.262, -37.6758 ], [ 145.262, -37.6754 ], [ 145.2624, -37.6759 ], [ 145.2633, -37.6761 ], [ 145.2637, -37.6775 ], [ 145.2654, -37.6783 ], [ 145.2649, -37.6794 ], [ 145.2657, -37.6809 ], [ 145.2647, -37.6838 ], [ 145.2651, -37.6843 ], [ 145.2661, -37.6843 ], [ 145.2659, -37.6855 ], [ 145.2663, -37.686 ], [ 145.2665, -37.6858 ], [ 145.2667, -37.6863 ], [ 145.2709, -37.6868 ], [ 145.2696, -37.6832 ], [ 145.2701, -37.6829 ], [ 145.2733, -37.6855 ], [ 145.2753, -37.6832 ], [ 145.276, -37.6833 ], [ 145.275, -37.6894 ], [ 145.2727, -37.6891 ], [ 145.2723, -37.6917 ], [ 145.272, -37.6918 ], [ 145.2715, -37.6914 ], [ 145.2715, -37.6903 ], [ 145.2696, -37.6896 ], [ 145.2663, -37.691 ], [ 145.2659, -37.6919 ], [ 145.2666, -37.6922 ], [ 145.2655, -37.6932 ], [ 145.2658, -37.694 ], [ 145.267, -37.6939 ], [ 145.267, -37.6944 ], [ 145.2676, -37.6945 ], [ 145.2674, -37.6948 ], [ 145.2681, -37.695 ], [ 145.2679, -37.6955 ], [ 145.267, -37.6955 ], [ 145.267, -37.696 ], [ 145.2683, -37.6971 ], [ 145.2688, -37.6965 ], [ 145.2692, -37.6965 ], [ 145.2693, -37.6968 ], [ 145.2686, -37.6977 ], [ 145.2671, -37.6977 ], [ 145.2671, -37.6982 ], [ 145.2685, -37.6983 ], [ 145.2688, -37.6988 ], [ 145.2679, -37.6994 ], [ 145.2664, -37.6997 ], [ 145.2657, -37.7004 ], [ 145.2655, -37.7014 ], [ 145.2646, -37.702 ], [ 145.2644, -37.7028 ], [ 145.2634, -37.7031 ], [ 145.2655, -37.7038 ], [ 145.2674, -37.7037 ], [ 145.2672, -37.7048 ], [ 145.2678, -37.7057 ], [ 145.2693, -37.705 ], [ 145.2702, -37.7052 ], [ 145.2704, -37.7057 ], [ 145.2687, -37.7072 ], [ 145.2662, -37.7083 ], [ 145.2652, -37.7084 ], [ 145.2642, -37.7073 ], [ 145.2633, -37.708 ], [ 145.2606, -37.7081 ], [ 145.2594, -37.7094 ], [ 145.2579, -37.7101 ], [ 145.2549, -37.71 ], [ 145.2547, -37.7109 ], [ 145.2565, -37.7123 ], [ 145.2563, -37.7137 ], [ 145.256, -37.7143 ], [ 145.255, -37.715 ], [ 145.2544, -37.7165 ], [ 145.2531, -37.7175 ], [ 145.2498, -37.7183 ], [ 145.2495, -37.7199 ], [ 145.2484, -37.7208 ], [ 145.2468, -37.7207 ], [ 145.2444, -37.7196 ], [ 145.2436, -37.7189 ], [ 145.2432, -37.719 ], [ 145.2428, -37.7199 ], [ 145.2437, -37.7235 ], [ 145.2427, -37.7253 ], [ 145.2422, -37.7255 ], [ 145.2416, -37.7255 ], [ 145.2409, -37.725 ], [ 145.2377, -37.7207 ], [ 145.2365, -37.7199 ], [ 145.2364, -37.7188 ], [ 145.236, -37.7184 ], [ 145.2366, -37.7148 ], [ 145.2384, -37.7151 ], [ 145.2387, -37.7136 ], [ 145.2315, -37.7129 ], [ 145.2304, -37.7125 ], [ 145.2302, -37.7139 ], [ 145.2287, -37.7138 ], [ 145.2255, -37.7158 ], [ 145.2249, -37.7149 ], [ 145.2228, -37.7136 ], [ 145.2226, -37.7138 ], [ 145.2117, -37.7122 ], [ 145.2124, -37.7082 ], [ 145.2114, -37.707 ], [ 145.2097, -37.7066 ], [ 145.2086, -37.7069 ], [ 145.2075, -37.706 ], [ 145.1946, -37.7037 ], [ 145.1947, -37.7032 ], [ 145.1979, -37.7027 ], [ 145.1973, -37.7017 ], [ 145.1955, -37.7005 ], [ 145.1975, -37.7008 ], [ 145.199, -37.6926 ], [ 145.1987, -37.6922 ], [ 145.1967, -37.6922 ], [ 145.1958, -37.6932 ], [ 145.1952, -37.692 ], [ 145.1965, -37.6906 ], [ 145.1949, -37.691 ], [ 145.1917, -37.6896 ] ] ] } },
{ "type": "Feature", "properties": { "loc_pid": "locda8805a3e9bb", "suburb": "Kealba", "join_key": "KEALBA" }, "geometry": { "type": "Polygon", "coordinates": [ [ [ 144.8153, -37.7297 ], [ 144.8248, -37.726 ], [ 144.825, -37.7265 ], [ 144.8279, -37.728 ], [ 144.8285, -37.7279 ], [ 144.8286, -37.7276 ], [ 144.8295, -37.7277 ], [ 144.8293, -37.7285 ], [ 144.8282, -37.7283 ], [ 144.8281, -37.7287 ], [ 144.8295, -37.7292 ], [ 144.8296, -37.7288 ], [ 144.8303, -37.7285 ], [ 144.8295, -37.731 ], [ 144.8296, -37.7316 ], [ 144.8286, -37.7325 ], [ 144.83, -37.7344 ], [ 144.8314, -37.7348 ], [ 144.8336, -37.7349 ], [ 144.8365, -37.7343 ], [ 144.8374, -37.7351 ], [ 144.8372, -37.7367 ], [ 144.8349, -37.7385 ], [ 144.8339, -37.7387 ], [ 144.8331, -37.7396 ], [ 144.833, -37.7411 ], [ 144.8338, -37.7416 ], [ 144.8358, -37.7416 ], [ 144.8371, -37.7413 ], [ 144.8387, -37.7431 ], [ 144.8389, -37.7458 ], [ 144.8392, -37.7462 ], [ 144.8361, -37.7479 ], [ 144.8327, -37.7503 ], [ 144.8153, -37.7297 ] ] ] } },
{ "type": "Feature", "properties": { "loc_pid": "loc129f19b99706", "suburb": "Keilor", "join_key": "KEILOR" }, "geometry": { "type": "Polygon", "coordinates": [ [ [ 144.8016, -37.7041 ], [ 144.8019, -37.7019 ], [ 144.8044, -37.7023 ], [ 144.8105, -37.7012 ], [ 144.8074, -37.699 ], [ 144.8119, -37.6992 ], [ 144.8102, -37.6985 ], [ 144.8095, -37.6976 ], [ 144.8105, -37.696 ], [ 144.8123, -37.6951 ], [ 144.815, -37.6944 ], [ 144.8155, -37.6937 ], [ 144.8206, -37.6924 ], [ 144.8209, -37.6907 ], [ 144.8188, -37.6874 ], [ 144.819, -37.6867 ], [ 144.8201, -37.6857 ], [ 144.8205, -37.6843 ], [ 144.8266, -37.6849 ], [ 144.8262, -37.6875 ], [ 144.8351, -37.6885 ], [ 144.8346, -37.6918 ], [ 144.838, -37.6922 ], [ 144.8377, -37.694 ], [ 144.8404, -37.696 ], [ 144.84, -37.6985 ], [ 144.8384, -37.6994 ], [ 144.8381, -37.7 ], [ 144.8387, -37.701 ], [ 144.8394, -37.7011 ], [ 144.8396, -37.7002 ], [ 144.8403, -37.7004 ], [ 144.8415, -37.7001 ], [ 144.8424, -37.6993 ], [ 144.8447, -37.7004 ], [ 144.8432, -37.7018 ], [ 144.8421, -37.7041 ], [ 144.8417, -37.7088 ], [ 144.8426, -37.7098 ], [ 144.838, -37.7093 ], [ 144.8388, -37.7107 ], [ 144.8401, -37.7112 ], [ 144.8401, -37.7119 ], [ 144.8404, -37.7122 ], [ 144.8413, -37.7123 ], [ 144.8416, -37.7131 ], [ 144.8408, -37.7142 ], [ 144.8389, -37.7154 ], [ 144.838, -37.7156 ], [ 144.8377, -37.7166 ], [ 144.8383, -37.7172 ], [ 144.8398, -37.7179 ], [ 144.8408, -37.7178 ], [ 144.8415, -37.717 ], [ 144.842, -37.717 ], [ 144.8423, -37.7174 ], [ 144.8417, -37.7199 ], [ 144.8397, -37.721 ], [ 144.8401, -37.7219 ], [ 144.84, -37.7226 ], [ 144.8407, -37.7234 ], [ 144.84, -37.7243 ], [ 144.8387, -37.7247 ], [ 144.8383, -37.7266 ], [ 144.8408, -37.7275 ], [ 144.8433, -37.7275 ], [ 144.8441, -37.7269 ], [ 144.8451, -37.7269 ], [ 144.8468, -37.7277 ], [ 144.8478, -37.7289 ], [ 144.8482, -37.7323 ], [ 144.8478, -37.7334 ], [ 144.8469, -37.7338 ], [ 144.8457, -37.7338 ], [ 144.843, -37.7328 ], [ 144.8423, -37.7312 ], [ 144.842, -37.7289 ], [ 144.8366, -37.7278 ], [ 144.836, -37.7269 ], [ 144.8349, -37.7261 ], [ 144.8336, -37.7255 ], [ 144.8323, -37.7254 ], [ 144.8313, -37.7247 ], [ 144.8305, -37.7252 ], [ 144.8302, -37.7285 ], [ 144.8296, -37.7288 ], [ 144.8295, -37.7292 ], [ 144.8284, -37.7289 ], [ 144.8281, -37.7284 ], [ 144.8293, -37.7285 ], [ 144.8295, -37.7277 ], [ 144.8286, -37.7276 ], [ 144.8285, -37.7279 ], [ 144.8279, -37.728 ], [ 144.825, -37.7265 ], [ 144.8243, -37.7254 ], [ 144.8229, -37.7248 ], [ 144.822, -37.7238 ], [ 144.8213, -37.7235 ], [ 144.8204, -37.7221 ], [ 144.8189, -37.721 ], [ 144.8195, -37.7199 ], [ 144.8196, -37.7187 ], [ 144.82, -37.7185 ], [ 144.8196, -37.7177 ], [ 144.8199, -37.7162 ], [ 144.8194, -37.7156 ], [ 144.819, -37.7157 ], [ 144.8187, -37.7163 ], [ 144.8183, -37.7163 ], [ 144.8179, -37.7156 ], [ 144.8187, -37.7151 ], [ 144.8123, -37.7143 ], [ 144.8107, -37.7132 ], [ 144.8104, -37.7117 ], [ 144.8116, -37.7087 ], [ 144.8106, -37.708 ], [ 144.81, -37.7068 ], [ 144.8084, -37.706 ], [ 144.8076, -37.7047 ], [ 144.8064, -37.7039 ], [ 144.8046, -37.7038 ], [ 144.802, -37.7042 ], [ 144.8016, -37.7041 ] ] ] } },
{ "type": "Feature", "properties": { "loc_pid": "loc133dbb57fdfa", "suburb": "Keilor Downs", "join_key": "KEILOR DOWNS" }, "geometry": { "type": "Polygon", "coordinates": [ [ [ 144.7821, -37.7112 ], [ 144.7913, -37.7123 ], [ 144.8038, -37.7133 ], [ 144.8187, -37.7151 ], [ 144.8179, -37.7158 ], [ 144.8183, -37.7163 ], [ 144.8187, -37.7163 ], [ 144.8191, -37.7156 ], [ 144.8198, -37.716 ], [ 144.8196, -37.7177 ], [ 144.82, -37.7182 ], [ 144.8189, -37.721 ], [ 144.8204, -37.7221 ], [ 144.8213, -37.7235 ], [ 144.822, -37.7238 ], [ 144.8229, -37.7248 ], [ 144.8243, -37.7254 ], [ 144.8248, -37.726 ], [ 144.8153, -37.7297 ], [ 144.8018, -37.7282 ], [ 144.7933, -37.728 ], [ 144.7922, -37.7249 ], [ 144.7908, -37.7223 ], [ 144.7821, -37.7112 ] ] ] } },
{ "type": "Feature", "properties": { "loc_pid": "loc4f357d27d902", "suburb": "Keilor East", "join_key": "KEILOR EAST" }, "geometry": { "type": "Polygon", "coordinates": [ [ [ 144.8286, -37.7326 ], [ 144.8296, -37.7316 ], [ 144.8298, -37.7299 ], [ 144.8303, -37.7292 ], [ 144.8301, -37.7283 ], [ 144.8305, -37.7252 ], [ 144.8313, -37.7247 ], [ 144.8323, -37.7254 ], [ 144.8336, -37.7255 ], [ 144.8349, -37.7261 ], [ 144.836, -37.7269 ], [ 144.8366, -37.7278 ], [ 144.842, -37.7289 ], [ 144.8423, -37.7312 ], [ 144.843, -37.7328 ], [ 144.8457, -37.7338 ], [ 144.8469, -37.7338 ], [ 144.8479, -37.7333 ], [ 144.8482, -37.7323 ], [ 144.8478, -37.7289 ], [ 144.8468, -37.7277 ], [ 144.8451, -37.7269 ], [ 144.8441, -37.7269 ], [ 144.8433, -37.7275 ], [ 144.8408, -37.7275 ], [ 144.8383, -37.7266 ], [ 144.8387, -37.7247 ], [ 144.84, -37.7243 ], [ 144.8407, -37.7234 ], [ 144.84, -37.7226 ], [ 144.8401, -37.7219 ], [ 144.8397, -37.7213 ], [ 144.8397, -37.721 ], [ 144.8404, -37.7206 ], [ 144.842, -37.7224 ], [ 144.844, -37.7239 ], [ 144.8457, -37.7249 ], [ 144.8492, -37.7263 ], [ 144.8549, -37.7265 ], [ 144.8724, -37.73 ], [ 144.8724, -37.7308 ], [ 144.8728, -37.7312 ], [ 144.8744, -37.7315 ], [ 144.8743, -37.7323 ], [ 144.8735, -37.7322 ], [ 144.8736, -37.7335 ], [ 144.8743, -37.7347 ], [ 144.8758, -37.7347 ], [ 144.8765, -37.7353 ], [ 144.8763, -37.7369 ], [ 144.8801, -37.7381 ], [ 144.881, -37.7396 ], [ 144.8824, -37.7434 ], [ 144.8818, -37.7452 ], [ 144.8806, -37.7463 ], [ 144.8804, -37.7473 ], [ 144.8813, -37.7473 ], [ 144.8815, -37.748 ], [ 144.8797, -37.7528 ], [ 144.8578, -37.7504 ], [ 144.8559, -37.7504 ], [ 144.8559, -37.7507 ], [ 144.8477, -37.7498 ], [ 144.8467, -37.7479 ], [ 144.8452, -37.747 ], [ 144.8452, -37.7466 ], [ 144.8447, -37.7465 ], [ 144.8415, -37.7474 ], [ 144.8397, -37.7473 ], [ 144.8389, -37.7458 ], [ 144.8387, -37.7431 ], [ 144.8371, -37.7413 ], [ 144.8358, -37.7416 ], [ 144.8338, -37.7416 ], [ 144.833, -37.7411 ], [ 144.8331, -37.7396 ], [ 144.8339, -37.7387 ], [ 144.8349, -37.7385 ], [ 144.8372, -37.7367 ], [ 144.8374, -37.7351 ], [ 144.8365, -37.7343 ], [ 144.8336, -37.7349 ], [ 144.8308, -37.7347 ], [ 144.83, -37.7344 ], [ 144.8286, -37.7326 ] ] ] } },
{ "type": "Feature", "properties": { "loc_pid": "loc59a00d8fcb2e", "suburb": "Keilor Lodge", "join_key": "KEILOR LODGE" }, "geometry": { "type": "Polygon", "coordinates": [ [ [ 144.7909, -37.6995 ], [ 144.7911, -37.6986 ], [ 144.7929, -37.6977 ], [ 144.7976, -37.6929 ], [ 144.8105, -37.7012 ], [ 144.8044, -37.7023 ], [ 144.7909, -37.6995 ] ] ] } },
{ "type": "Feature", "properties": { "loc_pid": "loc5e1166b18e85", "suburb": "Keilor Park", "join_key": "KEILOR PARK" }, "geometry": { "type": "Polygon", "coordinates": [ [ [ 144.8377, -37.7162 ], [ 144.838, -37.7156 ], [ 144.8389, -37.7154 ], [ 144.8408, -37.7142 ], [ 144.8416, -37.7131 ], [ 144.8413, -37.7123 ], [ 144.8404, -37.7122 ], [ 144.8401, -37.7119 ], [ 144.8401, -37.7112 ], [ 144.8388, -37.7107 ], [ 144.838, -37.7093 ], [ 144.8475, -37.7104 ], [ 144.8474, -37.7111 ], [ 144.848, -37.7112 ], [ 144.8594, -37.7124 ], [ 144.8589, -37.715 ], [ 144.8596, -37.7155 ], [ 144.8592, -37.7164 ], [ 144.8607, -37.7171 ], [ 144.8603, -37.7175 ], [ 144.8603, -37.7189 ], [ 144.8609, -37.7189 ], [ 144.8618, -37.72 ], [ 144.8627, -37.7202 ], [ 144.8626, -37.7206 ], [ 144.8638, -37.7215 ], [ 144.8643, -37.7225 ], [ 144.8648, -37.7228 ], [ 144.8654, -37.7226 ], [ 144.8656, -37.7229 ], [ 144.8663, -37.7223 ], [ 144.8663, -37.7228 ], [ 144.8671, -37.723 ], [ 144.8679, -37.7239 ], [ 144.8638, -37.7283 ], [ 144.8549, -37.7265 ], [ 144.8492, -37.7263 ], [ 144.8457, -37.7249 ], [ 144.844, -37.7239 ], [ 144.8407, -37.721 ], [ 144.8404, -37.7206 ], [ 144.8416, -37.72 ], [ 144.842, -37.7192 ], [ 144.8419, -37.7183 ], [ 144.8423, -37.718 ], [ 144.8423, -37.7174 ], [ 144.842, -37.717 ], [ 144.8415, -37.717 ], [ 144.8408, -37.7178 ], [ 144.8398, -37.7179 ], [ 144.8383, -37.7172 ], [ 144.8377, -37.7162 ] ] ] } },
{ "type": "Feature", "properties": { "loc_pid": "loceea4a7d012b2", "suburb": "Kensington", "join_key": "KENSINGTON" }, "geometry": { "type": "Polygon", "coordinates": [ [ [ 144.9129, -37.7952 ], [ 144.9228, -37.7892 ], [ 144.9213, -37.7875 ], [ 144.9215, -37.7874 ], [ 144.9378, -37.7889 ], [ 144.9364, -37.791 ], [ 144.9356, -37.7954 ], [ 144.9362, -37.7985 ], [ 144.936, -37.8005 ], [ 144.9364, -37.8013 ], [ 144.936, -37.8024 ], [ 144.9338, -37.8013 ], [ 144.9309, -37.8004 ], [ 144.9165, -37.7983 ], [ 144.9163, -37.7975 ], [ 144.9155, -37.7966 ], [ 144.9129, -37.7952 ] ] ] } },
{ "type": "Feature", "properties": { "loc_pid": "loc00a9769647d7", "suburb": "Kew", "join_key": "KEW" }, "geometry": { "type": "Polygon", "coordinates": [ [ [ 144.9992, -37.7974 ], [ 144.9993, -37.7969 ], [ 145.0015, -37.7971 ], [ 145.0025, -37.7959 ], [ 145.0031, -37.7957 ], [ 145.004, -37.7961 ], [ 145.0042, -37.7978 ], [ 145.0046, -37.7981 ], [ 145.0051, -37.7981 ], [ 145.0078, -37.7964 ], [ 145.0085, -37.7962 ], [ 145.0095, -37.7964 ], [ 145.0097, -37.7968 ], [ 145.0094, -37.7972 ], [ 145.007, -37.7984 ], [ 145.0065, -37.7991 ], [ 145.0064, -37.8 ], [ 145.0068, -37.8008 ], [ 145.0075, -37.8009 ], [ 145.0095, -37.8001 ], [ 145.011, -37.799 ], [ 145.0125, -37.7991 ], [ 145.0134, -37.7993 ], [ 145.0149, -37.8002 ], [ 145.0154, -37.8023 ], [ 145.0158, -37.8026 ], [ 145.0177, -37.8034 ], [ 145.0197, -37.8036 ], [ 145.021, -37.803 ], [ 145.0211, -37.8026 ], [ 145.0187, -37.8006 ], [ 145.0185, -37.8001 ], [ 145.0207, -37.7991 ], [ 145.021, -37.7984 ], [ 145.0175, -37.7972 ], [ 145.0174, -37.7966 ], [ 145.018, -37.7959 ], [ 145.0177, -37.7954 ], [ 145.0159, -37.795 ], [ 145.0139, -37.7938 ], [ 145.0139, -37.7923 ], [ 145.0142, -37.7921 ], [ 145.0189, -37.7929 ], [ 145.0196, -37.7927 ], [ 145.0196, -37.7922 ], [ 145.0167, -37.7889 ], [ 145.0131, -37.7861 ], [ 145.0131, -37.7857 ], [ 145.0147, -37.7856 ], [ 145.0168, -37.7859 ], [ 145.0206, -37.7869 ], [ 145.0216, -37.7869 ], [ 145.0223, -37.7865 ], [ 145.0245, -37.7865 ], [ 145.0265, -37.787 ], [ 145.028, -37.7868 ], [ 145.0287, -37.7872 ], [ 145.0297, -37.7887 ], [ 145.032, -37.79 ], [ 145.0356, -37.7897 ], [ 145.0403, -37.7898 ], [ 145.0404, -37.7902 ], [ 145.0421, -37.7911 ], [ 145.0402, -37.7915 ], [ 145.0395, -37.7922 ], [ 145.0398, -37.7926 ], [ 145.0372, -37.795 ], [ 145.0412, -37.7963 ], [ 145.0411, -37.7968 ], [ 145.0463, -37.7984 ], [ 145.0459, -37.8003 ], [ 145.0464, -37.8006 ], [ 145.0463, -37.8012 ], [ 145.0506, -37.7993 ], [ 145.0625, -37.8008 ], [ 145.0594, -37.8174 ], [ 145.0154, -37.8121 ], [ 145.0158, -37.811 ], [ 145.0156, -37.8105 ], [ 145.0094, -37.8105 ], [ 145.0091, -37.8102 ], [ 145.009, -37.808 ], [ 145.0084, -37.8075 ], [ 145.0075, -37.8072 ], [ 145.0007, -37.8072 ], [ 144.9997, -37.8063 ], [ 144.9993, -37.805 ], [ 145.0001, -37.8042 ], [ 145.0012, -37.8041 ], [ 145.0042, -37.8053 ], [ 145.005, -37.8053 ], [ 145.0075, -37.8042 ], [ 145.0077, -37.8034 ], [ 145.0026, -37.7996 ], [ 144.9999, -37.7983 ], [ 144.9992, -37.7974 ] ] ] } },
{ "type": "Feature", "properties": { "loc_pid": "loc39ed15931919", "suburb": "Kew East", "join_key": "KEW EAST" }, "geometry": { "type": "Polygon", "coordinates": [ [ [ 145.0372, -37.795 ], [ 145.0398, -37.7926 ], [ 145.0395, -37.7922 ], [ 145.0402, -37.7915 ], [ 145.0421, -37.7911 ], [ 145.0404, -37.7902 ], [ 145.0403, -37.7898 ], [ 145.0414, -37.7892 ], [ 145.0417, -37.7883 ], [ 145.0416, -37.7876 ], [ 145.041, -37.7869 ], [ 145.0413, -37.786 ], [ 145.0419, -37.786 ], [ 145.0425, -37.7869 ], [ 145.0431, -37.787 ], [ 145.0453, -37.7843 ], [ 145.0448, -37.7839 ], [ 145.041, -37.7855 ], [ 145.0404, -37.7854 ], [ 145.04, -37.7848 ], [ 145.0402, -37.7841 ], [ 145.0423, -37.7817 ], [ 145.0433, -37.7814 ], [ 145.0437, -37.7802 ], [ 145.0448, -37.7811 ], [ 145.0447, -37.7803 ], [ 145.045, -37.78 ], [ 145.0466, -37.7807 ], [ 145.0474, -37.7799 ], [ 145.0478, -37.7799 ], [ 145.048, -37.7802 ], [ 145.0476, -37.7808 ], [ 145.0479, -37.7811 ], [ 145.0494, -37.7811 ], [ 145.0501, -37.7817 ], [ 145.0513, -37.7818 ], [ 145.0524, -37.7841 ], [ 145.0547, -37.7851 ], [ 145.0554, -37.7848 ], [ 145.0557, -37.7839 ], [ 145.0537, -37.7841 ], [ 145.0534, -37.7834 ], [ 145.0539, -37.782 ], [ 145.0547, -37.7811 ], [ 145.0552, -37.7812 ], [ 145.0552, -37.7822 ], [ 145.0556, -37.7825 ], [ 145.0577, -37.7812 ], [ 145.059, -37.7811 ], [ 145.0607, -37.7799 ], [ 145.062, -37.7811 ], [ 145.0633, -37.7815 ], [ 145.0627, -37.7838 ], [ 145.0631, -37.7849 ], [ 145.0647, -37.7866 ], [ 145.065, -37.7879 ], [ 145.0625, -37.8008 ], [ 145.0506, -37.7993 ], [ 145.0463, -37.8012 ], [ 145.0464, -37.8006 ], [ 145.0459, -37.8003 ], [ 145.0463, -37.7984 ], [ 145.0411, -37.7968 ], [ 145.0412, -37.7963 ], [ 145.0372, -37.795 ] ] ] } },
{ "type": "Feature", "properties": { "loc_pid": "loc7767bba5f04d", "suburb": "Keysborough", "join_key": "KEYSBOROUGH" }, "geometry": { "type": "Polygon", "coordinates": [ [ [ 145.1373, -38.0213 ], [ 145.1393, -38.0188 ], [ 145.1462, -37.9821 ], [ 145.1477, -37.9823 ], [ 145.148, -37.9828 ], [ 145.1555, -37.9836 ], [ 145.156, -37.9809 ], [ 145.1554, -37.9809 ], [ 145.1556, -37.9804 ], [ 145.1575, -37.9805 ], [ 145.1577, -37.9811 ], [ 145.1595, -37.9813 ], [ 145.1597, -37.9808 ], [ 145.1611, -37.981 ], [ 145.161, -37.9815 ], [ 145.1618, -37.9816 ], [ 145.1623, -37.9811 ], [ 145.1648, -37.9811 ], [ 145.165, -37.9799 ], [ 145.1663, -37.9803 ], [ 145.1664, -37.98 ], [ 145.1671, -37.9802 ], [ 145.1673, -37.9809 ], [ 145.1689, -37.9824 ], [ 145.1685, -37.9826 ], [ 145.1687, -37.983 ], [ 145.1691, -37.9828 ], [ 145.1695, -37.9832 ], [ 145.1705, -37.9834 ], [ 145.1743, -37.9838 ], [ 145.1742, -37.9842 ], [ 145.1745, -37.9843 ], [ 145.1752, -37.9841 ], [ 145.1761, -37.9843 ], [ 145.1763, -37.9832 ], [ 145.1767, -37.9832 ], [ 145.1777, -37.9836 ], [ 145.1785, -37.9835 ], [ 145.1784, -37.9839 ], [ 145.1795, -37.984 ], [ 145.1801, -37.9837 ], [ 145.1823, -37.984 ], [ 145.1822, -37.9844 ], [ 145.183, -37.9844 ], [ 145.183, -37.984 ], [ 145.1834, -37.9841 ], [ 145.1836, -37.9831 ], [ 145.1841, -37.9831 ], [ 145.1841, -37.9828 ], [ 145.1835, -37.9827 ], [ 145.1838, -37.9817 ], [ 145.1853, -37.9819 ], [ 145.1853, -37.9822 ], [ 145.1857, -37.9823 ], [ 145.1858, -37.9819 ], [ 145.1863, -37.9819 ], [ 145.1906, -37.9824 ], [ 145.1907, -37.9816 ], [ 145.1916, -37.9817 ], [ 145.1918, -37.9802 ], [ 145.1921, -37.9804 ], [ 145.1926, -37.983 ], [ 145.1941, -37.9832 ], [ 145.1937, -37.9849 ], [ 145.1946, -37.9859 ], [ 145.1942, -37.9866 ], [ 145.1934, -37.9869 ], [ 145.1938, -37.9881 ], [ 145.1924, -37.9893 ], [ 145.1926, -37.9909 ], [ 145.1921, -37.9948 ], [ 145.1926, -37.9959 ], [ 145.1947, -37.9984 ], [ 145.192, -38.0044 ], [ 145.1905, -38.0116 ], [ 145.1873, -38.022 ], [ 145.1866, -38.0234 ], [ 145.1845, -38.0307 ], [ 145.1835, -38.0318 ], [ 145.1821, -38.0327 ], [ 145.1784, -38.0328 ], [ 145.1373, -38.0213 ] ] ] } },
{ "type": "Feature", "properties": { "loc_pid": "loc38cbe92d1159", "suburb": "Kilsyth", "join_key": "KILSYTH" }, "geometry": { "type": "Polygon", "coordinates": [ [ [ 145.2965, -37.8175 ], [ 145.2978, -37.8104 ], [ 145.3036, -37.8111 ], [ 145.3044, -37.8093 ], [ 145.3043, -37.8086 ], [ 145.3067, -37.808 ], [ 145.3043, -37.8084 ], [ 145.3022, -37.8082 ], [ 145.3027, -37.8055 ], [ 145.3027, -37.8047 ], [ 145.3024, -37.8045 ], [ 145.3029, -37.8045 ], [ 145.3031, -37.8036 ], [ 145.3022, -37.8034 ], [ 145.3026, -37.8012 ], [ 145.3037, -37.8013 ], [ 145.3038, -37.8009 ], [ 145.3038, -37.8007 ], [ 145.303, -37.8007 ], [ 145.3031, -37.7998 ], [ 145.3036, -37.7997 ], [ 145.3041, -37.798 ], [ 145.3041, -37.7975 ], [ 145.3035, -37.7975 ], [ 145.304, -37.7948 ], [ 145.3047, -37.7949 ], [ 145.3042, -37.7941 ], [ 145.3049, -37.794 ], [ 145.3051, -37.7945 ], [ 145.3057, -37.7945 ], [ 145.3056, -37.7943 ], [ 145.3061, -37.7941 ], [ 145.3063, -37.7944 ], [ 145.3072, -37.7941 ], [ 145.3082, -37.7944 ], [ 145.3081, -37.7948 ], [ 145.3087, -37.7949 ], [ 145.3089, -37.7936 ], [ 145.3109, -37.7938 ], [ 145.3105, -37.7956 ], [ 145.3135, -37.796 ], [ 145.3143, -37.7917 ], [ 145.3203, -37.7947 ], [ 145.3229, -37.795 ], [ 145.3288, -37.8002 ], [ 145.3391, -37.8014 ], [ 145.3399, -37.8029 ], [ 145.3391, -37.8046 ], [ 145.3393, -37.805 ], [ 145.3339, -37.8064 ], [ 145.3329, -37.8062 ], [ 145.331, -37.8095 ], [ 145.3307, -37.8094 ], [ 145.3299, -37.8104 ], [ 145.3229, -37.8149 ], [ 145.327, -37.8244 ], [ 145.3261, -37.8269 ], [ 145.3278, -37.8277 ], [ 145.3279, -37.8285 ], [ 145.3283, -37.8287 ], [ 145.3302, -37.8286 ], [ 145.3312, -37.8299 ], [ 145.3328, -37.8308 ], [ 145.333, -37.8315 ], [ 145.3337, -37.8315 ], [ 145.326, -37.8466 ], [ 145.323, -37.8462 ], [ 145.3202, -37.8449 ], [ 145.3178, -37.845 ], [ 145.3187, -37.8403 ], [ 145.3187, -37.8317 ], [ 145.3168, -37.8182 ], [ 145.3043, -37.8215 ], [ 145.3058, -37.8133 ], [ 145.2965, -37.8175 ] ] ] } },
{ "type": "Feature", "properties": { "loc_pid": "loc558550055434", "suburb": "Kilsyth South", "join_key": "KILSYTH SOUTH" }, "geometry": { "type": "Polygon", "coordinates": [ [ [ 145.3012, -37.8379 ], [ 145.3043, -37.8215 ], [ 145.3168, -37.8182 ], [ 145.3187, -37.8317 ], [ 145.3187, -37.8403 ], [ 145.318, -37.8439 ], [ 145.3087, -37.8427 ], [ 145.3089, -37.8417 ], [ 145.3012, -37.8379 ] ] ] } },
{ "type": "Feature", "properties": { "loc_pid": "loca307cf61ba97", "suburb": "Kings Park", "join_key": "KINGS PARK" }, "geometry": { "type": "Polygon", "coordinates": [ [ [ 144.7624, -37.7382 ], [ 144.764, -37.7256 ], [ 144.782, -37.7276 ], [ 144.7794, -37.742 ], [ 144.7627, -37.7401 ], [ 144.7629, -37.739 ], [ 144.7624, -37.7382 ] ] ] } },
{ "type": "Feature", "properties": { "loc_pid": "loce3f8de63f06a", "suburb": "Kingsbury", "join_key": "KINGSBURY" }, "geometry": { "type": "Polygon", "coordinates": [ [ [ 145.022, -37.7156 ], [ 145.0221, -37.7152 ], [ 145.0235, -37.7145 ], [ 145.0275, -37.7134 ], [ 145.0275, -37.7127 ], [ 145.029, -37.7126 ], [ 145.0289, -37.7123 ], [ 145.0303, -37.712 ], [ 145.0451, -37.7135 ], [ 145.0427, -37.7174 ], [ 145.042, -37.718 ], [ 145.0317, -37.722 ], [ 145.0251, -37.716 ], [ 145.0242, -37.7161 ], [ 145.022, -37.7156 ] ] ] } },
{ "type": "Feature", "properties": { "loc_pid": "loc2380192cce6d", "suburb": "Kingsville", "join_key": "KINGSVILLE" }, "geometry": { "type": "Polygon", "coordinates": [ [ [ 144.8692, -37.8112 ], [ 144.8701, -37.8109 ], [ 144.8854, -37.8026 ], [ 144.8835, -37.8128 ], [ 144.8692, -37.8112 ] ] ] } },
{ "type": "Feature", "properties": { "loc_pid": "locd6f79866f950", "suburb": "Knoxfield", "join_key": "KNOXFIELD" }, "geometry": { "type": "Polygon", "coordinates": [ [ [ 145.2327, -37.8992 ], [ 145.2399, -37.8981 ], [ 145.2399, -37.8829 ], [ 145.2411, -37.8829 ], [ 145.2411, -37.8819 ], [ 145.242, -37.882 ], [ 145.242, -37.8824 ], [ 145.2479, -37.8819 ], [ 145.2479, -37.8809 ], [ 145.2462, -37.8798 ], [ 145.2479, -37.8775 ], [ 145.2479, -37.8738 ], [ 145.2489, -37.8734 ], [ 145.2479, -37.8731 ], [ 145.2494, -37.8702 ], [ 145.2516, -37.8709 ], [ 145.252, -37.8701 ], [ 145.2498, -37.8694 ], [ 145.2504, -37.8683 ], [ 145.2543, -37.8695 ], [ 145.2559, -37.8694 ], [ 145.2571, -37.8686 ], [ 145.2585, -37.8687 ], [ 145.2562, -37.8734 ], [ 145.2588, -37.8742 ], [ 145.2576, -37.8769 ], [ 145.2569, -37.8769 ], [ 145.2569, -37.8825 ], [ 145.2556, -37.8826 ], [ 145.256, -37.8828 ], [ 145.256, -37.8837 ], [ 145.2569, -37.8837 ], [ 145.2569, -37.8883 ], [ 145.2572, -37.8888 ], [ 145.2567, -37.8897 ], [ 145.2568, -37.8906 ], [ 145.257, -37.8914 ], [ 145.2576, -37.892 ], [ 145.2585, -37.8914 ], [ 145.2601, -37.9003 ], [ 145.263, -37.9004 ], [ 145.2632, -37.9023 ], [ 145.261, -37.9027 ], [ 145.2604, -37.9038 ], [ 145.2511, -37.9049 ], [ 145.2493, -37.9051 ], [ 145.2457, -37.9043 ], [ 145.2442, -37.9047 ], [ 145.2412, -37.9047 ], [ 145.2372, -37.9052 ], [ 145.2372, -37.9047 ], [ 145.2327, -37.8992 ] ] ] } },
{ "type": "Feature", "properties": { "loc_pid": "locf15ceaee4f05", "suburb": "Koo Wee Rup", "join_key": "KOO WEE RUP" }, "geometry": { "type": "Polygon", "coordinates": [ [ [ 145.4272, -38.2121 ], [ 145.4275, -38.2118 ], [ 145.4342, -38.2109 ], [ 145.4357, -38.2044 ], [ 145.4403, -38.2054 ], [ 145.4407, -38.2033 ], [ 145.4414, -38.2026 ], [ 145.4411, -38.2009 ], [ 145.4423, -38.2 ], [ 145.4427, -38.1991 ], [ 145.442, -38.1974 ], [ 145.439, -38.1928 ], [ 145.4392, -38.1923 ], [ 145.4451, -38.1931 ], [ 145.4465, -38.1861 ], [ 145.4501, -38.1866 ], [ 145.4516, -38.1795 ], [ 145.4579, -38.1804 ], [ 145.4581, -38.1798 ], [ 145.4595, -38.1731 ], [ 145.4526, -38.1722 ], [ 145.4541, -38.1649 ], [ 145.445, -38.1638 ], [ 145.4481, -38.1491 ], [ 145.4852, -38.1536 ], [ 145.5277, -38.1593 ], [ 145.5269, -38.1632 ], [ 145.534, -38.1616 ], [ 145.5441, -38.166 ], [ 145.5362, -38.1772 ], [ 145.5367, -38.1774 ], [ 145.5557, -38.1777 ], [ 145.5557, -38.1825 ], [ 145.5448, -38.1861 ], [ 145.549, -38.1882 ], [ 145.5532, -38.192 ], [ 145.554, -38.1924 ], [ 145.5533, -38.1926 ], [ 145.5519, -38.1924 ], [ 145.5509, -38.1931 ], [ 145.5504, -38.1928 ], [ 145.5497, -38.1929 ], [ 145.5494, -38.1924 ], [ 145.5489, -38.1923 ], [ 145.548, -38.1937 ], [ 145.5469, -38.1941 ], [ 145.5459, -38.1938 ], [ 145.5463, -38.1926 ], [ 145.5456, -38.1922 ], [ 145.545, -38.1921 ], [ 145.5445, -38.193 ], [ 145.5439, -38.193 ], [ 145.544, -38.1917 ], [ 145.5432, -38.1914 ], [ 145.5427, -38.1919 ], [ 145.5426, -38.1928 ], [ 145.5403, -38.1932 ], [ 145.5414, -38.1936 ], [ 145.5406, -38.1948 ], [ 145.5393, -38.194 ], [ 145.5362, -38.1947 ], [ 145.5345, -38.1942 ], [ 145.5316, -38.1944 ], [ 145.53, -38.1941 ], [ 145.5293, -38.1946 ], [ 145.5291, -38.1961 ], [ 145.5277, -38.198 ], [ 145.5284, -38.199 ], [ 145.5282, -38.1992 ], [ 145.5266, -38.199 ], [ 145.5247, -38.1983 ], [ 145.5247, -38.2006 ], [ 145.523, -38.201 ], [ 145.522, -38.2006 ], [ 145.5215, -38.2008 ], [ 145.522, -38.2028 ], [ 145.5188, -38.2031 ], [ 145.5171, -38.2042 ], [ 145.515, -38.2046 ], [ 145.5131, -38.2041 ], [ 145.5112, -38.2029 ], [ 145.5082, -38.2034 ], [ 145.5078, -38.2038 ], [ 145.5082, -38.2049 ], [ 145.5072, -38.2056 ], [ 145.5076, -38.2058 ], [ 145.5082, -38.2054 ], [ 145.5088, -38.2055 ], [ 145.5089, -38.206 ], [ 145.5076, -38.2067 ], [ 145.5082, -38.208 ], [ 145.5069, -38.2078 ], [ 145.5054, -38.209 ], [ 145.5034, -38.2093 ], [ 145.5019, -38.2105 ], [ 145.5019, -38.2114 ], [ 145.5014, -38.2115 ], [ 145.5015, -38.2118 ], [ 145.5023, -38.2119 ], [ 145.5023, -38.2127 ], [ 145.5018, -38.2132 ], [ 145.5013, -38.2129 ], [ 145.5011, -38.2141 ], [ 145.5018, -38.2141 ], [ 145.5024, -38.2137 ], [ 145.503, -38.2139 ], [ 145.5038, -38.216 ], [ 145.5029, -38.2168 ], [ 145.5022, -38.2168 ], [ 145.5018, -38.2174 ], [ 145.501, -38.2175 ], [ 145.5008, -38.2181 ], [ 145.5002, -38.2185 ], [ 145.4986, -38.2181 ], [ 145.4988, -38.219 ], [ 145.4983, -38.2197 ], [ 145.4985, -38.2201 ], [ 145.4995, -38.2202 ], [ 145.4973, -38.2213 ], [ 145.4953, -38.2217 ], [ 145.4945, -38.2223 ], [ 145.4934, -38.2219 ], [ 145.493, -38.2231 ], [ 145.492, -38.2229 ], [ 145.4912, -38.2236 ], [ 145.4909, -38.2227 ], [ 145.4899, -38.2222 ], [ 145.4896, -38.2222 ], [ 145.4894, -38.2234 ], [ 145.4883, -38.2228 ], [ 145.4879, -38.223 ], [ 145.4881, -38.2239 ], [ 145.4877, -38.2249 ], [ 145.4885, -38.2251 ], [ 145.4889, -38.2257 ], [ 145.4897, -38.2257 ], [ 145.4894, -38.2262 ], [ 145.4885, -38.2261 ], [ 145.4881, -38.2265 ], [ 145.4895, -38.2277 ], [ 145.4878, -38.2283 ], [ 145.4875, -38.2301 ], [ 145.4871, -38.2306 ], [ 145.4864, -38.2303 ], [ 145.4861, -38.2287 ], [ 145.4854, -38.229 ], [ 145.4859, -38.2312 ], [ 145.484, -38.2312 ], [ 145.4835, -38.2307 ], [ 145.4825, -38.2306 ], [ 145.4826, -38.2316 ], [ 145.4791, -38.2324 ], [ 145.4759, -38.2304 ], [ 145.4729, -38.2295 ], [ 145.4703, -38.2291 ], [ 145.4671, -38.2292 ], [ 145.4637, -38.2288 ], [ 145.4615, -38.2278 ], [ 145.4603, -38.2278 ], [ 145.4574, -38.2256 ], [ 145.4574, -38.2248 ], [ 145.457, -38.2243 ], [ 145.4571, -38.2233 ], [ 145.4562, -38.2226 ], [ 145.4556, -38.2227 ], [ 145.4541, -38.2218 ], [ 145.4533, -38.2203 ], [ 145.4525, -38.2199 ], [ 145.4525, -38.2193 ], [ 145.452, -38.2189 ], [ 145.4507, -38.2192 ], [ 145.4493, -38.219 ], [ 145.4482, -38.2194 ], [ 145.4468, -38.2188 ], [ 145.4428, -38.219 ], [ 145.4418, -38.2183 ], [ 145.4422, -38.2176 ], [ 145.4418, -38.2177 ], [ 145.4408, -38.2165 ], [ 145.4398, -38.2162 ], [ 145.4392, -38.2163 ], [ 145.4388, -38.217 ], [ 145.4375, -38.2176 ], [ 145.4362, -38.2173 ], [ 145.4358, -38.2167 ], [ 145.4357, -38.2149 ], [ 145.4352, -38.2146 ], [ 145.4346, -38.2148 ], [ 145.4337, -38.2161 ], [ 145.432, -38.216 ], [ 145.4303, -38.215 ], [ 145.4307, -38.2145 ], [ 145.4305, -38.2142 ], [ 145.4288, -38.2139 ], [ 145.4272, -38.2121 ] ] ] } },
{ "type": "Feature", "properties": { "loc_pid": "loc10bbee6c6788", "suburb": "Koo Wee Rup North", "join_key": "KOO WEE RUP NORTH" }, "geometry": { "type": "Polygon", "coordinates": [ [ [ 145.5269, -38.1632 ], [ 145.5328, -38.1339 ], [ 145.5457, -38.1357 ], [ 145.5419, -38.1548 ], [ 145.5411, -38.155 ], [ 145.5428, -38.1596 ], [ 145.5574, -38.1564 ], [ 145.5591, -38.1612 ], [ 145.5417, -38.165 ], [ 145.534, -38.1616 ], [ 145.5269, -38.1632 ] ] ] } },
{ "type": "Feature", "properties": { "loc_pid": "loc8c9914c41758", "suburb": "Kooyong", "join_key": "KOOYONG" }, "geometry": { "type": "Polygon", "coordinates": [ [ [ 145.0311, -37.8434 ], [ 145.0317, -37.8399 ], [ 145.0323, -37.8397 ], [ 145.0327, -37.8373 ], [ 145.0352, -37.8377 ], [ 145.037, -37.8386 ], [ 145.0387, -37.8388 ], [ 145.0399, -37.8399 ], [ 145.0403, -37.8448 ], [ 145.0314, -37.8438 ], [ 145.0315, -37.8434 ], [ 145.0311, -37.8434 ] ] ] } },
{ "type": "Feature", "properties": { "loc_pid": "locabdfa0718385", "suburb": "Kurunjang", "join_key": "KURUNJANG" }, "geometry": { "type": "Polygon", "coordinates": [ [ [ 144.5704, -37.6729 ], [ 144.5758, -37.6452 ], [ 144.5836, -37.6462 ], [ 144.5838, -37.6453 ], [ 144.5849, -37.6454 ], [ 144.6085, -37.6483 ], [ 144.609, -37.6501 ], [ 144.6082, -37.6506 ], [ 144.6102, -37.6516 ], [ 144.6115, -37.6529 ], [ 144.6118, -37.6537 ], [ 144.6129, -37.6538 ], [ 144.6133, -37.6543 ], [ 144.6131, -37.6552 ], [ 144.6119, -37.6553 ], [ 144.6118, -37.6557 ], [ 144.6123, -37.656 ], [ 144.6123, -37.6564 ], [ 144.6113, -37.6568 ], [ 144.6113, -37.6571 ], [ 144.6119, -37.6577 ], [ 144.6119, -37.6582 ], [ 144.6126, -37.6587 ], [ 144.6123, -37.6594 ], [ 144.6133, -37.6599 ], [ 144.6134, -37.661 ], [ 144.6131, -37.6615 ], [ 144.6123, -37.6616 ], [ 144.6129, -37.6621 ], [ 144.6129, -37.663 ], [ 144.6123, -37.6632 ], [ 144.6127, -37.6639 ], [ 144.6119, -37.6638 ], [ 144.6096, -37.6648 ], [ 144.6092, -37.6654 ], [ 144.6095, -37.6657 ], [ 144.6094, -37.6665 ], [ 144.6082, -37.6669 ], [ 144.6085, -37.6676 ], [ 144.6068, -37.6682 ], [ 144.607, -37.6695 ], [ 144.6065, -37.6698 ], [ 144.6069, -37.6699 ], [ 144.6054, -37.6708 ], [ 144.6055, -37.6725 ], [ 144.6063, -37.673 ], [ 144.6062, -37.6732 ], [ 144.6056, -37.6731 ], [ 144.6054, -37.6734 ], [ 144.6049, -37.6732 ], [ 144.6046, -37.6735 ], [ 144.6049, -37.6742 ], [ 144.6047, -37.6747 ], [ 144.6054, -37.6747 ], [ 144.6056, -37.675 ], [ 144.605, -37.6757 ], [ 144.605, -37.6766 ], [ 144.6041, -37.6767 ], [ 144.6038, -37.6762 ], [ 144.6034, -37.6764 ], [ 144.6037, -37.6768 ], [ 144.602, -37.6769 ], [ 144.6018, -37.6772 ], [ 144.6023, -37.6774 ], [ 144.602, -37.678 ], [ 144.6016, -37.6781 ], [ 144.6014, -37.6777 ], [ 144.601, -37.6777 ], [ 144.6012, -37.6782 ], [ 144.6008, -37.6782 ], [ 144.6005, -37.6778 ], [ 144.6, -37.678 ], [ 144.6005, -37.6786 ], [ 144.5993, -37.6789 ], [ 144.5993, -37.6785 ], [ 144.5989, -37.6784 ], [ 144.599, -37.6777 ], [ 144.5982, -37.6779 ], [ 144.5978, -37.6763 ], [ 144.5704, -37.6729 ] ] ] } },
{ "type": "Feature", "properties": { "loc_pid": "loced93b3da3f2b", "suburb": "Lalor", "join_key": "LALOR" }, "geometry": { "type": "Polygon", "coordinates": [ [ [ 144.9721, -37.6633 ], [ 144.9722, -37.6626 ], [ 144.9735, -37.6609 ], [ 144.9731, -37.6601 ], [ 144.9725, -37.66 ], [ 144.9722, -37.6594 ], [ 144.9733, -37.6588 ], [ 144.9741, -37.6588 ], [ 144.9743, -37.6592 ], [ 144.9749, -37.6593 ], [ 144.9768, -37.6585 ], [ 144.9769, -37.658 ], [ 144.9749, -37.6558 ], [ 144.9749, -37.6553 ], [ 144.9755, -37.6547 ], [ 145.0031, -37.658 ], [ 145.0365, -37.6614 ], [ 145.0357, -37.662 ], [ 145.0365, -37.6636 ], [ 145.0355, -37.6654 ], [ 145.0364, -37.6661 ], [ 145.036, -37.6669 ], [ 145.0364, -37.6671 ], [ 145.0369, -37.6665 ], [ 145.0374, -37.6664 ], [ 145.0388, -37.6669 ], [ 145.0379, -37.6688 ], [ 145.0369, -37.6692 ], [ 145.0369, -37.67 ], [ 145.0389, -37.6705 ], [ 145.0405, -37.67 ], [ 145.0408, -37.6706 ], [ 145.0424, -37.6707 ], [ 145.0435, -37.6721 ], [ 145.045, -37.6715 ], [ 145.0454, -37.6726 ], [ 145.0448, -37.673 ], [ 145.0443, -37.6744 ], [ 145.0448, -37.6752 ], [ 145.0434, -37.6762 ], [ 145.0426, -37.676 ], [ 145.042, -37.6772 ], [ 145.0417, -37.6772 ], [ 145.0405, -37.6764 ], [ 145.0391, -37.6762 ], [ 145.0391, -37.6758 ], [ 145.0383, -37.6757 ], [ 145.0382, -37.6761 ], [ 145.0376, -37.6761 ], [ 145.0367, -37.676 ], [ 145.0368, -37.6756 ], [ 145.0363, -37.6755 ], [ 145.0333, -37.6752 ], [ 145.0326, -37.6752 ], [ 145.0324, -37.6755 ], [ 145.0313, -37.6754 ], [ 145.0314, -37.675 ], [ 145.0308, -37.675 ], [ 145.0307, -37.6756 ], [ 145.03, -37.6755 ], [ 145.0298, -37.6765 ], [ 145.0152, -37.6748 ], [ 145.0155, -37.673 ], [ 145.0147, -37.6729 ], [ 145.0146, -37.6733 ], [ 145.0105, -37.673 ], [ 145.0105, -37.6728 ], [ 145.0095, -37.6727 ], [ 145.0097, -37.6723 ], [ 145.0068, -37.672 ], [ 145.0023, -37.6716 ], [ 145.0017, -37.6725 ], [ 145.0012, -37.6723 ], [ 145.0015, -37.6718 ], [ 144.999, -37.6717 ], [ 144.997, -37.6712 ], [ 144.9864, -37.6701 ], [ 144.9863, -37.6706 ], [ 144.9776, -37.6695 ], [ 144.976, -37.6706 ], [ 144.9747, -37.67 ], [ 144.9743, -37.6691 ], [ 144.974, -37.6691 ], [ 144.9759, -37.6678 ], [ 144.9758, -37.6657 ], [ 144.9753, -37.6649 ], [ 144.973, -37.6642 ], [ 144.9721, -37.6633 ] ] ] } },
{ "type": "Feature", "properties": { "loc_pid": "loc650098ccb87c", "suburb": "Lang Lang", "join_key": "LANG LANG" }, "geometry": { "type": "Polygon", "coordinates": [ [ [ 145.5131, -38.2878 ], [ 145.5144, -38.2858 ], [ 145.5158, -38.2851 ], [ 145.5189, -38.2827 ], [ 145.5192, -38.2819 ], [ 145.5339, -38.2707 ], [ 145.5398, -38.2624 ], [ 145.5484, -38.2561 ], [ 145.5497, -38.2544 ], [ 145.5495, -38.2536 ], [ 145.5504, -38.2529 ], [ 145.5525, -38.2521 ], [ 145.5494, -38.2499 ], [ 145.5563, -38.247 ], [ 145.5595, -38.2516 ], [ 145.568, -38.2481 ], [ 145.5721, -38.2542 ], [ 145.575, -38.2518 ], [ 145.5769, -38.2509 ], [ 145.5793, -38.2491 ], [ 145.5813, -38.2468 ], [ 145.5838, -38.246 ], [ 145.5848, -38.2445 ], [ 145.5872, -38.242 ], [ 145.5899, -38.2399 ], [ 145.5917, -38.2389 ], [ 145.5927, -38.2376 ], [ 145.5938, -38.2352 ], [ 145.5974, -38.2327 ], [ 145.5993, -38.2329 ], [ 145.6004, -38.2336 ], [ 145.6013, -38.2349 ], [ 145.6017, -38.2349 ], [ 145.6132, -38.2421 ], [ 145.6145, -38.2344 ], [ 145.6291, -38.2361 ], [ 145.6296, -38.2337 ], [ 145.6391, -38.2348 ], [ 145.6392, -38.2363 ], [ 145.6371, -38.2477 ], [ 145.6309, -38.2465 ], [ 145.6256, -38.2462 ], [ 145.6255, -38.2464 ], [ 145.6243, -38.2529 ], [ 145.6339, -38.2541 ], [ 145.6318, -38.2658 ], [ 145.6317, -38.2696 ], [ 145.6304, -38.2769 ], [ 145.6272, -38.2766 ], [ 145.6256, -38.2862 ], [ 145.6283, -38.2867 ], [ 145.6283, -38.2869 ], [ 145.6233, -38.3122 ], [ 145.6148, -38.3131 ], [ 145.6095, -38.3146 ], [ 145.6092, -38.3151 ], [ 145.6057, -38.3324 ], [ 145.6184, -38.3348 ], [ 145.6124, -38.3649 ], [ 145.6083, -38.3645 ], [ 145.6085, -38.3635 ], [ 145.5722, -38.3589 ], [ 145.5718, -38.3609 ], [ 145.5616, -38.3596 ], [ 145.559, -38.3504 ], [ 145.5576, -38.3381 ], [ 145.5538, -38.333 ], [ 145.5494, -38.3305 ], [ 145.5434, -38.3244 ], [ 145.5405, -38.3211 ], [ 145.5399, -38.3196 ], [ 145.54, -38.3177 ], [ 145.5418, -38.3094 ], [ 145.5207, -38.3067 ], [ 145.5217, -38.3037 ], [ 145.5224, -38.2996 ], [ 145.521, -38.2961 ], [ 145.5196, -38.2937 ], [ 145.5198, -38.2936 ], [ 145.5178, -38.2914 ], [ 145.5179, -38.2909 ], [ 145.5173, -38.2908 ], [ 145.5162, -38.2895 ], [ 145.5155, -38.2895 ], [ 145.5146, -38.2889 ], [ 145.5147, -38.2886 ], [ 145.5141, -38.2881 ], [ 145.5131, -38.2878 ] ] ] } },
{ "type": "Feature", "properties": { "loc_pid": "loc804d24593a47", "suburb": "Lang Lang East", "join_key": "LANG LANG EAST" }, "geometry": { "type": "Polygon", "coordinates": [ [ [ 145.6256, -38.2862 ], [ 145.6272, -38.2766 ], [ 145.6304, -38.2769 ], [ 145.6317, -38.2696 ], [ 145.6318, -38.2658 ], [ 145.6339, -38.2541 ], [ 145.6492, -38.2559 ], [ 145.6502, -38.2503 ], [ 145.6565, -38.2515 ], [ 145.6714, -38.2517 ], [ 145.6693, -38.2631 ], [ 145.6676, -38.263 ], [ 145.6671, -38.2659 ], [ 145.6743, -38.2681 ], [ 145.6756, -38.2681 ], [ 145.683, -38.2708 ], [ 145.6919, -38.2718 ], [ 145.6922, -38.2724 ], [ 145.6933, -38.273 ], [ 145.6942, -38.2749 ], [ 145.6942, -38.2759 ], [ 145.6923, -38.2757 ], [ 145.6909, -38.2831 ], [ 145.6815, -38.2822 ], [ 145.6802, -38.2895 ], [ 145.6536, -38.2863 ], [ 145.6381, -38.2848 ], [ 145.6386, -38.2825 ], [ 145.6371, -38.283 ], [ 145.6358, -38.2843 ], [ 145.6331, -38.2851 ], [ 145.6313, -38.2862 ], [ 145.6297, -38.2867 ], [ 145.627, -38.2866 ], [ 145.6256, -38.2862 ] ] ] } },
{ "type": "Feature", "properties": { "loc_pid": "locbcb60f6b546d", "suburb": "Langwarrin", "join_key": "LANGWARRIN" }, "geometry": { "type": "Polygon", "coordinates": [ [ [ 145.1613, -38.1769 ], [ 145.1621, -38.1752 ], [ 145.1664, -38.1592 ], [ 145.1684, -38.1556 ], [ 145.1712, -38.1516 ], [ 145.1726, -38.1482 ], [ 145.1731, -38.1458 ], [ 145.1732, -38.1395 ], [ 145.1769, -38.1405 ], [ 145.1782, -38.1317 ], [ 145.1831, -38.1253 ], [ 145.1875, -38.1236 ], [ 145.2145, -38.127 ], [ 145.2135, -38.1327 ], [ 145.2198, -38.1335 ], [ 145.2211, -38.1263 ], [ 145.2295, -38.1269 ], [ 145.2187, -38.1849 ], [ 145.2085, -38.1837 ], [ 145.2041, -38.1822 ], [ 145.1653, -38.1776 ], [ 145.1613, -38.1769 ] ] ] } },
{ "type": "Feature", "properties": { "loc_pid": "loc846cf797318d", "suburb": "Langwarrin South", "join_key": "LANGWARRIN SOUTH" }, "geometry": { "type": "Polygon", "coordinates": [ [ [ 145.1593, -38.1817 ], [ 145.1613, -38.1769 ], [ 145.1653, -38.1776 ], [ 145.2041, -38.1822 ], [ 145.2085, -38.1837 ], [ 145.2188, -38.1849 ], [ 145.2158, -38.2007 ], [ 145.2096, -38.1999 ], [ 145.1818, -38.1991 ], [ 145.1593, -38.1817 ] ] ] } },
{ "type": "Feature", "properties": { "loc_pid": "loc18d1054ccbb7", "suburb": "Launching Place", "join_key": "LAUNCHING PLACE" }, "geometry": { "type": "Polygon", "coordinates": [ [ [ 145.5325, -37.766 ], [ 145.5328, -37.7639 ], [ 145.5339, -37.7629 ], [ 145.5348, -37.7629 ], [ 145.5383, -37.7604 ], [ 145.5384, -37.7508 ], [ 145.541, -37.7375 ], [ 145.5514, -37.7387 ], [ 145.5651, -37.739 ], [ 145.5754, -37.7402 ], [ 145.5758, -37.7381 ], [ 145.5841, -37.739 ], [ 145.5825, -37.748 ], [ 145.5783, -37.7529 ], [ 145.5777, -37.756 ], [ 145.577, -37.7555 ], [ 145.5762, -37.7569 ], [ 145.578, -37.7576 ], [ 145.5789, -37.7593 ], [ 145.5843, -37.7599 ], [ 145.5835, -37.7616 ], [ 145.5839, -37.763 ], [ 145.5859, -37.765 ], [ 145.5855, -37.7683 ], [ 145.5914, -37.7691 ], [ 145.5923, -37.7685 ], [ 145.5928, -37.7685 ], [ 145.5936, -37.7691 ], [ 145.5947, -37.769 ], [ 145.5955, -37.7686 ], [ 145.5957, -37.7679 ], [ 145.5966, -37.7672 ], [ 145.5971, -37.7649 ], [ 145.5982, -37.7652 ], [ 145.5992, -37.7646 ], [ 145.601, -37.7653 ], [ 145.6009, -37.7643 ], [ 145.6023, -37.7633 ], [ 145.6058, -37.7588 ], [ 145.6094, -37.7569 ], [ 145.6069, -37.7687 ], [ 145.6078, -37.7688 ], [ 145.6081, -37.7692 ], [ 145.6076, -37.77 ], [ 145.6079, -37.7704 ], [ 145.6077, -37.7717 ], [ 145.6067, -37.7723 ], [ 145.6054, -37.772 ], [ 145.6047, -37.777 ], [ 145.6033, -37.7767 ], [ 145.6032, -37.7763 ], [ 145.6037, -37.7761 ], [ 145.6034, -37.7757 ], [ 145.6025, -37.7762 ], [ 145.6014, -37.7752 ], [ 145.6007, -37.7754 ], [ 145.5998, -37.7751 ], [ 145.5997, -37.7748 ], [ 145.6001, -37.7746 ], [ 145.5996, -37.7744 ], [ 145.5972, -37.7747 ], [ 145.5969, -37.776 ], [ 145.5984, -37.7767 ], [ 145.6, -37.7791 ], [ 145.5995, -37.7815 ], [ 145.5998, -37.784 ], [ 145.603, -37.7934 ], [ 145.6024, -37.795 ], [ 145.6009, -37.7939 ], [ 145.6015, -37.7959 ], [ 145.6046, -37.7987 ], [ 145.6054, -37.7985 ], [ 145.6072, -37.7995 ], [ 145.6078, -37.8008 ], [ 145.6095, -37.8024 ], [ 145.6106, -37.8048 ], [ 145.6098, -37.8082 ], [ 145.6224, -37.8101 ], [ 145.6213, -37.8144 ], [ 145.6227, -37.8212 ], [ 145.6224, -37.8235 ], [ 145.6207, -37.8232 ], [ 145.6186, -37.8215 ], [ 145.6117, -37.824 ], [ 145.6094, -37.8236 ], [ 145.6058, -37.8242 ], [ 145.6058, -37.8245 ], [ 145.6041, -37.8243 ], [ 145.602, -37.8246 ], [ 145.6018, -37.8233 ], [ 145.6014, -37.8229 ], [ 145.5994, -37.822 ], [ 145.5981, -37.8218 ], [ 145.5974, -37.8204 ], [ 145.5961, -37.8192 ], [ 145.5954, -37.819 ], [ 145.5968, -37.8136 ], [ 145.5837, -37.8116 ], [ 145.5757, -37.8108 ], [ 145.5764, -37.8063 ], [ 145.564, -37.8048 ], [ 145.5644, -37.8027 ], [ 145.5639, -37.7939 ], [ 145.5588, -37.7941 ], [ 145.5573, -37.7898 ], [ 145.5571, -37.7876 ], [ 145.5585, -37.7865 ], [ 145.5586, -37.7858 ], [ 145.5592, -37.7853 ], [ 145.5596, -37.7844 ], [ 145.5596, -37.7829 ], [ 145.5574, -37.7821 ], [ 145.5546, -37.7803 ], [ 145.5529, -37.7777 ], [ 145.55, -37.7751 ], [ 145.5486, -37.7729 ], [ 145.5466, -37.7735 ], [ 145.5416, -37.773 ], [ 145.5396, -37.7733 ], [ 145.5386, -37.774 ], [ 145.5364, -37.7698 ], [ 145.5358, -37.7692 ], [ 145.534, -37.7686 ], [ 145.5328, -37.7678 ], [ 145.5325, -37.766 ] ] ] } },
{ "type": "Feature", "properties": { "loc_pid": "loc098ac8eaabef", "suburb": "Laverton", "join_key": "LAVERTON" }, "geometry": { "type": "Polygon", "coordinates": [ [ [ 144.7504, -37.8671 ], [ 144.7508, -37.8668 ], [ 144.7578, -37.8651 ], [ 144.7555, -37.8584 ], [ 144.7545, -37.8567 ], [ 144.7525, -37.8545 ], [ 144.7617, -37.8553 ], [ 144.7638, -37.8538 ], [ 144.7689, -37.8512 ], [ 144.7761, -37.8467 ], [ 144.779, -37.8464 ], [ 144.7807, -37.8459 ], [ 144.7816, -37.8452 ], [ 144.7819, -37.8441 ], [ 144.7851, -37.8445 ], [ 144.7825, -37.846 ], [ 144.7811, -37.8472 ], [ 144.7802, -37.8489 ], [ 144.7767, -37.8633 ], [ 144.7762, -37.8644 ], [ 144.7746, -37.8663 ], [ 144.7727, -37.8674 ], [ 144.7705, -37.868 ], [ 144.7512, -37.8698 ], [ 144.7504, -37.8671 ] ] ] } },
{ "type": "Feature", "properties": { "loc_pid": "locaf6f4327a65a", "suburb": "Laverton North", "join_key": "LAVERTON NORTH" }, "geometry": { "type": "Polygon", "coordinates": [ [ [ 144.7465, -37.854 ], [ 144.7611, -37.844 ], [ 144.7656, -37.8387 ], [ 144.7692, -37.812 ], [ 144.8267, -37.8169 ], [ 144.8256, -37.8176 ], [ 144.825, -37.8186 ], [ 144.8262, -37.8215 ], [ 144.8275, -37.8228 ], [ 144.8238, -37.8241 ], [ 144.8197, -37.8267 ], [ 144.814, -37.831 ], [ 144.7863, -37.844 ], [ 144.7852, -37.8445 ], [ 144.7819, -37.8441 ], [ 144.7816, -37.8452 ], [ 144.7807, -37.8459 ], [ 144.779, -37.8464 ], [ 144.7761, -37.8467 ], [ 144.7689, -37.8512 ], [ 144.7638, -37.8538 ], [ 144.7617, -37.8553 ], [ 144.7465, -37.854 ] ] ] } },
{ "type": "Feature", "properties": { "loc_pid": "loc1d8e4b29407f", "suburb": "Lilydale", "join_key": "LILYDALE" }, "geometry": { "type": "Polygon", "coordinates": [ [ [ 145.3299, -37.7747 ], [ 145.33, -37.7741 ], [ 145.3324, -37.7712 ], [ 145.3409, -37.7265 ], [ 145.3694, -37.7361 ], [ 145.374, -37.7385 ], [ 145.3763, -37.7349 ], [ 145.4133, -37.7392 ], [ 145.408, -37.7675 ], [ 145.375, -37.7641 ], [ 145.375, -37.766 ], [ 145.3759, -37.7676 ], [ 145.375, -37.7692 ], [ 145.3743, -37.7697 ], [ 145.3768, -37.7707 ], [ 145.3774, -37.7714 ], [ 145.3779, -37.7728 ], [ 145.3772, -37.7743 ], [ 145.375, -37.7726 ], [ 145.3721, -37.7731 ], [ 145.3706, -37.7729 ], [ 145.3696, -37.7723 ], [ 145.3678, -37.7731 ], [ 145.3668, -37.773 ], [ 145.366, -37.7725 ], [ 145.3642, -37.774 ], [ 145.363, -37.7735 ], [ 145.3642, -37.78 ], [ 145.3633, -37.7813 ], [ 145.3619, -37.7856 ], [ 145.3609, -37.7919 ], [ 145.3596, -37.7966 ], [ 145.3591, -37.7971 ], [ 145.357, -37.7953 ], [ 145.3557, -37.7946 ], [ 145.3532, -37.7942 ], [ 145.3537, -37.7919 ], [ 145.3535, -37.7864 ], [ 145.3497, -37.7847 ], [ 145.3473, -37.785 ], [ 145.3451, -37.7847 ], [ 145.3458, -37.7811 ], [ 145.3436, -37.7808 ], [ 145.3444, -37.7764 ], [ 145.3317, -37.775 ], [ 145.3304, -37.7753 ], [ 145.33, -37.7749 ], [ 145.3304, -37.7748 ], [ 145.3299, -37.7747 ] ] ] } },
{ "type": "Feature", "properties": { "loc_pid": "locb778a527feda", "suburb": "Little River", "join_key": "LITTLE RIVER" }, "geometry": { "type": "Polygon", "coordinates": [ [ [ 144.3514, -37.9591 ], [ 144.3519, -37.9562 ], [ 144.3713, -37.9027 ], [ 144.3671, -37.8935 ], [ 144.3671, -37.8928 ], [ 144.3755, -37.8919 ], [ 144.3808, -37.8928 ], [ 144.3863, -37.896 ], [ 144.4008, -37.8981 ], [ 144.4048, -37.8764 ], [ 144.417, -37.8778 ], [ 144.416, -37.8762 ], [ 144.4162, -37.8759 ], [ 144.4192, -37.8753 ], [ 144.4205, -37.8735 ], [ 144.4227, -37.873 ], [ 144.4245, -37.8732 ], [ 144.425, -37.8723 ], [ 144.4258, -37.8719 ], [ 144.4271, -37.8721 ], [ 144.4278, -37.8717 ], [ 144.4286, -37.872 ], [ 144.4293, -37.8719 ], [ 144.4295, -37.8711 ], [ 144.4286, -37.8705 ], [ 144.4286, -37.8694 ], [ 144.4296, -37.8687 ], [ 144.4313, -37.8687 ], [ 144.4313, -37.8684 ], [ 144.4307, -37.8683 ], [ 144.4319, -37.8674 ], [ 144.4333, -37.8675 ], [ 144.434, -37.8661 ], [ 144.4365, -37.8669 ], [ 144.4384, -37.8671 ], [ 144.4388, -37.8677 ], [ 144.4389, -37.869 ], [ 144.4403, -37.8692 ], [ 144.4424, -37.8686 ], [ 144.4446, -37.869 ], [ 144.4449, -37.8704 ], [ 144.4463, -37.8703 ], [ 144.4478, -37.871 ], [ 144.447, -37.8722 ], [ 144.4484, -37.8735 ], [ 144.4493, -37.8733 ], [ 144.4505, -37.8721 ], [ 144.4516, -37.8719 ], [ 144.4527, -37.8721 ], [ 144.4531, -37.8712 ], [ 144.4546, -37.8713 ], [ 144.4558, -37.8705 ], [ 144.4555, -37.8698 ], [ 144.4545, -37.8696 ], [ 144.4543, -37.8689 ], [ 144.455, -37.868 ], [ 144.4538, -37.8671 ], [ 144.5164, -37.874 ], [ 144.5083, -37.9171 ], [ 144.5452, -37.9214 ], [ 144.5911, -37.9261 ], [ 144.5816, -37.9298 ], [ 144.5822, -37.9307 ], [ 144.5804, -37.9314 ], [ 144.579, -37.9398 ], [ 144.5973, -37.9419 ], [ 144.6002, -37.9453 ], [ 144.565, -37.9644 ], [ 144.5469, -37.9751 ], [ 144.5136, -37.9921 ], [ 144.4871, -38.0043 ], [ 144.4804, -37.9987 ], [ 144.4793, -37.9967 ], [ 144.4835, -37.9939 ], [ 144.4825, -37.9928 ], [ 144.4837, -37.9921 ], [ 144.4843, -37.9888 ], [ 144.459, -37.986 ], [ 144.4615, -37.9716 ], [ 144.3514, -37.9591 ] ] ] } },
{ "type": "Feature", "properties": { "loc_pid": "loc08f132cbeca5", "suburb": "Lower Plenty", "join_key": "LOWER PLENTY" }, "geometry": { "type": "Polygon", "coordinates": [ [ [ 145.0982, -37.749 ], [ 145.0986, -37.747 ], [ 145.099, -37.747 ], [ 145.0994, -37.7477 ], [ 145.1011, -37.7474 ], [ 145.1015, -37.7466 ], [ 145.101, -37.7464 ], [ 145.1007, -37.7451 ], [ 145.1012, -37.7448 ], [ 145.1015, -37.7454 ], [ 145.1018, -37.7454 ], [ 145.1028, -37.7445 ], [ 145.1029, -37.7424 ], [ 145.1023, -37.7424 ], [ 145.1026, -37.742 ], [ 145.1018, -37.7414 ], [ 145.1022, -37.7412 ], [ 145.1022, -37.7406 ], [ 145.1041, -37.74 ], [ 145.1059, -37.739 ], [ 145.1065, -37.7375 ], [ 145.1072, -37.7383 ], [ 145.1077, -37.7381 ], [ 145.1075, -37.7377 ], [ 145.1079, -37.737 ], [ 145.1075, -37.7372 ], [ 145.1069, -37.7362 ], [ 145.107, -37.7358 ], [ 145.1083, -37.7353 ], [ 145.109, -37.7345 ], [ 145.1087, -37.7339 ], [ 145.1077, -37.7339 ], [ 145.1072, -37.7344 ], [ 145.1068, -37.7341 ], [ 145.1045, -37.7337 ], [ 145.1039, -37.7331 ], [ 145.1039, -37.7322 ], [ 145.1055, -37.7322 ], [ 145.106, -37.7311 ], [ 145.1073, -37.7302 ], [ 145.1072, -37.7295 ], [ 145.1078, -37.7287 ], [ 145.1071, -37.7276 ], [ 145.1066, -37.7274 ], [ 145.1065, -37.7262 ], [ 145.109, -37.7264 ], [ 145.1097, -37.7259 ], [ 145.1091, -37.7252 ], [ 145.1082, -37.7254 ], [ 145.1067, -37.7236 ], [ 145.1067, -37.7233 ], [ 145.1084, -37.7228 ], [ 145.1091, -37.7215 ], [ 145.1095, -37.7215 ], [ 145.1104, -37.7226 ], [ 145.112, -37.7229 ], [ 145.1117, -37.7235 ], [ 145.113, -37.7235 ], [ 145.1135, -37.7243 ], [ 145.1175, -37.7231 ], [ 145.1208, -37.7238 ], [ 145.121, -37.7244 ], [ 145.1219, -37.7245 ], [ 145.1218, -37.7247 ], [ 145.1221, -37.7246 ], [ 145.1227, -37.725 ], [ 145.1232, -37.7249 ], [ 145.1232, -37.7256 ], [ 145.1239, -37.7257 ], [ 145.1267, -37.7285 ], [ 145.1313, -37.7309 ], [ 145.1377, -37.7332 ], [ 145.1364, -37.7333 ], [ 145.1356, -37.7337 ], [ 145.1347, -37.7349 ], [ 145.1341, -37.7382 ], [ 145.1357, -37.7409 ], [ 145.135, -37.7411 ], [ 145.1339, -37.7425 ], [ 145.1333, -37.7428 ], [ 145.1313, -37.7424 ], [ 145.1256, -37.7402 ], [ 145.123, -37.7404 ], [ 145.1216, -37.7415 ], [ 145.1199, -37.7448 ], [ 145.1203, -37.7481 ], [ 145.1211, -37.7486 ], [ 145.1225, -37.7475 ], [ 145.1231, -37.7475 ], [ 145.1253, -37.7494 ], [ 145.1261, -37.7508 ], [ 145.1259, -37.7512 ], [ 145.1241, -37.7506 ], [ 145.1228, -37.7492 ], [ 145.1219, -37.75 ], [ 145.1219, -37.7515 ], [ 145.1214, -37.7522 ], [ 145.1209, -37.7524 ], [ 145.1195, -37.7522 ], [ 145.1156, -37.753 ], [ 145.1147, -37.7533 ], [ 145.1131, -37.7552 ], [ 145.1115, -37.7551 ], [ 145.1098, -37.7555 ], [ 145.1055, -37.7543 ], [ 145.102, -37.7526 ], [ 145.1009, -37.7519 ], [ 145.0982, -37.749 ] ] ] } },
{ "type": "Feature", "properties": { "loc_pid": "loc2f79d3187e1a", "suburb": "Lynbrook", "join_key": "LYNBROOK" }, "geometry": { "type": "Polygon", "coordinates": [ [ [ 145.2451, -38.0491 ], [ 145.247, -38.0357 ], [ 145.2491, -38.038 ], [ 145.2553, -38.0471 ], [ 145.2591, -38.0454 ], [ 145.2654, -38.0448 ], [ 145.2626, -38.058 ], [ 145.2662, -38.066 ], [ 145.265, -38.0658 ], [ 145.2646, -38.0677 ], [ 145.263, -38.0674 ], [ 145.2627, -38.0689 ], [ 145.2643, -38.0695 ], [ 145.2626, -38.0773 ], [ 145.2628, -38.0775 ], [ 145.2625, -38.0777 ], [ 145.2537, -38.0662 ], [ 145.2451, -38.0491 ] ] ] } },
{ "type": "Feature", "properties": { "loc_pid": "loc6849c4e53590", "suburb": "Lyndhurst", "join_key": "LYNDHURST" }, "geometry": { "type": "Polygon", "coordinates": [ [ [ 145.1947, -38.0721 ], [ 145.206, -38.0584 ], [ 145.2423, -38.0628 ], [ 145.2448, -38.049 ], [ 145.2452, -38.0492 ], [ 145.2537, -38.0662 ], [ 145.2625, -38.0777 ], [ 145.2621, -38.0789 ], [ 145.2635, -38.0806 ], [ 145.1947, -38.0721 ] ] ] } },
{ "type": "Feature", "properties": { "loc_pid": "loce94c02bf1598", "suburb": "Lysterfield", "join_key": "LYSTERFIELD" }, "geometry": { "type": "Polygon", "coordinates": [ [ [ 145.2652, -37.9288 ], [ 145.2656, -37.9276 ], [ 145.2682, -37.9257 ], [ 145.2701, -37.9234 ], [ 145.2718, -37.9146 ], [ 145.2732, -37.9123 ], [ 145.2856, -37.9019 ], [ 145.289, -37.9006 ], [ 145.2945, -37.9004 ], [ 145.2959, -37.9031 ], [ 145.2955, -37.9051 ], [ 145.305, -37.9057 ], [ 145.3073, -37.9082 ], [ 145.3122, -37.9107 ], [ 145.3156, -37.9138 ], [ 145.3237, -37.919 ], [ 145.3232, -37.9191 ], [ 145.3241, -37.9199 ], [ 145.3244, -37.921 ], [ 145.325, -37.9213 ], [ 145.3252, -37.9205 ], [ 145.324, -37.9192 ], [ 145.3279, -37.9186 ], [ 145.328, -37.9191 ], [ 145.3292, -37.9189 ], [ 145.3308, -37.9192 ], [ 145.3307, -37.9199 ], [ 145.3317, -37.92 ], [ 145.3318, -37.9192 ], [ 145.3338, -37.9186 ], [ 145.3342, -37.9199 ], [ 145.3349, -37.9196 ], [ 145.3351, -37.9205 ], [ 145.3318, -37.9234 ], [ 145.3289, -37.939 ], [ 145.3296, -37.9402 ], [ 145.3289, -37.9414 ], [ 145.3296, -37.943 ], [ 145.3286, -37.9448 ], [ 145.3286, -37.9476 ], [ 145.3275, -37.949 ], [ 145.3283, -37.9498 ], [ 145.3326, -37.9493 ], [ 145.3365, -37.9504 ], [ 145.334, -37.9558 ], [ 145.3306, -37.9582 ], [ 145.3274, -37.9653 ], [ 145.3192, -37.9663 ], [ 145.3177, -37.9668 ], [ 145.317, -37.9678 ], [ 145.3166, -37.9678 ], [ 145.3009, -37.9658 ], [ 145.289, -37.9629 ], [ 145.2886, -37.9592 ], [ 145.289, -37.9583 ], [ 145.2898, -37.9581 ], [ 145.2899, -37.9576 ], [ 145.2872, -37.9571 ], [ 145.2848, -37.9553 ], [ 145.2836, -37.9551 ], [ 145.2838, -37.9541 ], [ 145.2823, -37.9537 ], [ 145.2821, -37.9506 ], [ 145.2805, -37.9492 ], [ 145.2796, -37.9476 ], [ 145.2657, -37.9459 ], [ 145.269, -37.9293 ], [ 145.2652, -37.9288 ] ] ] } },
{ "type": "Feature", "properties": { "loc_pid": "loc43b106f3f7f3", "suburb": "Lysterfield South", "join_key": "LYSTERFIELD SOUTH" }, "geometry": { "type": "Polygon", "coordinates": [ [ [ 145.2439, -37.9432 ], [ 145.2796, -37.9476 ], [ 145.2805, -37.9492 ], [ 145.2821, -37.9506 ], [ 145.2823, -37.9537 ], [ 145.2838, -37.9541 ], [ 145.2836, -37.9551 ], [ 145.2848, -37.9553 ], [ 145.2872, -37.9571 ], [ 145.2899, -37.9576 ], [ 145.2898, -37.9581 ], [ 145.289, -37.9583 ], [ 145.2886, -37.9592 ], [ 145.289, -37.9628 ], [ 145.2821, -37.962 ], [ 145.2774, -37.9599 ], [ 145.2635, -37.9582 ], [ 145.2588, -37.9585 ], [ 145.2454, -37.9487 ], [ 145.2439, -37.9432 ] ] ] } },
{ "type": "Feature", "properties": { "loc_pid": "loce578d6ccca3a", "suburb": "Macleod", "join_key": "MACLEOD" }, "geometry": { "type": "Polygon", "coordinates": [ [ [ 145.0554, -37.7292 ], [ 145.0578, -37.7235 ], [ 145.0563, -37.7224 ], [ 145.0563, -37.7207 ], [ 145.0566, -37.72 ], [ 145.059, -37.7184 ], [ 145.0594, -37.7164 ], [ 145.0567, -37.7147 ], [ 145.0569, -37.7145 ], [ 145.0601, -37.7148 ], [ 145.061, -37.7137 ], [ 145.063, -37.7137 ], [ 145.0632, -37.7129 ], [ 145.0637, -37.713 ], [ 145.064, -37.712 ], [ 145.0651, -37.7112 ], [ 145.0645, -37.7104 ], [ 145.0656, -37.7099 ], [ 145.0654, -37.7092 ], [ 145.0686, -37.7084 ], [ 145.0696, -37.7082 ], [ 145.0749, -37.7088 ], [ 145.0746, -37.711 ], [ 145.0754, -37.711 ], [ 145.0754, -37.7113 ], [ 145.0746, -37.7165 ], [ 145.0755, -37.7163 ], [ 145.0754, -37.7166 ], [ 145.076, -37.7167 ], [ 145.076, -37.7164 ], [ 145.0763, -37.7167 ], [ 145.0765, -37.7164 ], [ 145.0776, -37.7165 ], [ 145.0791, -37.7171 ], [ 145.0808, -37.7172 ], [ 145.0809, -37.7169 ], [ 145.0816, -37.7169 ], [ 145.0816, -37.7171 ], [ 145.0941, -37.7184 ], [ 145.0942, -37.7189 ], [ 145.0948, -37.7193 ], [ 145.0945, -37.7195 ], [ 145.0951, -37.7195 ], [ 145.0949, -37.7199 ], [ 145.0953, -37.7196 ], [ 145.0958, -37.72 ], [ 145.0956, -37.7211 ], [ 145.0812, -37.7195 ], [ 145.0788, -37.7332 ], [ 145.0748, -37.7325 ], [ 145.0741, -37.7325 ], [ 145.074, -37.7328 ], [ 145.0735, -37.7325 ], [ 145.0729, -37.7331 ], [ 145.0719, -37.7333 ], [ 145.0723, -37.731 ], [ 145.0698, -37.7308 ], [ 145.0696, -37.7305 ], [ 145.0681, -37.7306 ], [ 145.0677, -37.7305 ], [ 145.0679, -37.7301 ], [ 145.0653, -37.7297 ], [ 145.0646, -37.7301 ], [ 145.0554, -37.7292 ] ] ] } },
{ "type": "Feature", "properties": { "loc_pid": "locf4512129a85e", "suburb": "Maidstone", "join_key": "MAIDSTONE" }, "geometry": { "type": "Polygon", "coordinates": [ [ [ 144.8635, -37.7765 ], [ 144.864, -37.7742 ], [ 144.8648, -37.7735 ], [ 144.8647, -37.7726 ], [ 144.8661, -37.7721 ], [ 144.8719, -37.7727 ], [ 144.8717, -37.7738 ], [ 144.8855, -37.7756 ], [ 144.8827, -37.7908 ], [ 144.8794, -37.7904 ], [ 144.8789, -37.7912 ], [ 144.8639, -37.7895 ], [ 144.8659, -37.778 ], [ 144.8639, -37.7777 ], [ 144.8641, -37.7766 ], [ 144.8635, -37.7765 ] ] ] } },
{ "type": "Feature", "properties": { "loc_pid": "loc76dea039b41f", "suburb": "Malvern", "join_key": "MALVERN" }, "geometry": { "type": "Polygon", "coordinates": [ [ [ 145.0269, -37.8653 ], [ 145.027, -37.8643 ], [ 145.0279, -37.8651 ], [ 145.028, -37.8643 ], [ 145.0276, -37.8639 ], [ 145.0279, -37.8616 ], [ 145.0282, -37.8616 ], [ 145.0283, -37.8583 ], [ 145.0289, -37.8574 ], [ 145.0288, -37.857 ], [ 145.0292, -37.8568 ], [ 145.0286, -37.8565 ], [ 145.0287, -37.8562 ], [ 145.0294, -37.8553 ], [ 145.0279, -37.8551 ], [ 145.028, -37.8545 ], [ 145.0288, -37.8546 ], [ 145.0289, -37.854 ], [ 145.0294, -37.8541 ], [ 145.0296, -37.8538 ], [ 145.029, -37.8533 ], [ 145.0292, -37.8519 ], [ 145.0294, -37.8516 ], [ 145.0299, -37.8517 ], [ 145.03, -37.8512 ], [ 145.0295, -37.8511 ], [ 145.0296, -37.8507 ], [ 145.0302, -37.8508 ], [ 145.0303, -37.8506 ], [ 145.0297, -37.8503 ], [ 145.0299, -37.8496 ], [ 145.0304, -37.8496 ], [ 145.0305, -37.8493 ], [ 145.0297, -37.849 ], [ 145.0298, -37.8488 ], [ 145.0306, -37.8489 ], [ 145.0307, -37.8483 ], [ 145.0299, -37.8482 ], [ 145.0302, -37.8479 ], [ 145.0302, -37.8466 ], [ 145.0307, -37.8467 ], [ 145.0308, -37.8462 ], [ 145.0308, -37.8458 ], [ 145.0299, -37.8457 ], [ 145.03, -37.8454 ], [ 145.0314, -37.8438 ], [ 145.0403, -37.8448 ], [ 145.0405, -37.8458 ], [ 145.043, -37.8478 ], [ 145.0445, -37.8483 ], [ 145.0428, -37.8498 ], [ 145.0427, -37.8503 ], [ 145.0422, -37.8502 ], [ 145.0417, -37.8527 ], [ 145.042, -37.8528 ], [ 145.042, -37.8533 ], [ 145.0419, -37.8537 ], [ 145.0414, -37.8536 ], [ 145.0409, -37.8566 ], [ 145.0414, -37.8568 ], [ 145.0409, -37.8568 ], [ 145.0408, -37.8571 ], [ 145.0407, -37.8578 ], [ 145.0412, -37.8578 ], [ 145.041, -37.8586 ], [ 145.0405, -37.8585 ], [ 145.0404, -37.8593 ], [ 145.0407, -37.8593 ], [ 145.0403, -37.8598 ], [ 145.0397, -37.8634 ], [ 145.0401, -37.8635 ], [ 145.0399, -37.8645 ], [ 145.0393, -37.8644 ], [ 145.039, -37.8657 ], [ 145.0394, -37.8663 ], [ 145.0387, -37.868 ], [ 145.0393, -37.8683 ], [ 145.0387, -37.8682 ], [ 145.0386, -37.8684 ], [ 145.0384, -37.8703 ], [ 145.0372, -37.8705 ], [ 145.0371, -37.8714 ], [ 145.0377, -37.8715 ], [ 145.0376, -37.8719 ], [ 145.038, -37.8719 ], [ 145.0376, -37.8731 ], [ 145.0326, -37.8684 ], [ 145.0314, -37.8684 ], [ 145.0294, -37.867 ], [ 145.0271, -37.8661 ], [ 145.0273, -37.8655 ], [ 145.0269, -37.8653 ] ] ] } },
{ "type": "Feature", "properties": { "loc_pid": "loc2d817b7080e2", "suburb": "Malvern East", "join_key": "MALVERN EAST" }, "geometry": { "type": "Polygon", "coordinates": [ [ [ 145.0371, -37.8714 ], [ 145.0373, -37.8703 ], [ 145.0377, -37.8705 ], [ 145.0384, -37.8703 ], [ 145.0387, -37.8682 ], [ 145.0393, -37.8683 ], [ 145.0387, -37.8678 ], [ 145.0394, -37.8663 ], [ 145.039, -37.8657 ], [ 145.0393, -37.8644 ], [ 145.0399, -37.8645 ], [ 145.0401, -37.8635 ], [ 145.0414, -37.8635 ], [ 145.0494, -37.8645 ], [ 145.0495, -37.8647 ], [ 145.0538, -37.8649 ], [ 145.0544, -37.8652 ], [ 145.0579, -37.8656 ], [ 145.0582, -37.8654 ], [ 145.0587, -37.8657 ], [ 145.0591, -37.8655 ], [ 145.0593, -37.8648 ], [ 145.0602, -37.8648 ], [ 145.0614, -37.8675 ], [ 145.0636, -37.8671 ], [ 145.0641, -37.868 ], [ 145.0651, -37.8676 ], [ 145.0658, -37.868 ], [ 145.0677, -37.8708 ], [ 145.0689, -37.872 ], [ 145.0686, -37.8748 ], [ 145.0703, -37.8746 ], [ 145.0706, -37.875 ], [ 145.0717, -37.8751 ], [ 145.0729, -37.8759 ], [ 145.075, -37.876 ], [ 145.0782, -37.8747 ], [ 145.0784, -37.8741 ], [ 145.0792, -37.8739 ], [ 145.0797, -37.8732 ], [ 145.0823, -37.8731 ], [ 145.0844, -37.8721 ], [ 145.0863, -37.872 ], [ 145.0874, -37.8715 ], [ 145.0887, -37.8716 ], [ 145.0901, -37.8722 ], [ 145.0912, -37.8722 ], [ 145.0915, -37.8718 ], [ 145.0921, -37.8718 ], [ 145.0905, -37.8819 ], [ 145.0882, -37.893 ], [ 145.0853, -37.8925 ], [ 145.0841, -37.8918 ], [ 145.0815, -37.8887 ], [ 145.0805, -37.888 ], [ 145.0718, -37.8848 ], [ 145.0708, -37.8846 ], [ 145.0627, -37.8847 ], [ 145.052, -37.8829 ], [ 145.0498, -37.8813 ], [ 145.046, -37.8765 ], [ 145.045, -37.876 ], [ 145.0401, -37.8751 ], [ 145.0376, -37.8732 ], [ 145.038, -37.8719 ], [ 145.0376, -37.8719 ], [ 145.0377, -37.8715 ], [ 145.0371, -37.8714 ] ] ] } },
{ "type": "Feature", "properties": { "loc_pid": "locffa1c8993b70", "suburb": "Mambourin", "join_key": "MAMBOURIN" }, "geometry": { "type": "Polygon", "coordinates": [ [ [ 144.5083, -37.9171 ], [ 144.5164, -37.874 ], [ 144.5714, -37.8804 ], [ 144.5889, -37.8816 ], [ 144.5973, -37.8826 ], [ 144.5989, -37.8845 ], [ 144.601, -37.8856 ], [ 144.6066, -37.8866 ], [ 144.6049, -37.8989 ], [ 144.5929, -37.8977 ], [ 144.5878, -37.9257 ], [ 144.5452, -37.9214 ], [ 144.5083, -37.9171 ] ] ] } },
{ "type": "Feature", "properties": { "loc_pid": "loc875f8bb64843", "suburb": "Manor Lakes", "join_key": "MANOR LAKES" }, "geometry": { "type": "Polygon", "coordinates": [ [ [ 144.5532, -37.8783 ], [ 144.5601, -37.8411 ], [ 144.5748, -37.8457 ], [ 144.6098, -37.8691 ], [ 144.6183, -37.8786 ], [ 144.6156, -37.8844 ], [ 144.6132, -37.8842 ], [ 144.6123, -37.8837 ], [ 144.612, -37.883 ], [ 144.6109, -37.883 ], [ 144.6087, -37.8841 ], [ 144.6073, -37.8834 ], [ 144.6066, -37.8866 ], [ 144.601, -37.8856 ], [ 144.5989, -37.8845 ], [ 144.5973, -37.8826 ], [ 144.5889, -37.8816 ], [ 144.5714, -37.8804 ], [ 144.5532, -37.8783 ] ] ] } },
{ "type": "Feature", "properties": { "loc_pid": "locebf4f333240b", "suburb": "Maribyrnong", "join_key": "MARIBYRNONG" }, "geometry": { "type": "Polygon", "coordinates": [ [ [ 144.8706, -37.7661 ], [ 144.8727, -37.7619 ], [ 144.8779, -37.7594 ], [ 144.88, -37.7579 ], [ 144.8813, -37.7562 ], [ 144.8823, -37.7558 ], [ 144.8848, -37.7559 ], [ 144.8857, -37.7565 ], [ 144.8841, -37.7599 ], [ 144.8843, -37.761 ], [ 144.8849, -37.7616 ], [ 144.889, -37.7619 ], [ 144.8938, -37.7658 ], [ 144.8975, -37.7647 ], [ 144.9, -37.7647 ], [ 144.9015, -37.7653 ], [ 144.9019, -37.766 ], [ 144.9023, -37.7687 ], [ 144.9021, -37.7695 ], [ 144.8971, -37.7716 ], [ 144.896, -37.7727 ], [ 144.8959, -37.7732 ], [ 144.8961, -37.7751 ], [ 144.8968, -37.7766 ], [ 144.8973, -37.7795 ], [ 144.8979, -37.7806 ], [ 144.9015, -37.7826 ], [ 144.904, -37.7846 ], [ 144.9042, -37.7854 ], [ 144.9028, -37.789 ], [ 144.8939, -37.788 ], [ 144.8902, -37.7874 ], [ 144.8903, -37.787 ], [ 144.8835, -37.7864 ], [ 144.8855, -37.7756 ], [ 144.8717, -37.7738 ], [ 144.872, -37.7726 ], [ 144.8743, -37.7712 ], [ 144.8745, -37.7694 ], [ 144.8744, -37.769 ], [ 144.8729, -37.7683 ], [ 144.8708, -37.7666 ], [ 144.8706, -37.7661 ] ] ] } },
{ "type": "Feature", "properties": { "loc_pid": "loc819aeb5db205", "suburb": "McCrae", "join_key": "MCCRAE" }, "geometry": { "type": "Polygon", "coordinates": [ [ [ 144.9158, -38.3657 ], [ 144.9208, -38.3604 ], [ 144.9208, -38.3584 ], [ 144.9221, -38.3568 ], [ 144.9215, -38.3554 ], [ 144.9221, -38.3551 ], [ 144.9228, -38.3533 ], [ 144.9209, -38.3499 ], [ 144.9234, -38.3492 ], [ 144.9286, -38.347 ], [ 144.9372, -38.3429 ], [ 144.939, -38.3444 ], [ 144.9388, -38.3445 ], [ 144.9399, -38.3458 ], [ 144.9403, -38.3458 ], [ 144.9407, -38.3463 ], [ 144.943, -38.3467 ], [ 144.9445, -38.348 ], [ 144.9431, -38.3652 ], [ 144.9283, -38.3651 ], [ 144.9283, -38.3658 ], [ 144.9158, -38.3657 ] ] ] } },
{ "type": "Feature", "properties": { "loc_pid": "loc8415ce7f7160", "suburb": "McKinnon", "join_key": "MCKINNON" }, "geometry": { "type": "Polygon", "coordinates": [ [ [ 145.0248, -37.9108 ], [ 145.0258, -37.9062 ], [ 145.0534, -37.9096 ], [ 145.0523, -37.9141 ], [ 145.0524, -37.9151 ], [ 145.0472, -37.9145 ], [ 145.0473, -37.9142 ], [ 145.0426, -37.9135 ], [ 145.0426, -37.9133 ], [ 145.0376, -37.9127 ], [ 145.0373, -37.9144 ], [ 145.033, -37.9139 ], [ 145.0329, -37.9147 ], [ 145.0301, -37.9135 ], [ 145.0289, -37.9123 ], [ 145.0267, -37.9118 ], [ 145.0259, -37.9111 ], [ 145.0248, -37.9108 ] ] ] } },
{ "type": "Feature", "properties": { "loc_pid": "locc67851215f08", "suburb": "Meadow Heights", "join_key": "MEADOW HEIGHTS" }, "geometry": { "type": "Polygon", "coordinates": [ [ [ 144.9059, -37.6617 ], [ 144.9104, -37.6382 ], [ 144.9288, -37.6407 ], [ 144.9287, -37.6431 ], [ 144.9314, -37.6478 ], [ 144.9314, -37.6503 ], [ 144.9267, -37.6576 ], [ 144.9258, -37.6596 ], [ 144.9248, -37.6606 ], [ 144.9231, -37.6615 ], [ 144.9224, -37.6625 ], [ 144.9221, -37.6638 ], [ 144.9184, -37.663 ], [ 144.9157, -37.6635 ], [ 144.9086, -37.663 ], [ 144.9073, -37.6626 ], [ 144.9059, -37.6617 ] ] ] } },
{ "type": "Feature", "properties": { "loc_pid": "loc9901d119afda", "suburb": "Melbourne", "join_key": "MELBOURNE" }, "geometry": { "type": "Polygon", "coordinates": [ [ [ 144.9514, -37.8132 ], [ 144.9564, -37.8118 ], [ 144.9554, -37.8095 ], [ 144.956, -37.8059 ], [ 144.9585, -37.8062 ], [ 144.9566, -37.8022 ], [ 144.9567, -37.801 ], [ 144.955, -37.7997 ], [ 144.9551, -37.7994 ], [ 144.9588, -37.7999 ], [ 144.9585, -37.8019 ], [ 144.9601, -37.8054 ], [ 144.9599, -37.8063 ], [ 144.9714, -37.8077 ], [ 144.9749, -37.8153 ], [ 144.9747, -37.8159 ], [ 144.9754, -37.816 ], [ 144.9766, -37.8173 ], [ 144.978, -37.8182 ], [ 144.9787, -37.8182 ], [ 144.9786, -37.8186 ], [ 144.984, -37.8218 ], [ 144.987, -37.8229 ], [ 144.9891, -37.8231 ], [ 144.9879, -37.8297 ], [ 144.9862, -37.8281 ], [ 144.985, -37.8277 ], [ 144.9837, -37.8343 ], [ 144.9789, -37.8337 ], [ 144.9786, -37.8352 ], [ 144.9767, -37.8349 ], [ 144.9759, -37.8349 ], [ 144.9758, -37.8352 ], [ 144.9766, -37.8355 ], [ 144.9763, -37.837 ], [ 144.9775, -37.8374 ], [ 144.9803, -37.8451 ], [ 144.985, -37.8457 ], [ 144.9842, -37.8507 ], [ 144.9823, -37.8504 ], [ 144.9822, -37.8513 ], [ 144.9818, -37.8513 ], [ 144.9823, -37.8519 ], [ 144.9822, -37.8526 ], [ 144.9825, -37.8526 ], [ 144.9826, -37.854 ], [ 144.9829, -37.854 ], [ 144.983, -37.8544 ], [ 144.9829, -37.8546 ], [ 144.9822, -37.8545 ], [ 144.9826, -37.8555 ], [ 144.9809, -37.8551 ], [ 144.9795, -37.854 ], [ 144.978, -37.8495 ], [ 144.9769, -37.8495 ], [ 144.9747, -37.8481 ], [ 144.9731, -37.848 ], [ 144.9708, -37.8459 ], [ 144.9706, -37.8442 ], [ 144.971, -37.8427 ], [ 144.9718, -37.8417 ], [ 144.9715, -37.8399 ], [ 144.9704, -37.8387 ], [ 144.9685, -37.8384 ], [ 144.9676, -37.8374 ], [ 144.97, -37.8363 ], [ 144.9717, -37.8343 ], [ 144.9716, -37.8323 ], [ 144.9702, -37.8327 ], [ 144.9699, -37.832 ], [ 144.9705, -37.8318 ], [ 144.9704, -37.8315 ], [ 144.9698, -37.8316 ], [ 144.9697, -37.8311 ], [ 144.9704, -37.8309 ], [ 144.9705, -37.8301 ], [ 144.9713, -37.8299 ], [ 144.9714, -37.8265 ], [ 144.9683, -37.8192 ], [ 144.9612, -37.8206 ], [ 144.956, -37.8231 ], [ 144.9514, -37.8132 ] ] ] } },
{ "type": "Feature", "properties": { "loc_pid": "loc1556821a864f", "suburb": "Melbourne Airport", "join_key": "MELBOURNE AIRPORT" }, "geometry": { "type": "Polygon", "coordinates": [ [ [ 144.7976, -37.6547 ], [ 144.7991, -37.6535 ], [ 144.8005, -37.6535 ], [ 144.8013, -37.6538 ], [ 144.8033, -37.6556 ], [ 144.8037, -37.6556 ], [ 144.8051, -37.6543 ], [ 144.8057, -37.6528 ], [ 144.8098, -37.6538 ], [ 144.8122, -37.6553 ], [ 144.8135, -37.6551 ], [ 144.8159, -37.641 ], [ 144.8231, -37.6426 ], [ 144.8289, -37.6432 ], [ 144.8339, -37.6442 ], [ 144.8342, -37.644 ], [ 144.8427, -37.645 ], [ 144.8433, -37.6456 ], [ 144.8443, -37.6459 ], [ 144.8442, -37.6466 ], [ 144.8448, -37.647 ], [ 144.845, -37.6476 ], [ 144.8444, -37.6485 ], [ 144.8444, -37.6495 ], [ 144.8458, -37.6501 ], [ 144.8462, -37.6508 ], [ 144.8461, -37.6523 ], [ 144.8454, -37.6535 ], [ 144.8453, -37.6544 ], [ 144.8455, -37.6549 ], [ 144.8466, -37.6553 ], [ 144.8467, -37.6563 ], [ 144.8473, -37.6567 ], [ 144.8477, -37.6567 ], [ 144.8478, -37.656 ], [ 144.849, -37.6563 ], [ 144.8499, -37.6576 ], [ 144.8512, -37.6581 ], [ 144.8518, -37.659 ], [ 144.8545, -37.6585 ], [ 144.8549, -37.659 ], [ 144.8556, -37.6591 ], [ 144.8584, -37.6624 ], [ 144.8568, -37.6635 ], [ 144.8568, -37.6639 ], [ 144.8607, -37.6659 ], [ 144.8605, -37.6664 ], [ 144.8599, -37.6662 ], [ 144.86, -37.667 ], [ 144.8608, -37.6682 ], [ 144.8621, -37.6692 ], [ 144.8628, -37.6705 ], [ 144.8641, -37.6711 ], [ 144.8666, -37.6702 ], [ 144.8668, -37.6708 ], [ 144.8676, -37.671 ], [ 144.8663, -37.6781 ], [ 144.8716, -37.6818 ], [ 144.8709, -37.6863 ], [ 144.8699, -37.6854 ], [ 144.8678, -37.6866 ], [ 144.8742, -37.6928 ], [ 144.8686, -37.6922 ], [ 144.8694, -37.6977 ], [ 144.8712, -37.6979 ], [ 144.8696, -37.707 ], [ 144.8615, -37.7061 ], [ 144.8601, -37.7056 ], [ 144.8582, -37.704 ], [ 144.8576, -37.7042 ], [ 144.8566, -37.7034 ], [ 144.8518, -37.7018 ], [ 144.8512, -37.7051 ], [ 144.848, -37.7048 ], [ 144.8475, -37.7104 ], [ 144.8426, -37.7098 ], [ 144.8417, -37.7088 ], [ 144.8421, -37.7041 ], [ 144.8432, -37.7018 ], [ 144.8447, -37.7004 ], [ 144.8424, -37.6993 ], [ 144.8415, -37.7001 ], [ 144.8403, -37.7004 ], [ 144.8396, -37.7002 ], [ 144.8394, -37.7011 ], [ 144.8387, -37.701 ], [ 144.8381, -37.7 ], [ 144.8384, -37.6994 ], [ 144.84, -37.6985 ], [ 144.8404, -37.696 ], [ 144.8377, -37.694 ], [ 144.838, -37.6922 ], [ 144.8346, -37.6918 ], [ 144.8351, -37.6885 ], [ 144.8262, -37.6875 ], [ 144.8266, -37.6849 ], [ 144.8205, -37.6843 ], [ 144.8201, -37.6829 ], [ 144.8187, -37.6824 ], [ 144.8155, -37.6825 ], [ 144.8123, -37.6816 ], [ 144.8095, -37.6815 ], [ 144.8076, -37.683 ], [ 144.8068, -37.6833 ], [ 144.8063, -37.6831 ], [ 144.806, -37.6811 ], [ 144.8053, -37.6805 ], [ 144.8058, -37.679 ], [ 144.8057, -37.6775 ], [ 144.8044, -37.6776 ], [ 144.8037, -37.6769 ], [ 144.8034, -37.6759 ], [ 144.8038, -37.6737 ], [ 144.8036, -37.6722 ], [ 144.8041, -37.6717 ], [ 144.8048, -37.6696 ], [ 144.8027, -37.6683 ], [ 144.8024, -37.6663 ], [ 144.8041, -37.6654 ], [ 144.8079, -37.6657 ], [ 144.8089, -37.665 ], [ 144.8066, -37.6637 ], [ 144.804, -37.6615 ], [ 144.8015, -37.6617 ], [ 144.8, -37.6612 ], [ 144.7998, -37.6607 ], [ 144.8007, -37.66 ], [ 144.805, -37.6603 ], [ 144.8063, -37.6594 ], [ 144.8062, -37.6589 ], [ 144.8056, -37.6582 ], [ 144.8036, -37.6574 ], [ 144.7991, -37.6576 ], [ 144.798, -37.6561 ], [ 144.7976, -37.6547 ] ] ] } },
{ "type": "Feature", "properties": { "loc_pid": "loc556974a8bc81", "suburb": "Melton", "join_key": "MELTON" }, "geometry": { "type": "Polygon", "coordinates": [ [ [ 144.5671, -37.6902 ], [ 144.5703, -37.6729 ], [ 144.5978, -37.6763 ], [ 144.5982, -37.6779 ], [ 144.599, -37.6777 ], [ 144.5989, -37.6784 ], [ 144.5993, -37.6785 ], [ 144.5993, -37.6789 ], [ 144.6005, -37.6786 ], [ 144.6, -37.678 ], [ 144.6005, -37.6778 ], [ 144.6008, -37.6782 ], [ 144.6012, -37.6782 ], [ 144.601, -37.6777 ], [ 144.6014, -37.6777 ], [ 144.6016, -37.6781 ], [ 144.602, -37.678 ], [ 144.6023, -37.6774 ], [ 144.6018, -37.6772 ], [ 144.602, -37.6769 ], [ 144.6037, -37.6768 ], [ 144.6034, -37.6764 ], [ 144.6038, -37.6762 ], [ 144.6041, -37.6767 ], [ 144.6052, -37.6764 ], [ 144.605, -37.6757 ], [ 144.6056, -37.675 ], [ 144.6054, -37.6747 ], [ 144.6047, -37.6747 ], [ 144.6049, -37.6742 ], [ 144.6046, -37.6735 ], [ 144.6049, -37.6732 ], [ 144.6054, -37.6734 ], [ 144.6056, -37.6731 ], [ 144.6062, -37.6732 ], [ 144.6063, -37.673 ], [ 144.6055, -37.6725 ], [ 144.6054, -37.6708 ], [ 144.6069, -37.6699 ], [ 144.6065, -37.6698 ], [ 144.607, -37.6695 ], [ 144.6068, -37.6682 ], [ 144.6084, -37.6677 ], [ 144.6082, -37.6669 ], [ 144.6094, -37.6665 ], [ 144.6095, -37.6657 ], [ 144.6092, -37.6654 ], [ 144.6096, -37.6648 ], [ 144.6119, -37.6638 ], [ 144.6127, -37.6639 ], [ 144.6123, -37.6632 ], [ 144.6129, -37.663 ], [ 144.6129, -37.6621 ], [ 144.6123, -37.6616 ], [ 144.6131, -37.6615 ], [ 144.6134, -37.661 ], [ 144.6133, -37.6599 ], [ 144.6123, -37.6594 ], [ 144.6126, -37.6587 ], [ 144.6119, -37.6582 ], [ 144.6119, -37.6577 ], [ 144.6113, -37.6571 ], [ 144.6113, -37.6568 ], [ 144.6123, -37.6564 ], [ 144.6123, -37.656 ], [ 144.6118, -37.6557 ], [ 144.6119, -37.6553 ], [ 144.6131, -37.6552 ], [ 144.6133, -37.6543 ], [ 144.6129, -37.6538 ], [ 144.6118, -37.6537 ], [ 144.6115, -37.6529 ], [ 144.6102, -37.6516 ], [ 144.6082, -37.6506 ], [ 144.609, -37.6501 ], [ 144.6085, -37.6485 ], [ 144.6437, -37.6526 ], [ 144.6433, -37.6535 ], [ 144.6435, -37.6543 ], [ 144.6454, -37.6556 ], [ 144.6459, -37.6567 ], [ 144.6459, -37.6577 ], [ 144.6466, -37.6587 ], [ 144.6479, -37.6592 ], [ 144.6463, -37.6618 ], [ 144.6451, -37.662 ], [ 144.645, -37.6629 ], [ 144.6454, -37.6641 ], [ 144.6448, -37.6663 ], [ 144.6459, -37.6668 ], [ 144.6459, -37.6671 ], [ 144.6443, -37.6681 ], [ 144.6447, -37.669 ], [ 144.646, -37.6698 ], [ 144.6458, -37.6706 ], [ 144.6467, -37.6709 ], [ 144.6469, -37.6714 ], [ 144.6459, -37.672 ], [ 144.6431, -37.6723 ], [ 144.6419, -37.6742 ], [ 144.6416, -37.6754 ], [ 144.6423, -37.676 ], [ 144.6429, -37.6757 ], [ 144.6434, -37.6759 ], [ 144.6435, -37.6769 ], [ 144.6438, -37.677 ], [ 144.6435, -37.6779 ], [ 144.6422, -37.6788 ], [ 144.641, -37.6788 ], [ 144.6403, -37.6793 ], [ 144.6394, -37.6792 ], [ 144.6391, -37.6785 ], [ 144.6371, -37.6789 ], [ 144.6366, -37.6799 ], [ 144.6375, -37.6812 ], [ 144.6349, -37.6834 ], [ 144.6245, -37.6823 ], [ 144.6231, -37.6889 ], [ 144.621, -37.7024 ], [ 144.6145, -37.6976 ], [ 144.613, -37.6969 ], [ 144.6095, -37.696 ], [ 144.6038, -37.6953 ], [ 144.59, -37.695 ], [ 144.5837, -37.6938 ], [ 144.5772, -37.6915 ], [ 144.5671, -37.6902 ] ] ] } },
{ "type": "Feature", "properties": { "loc_pid": "locb3584a0e11e8", "suburb": "Melton South", "join_key": "MELTON SOUTH" }, "geometry": { "type": "Polygon", "coordinates": [ [ [ 144.5495, -37.7153 ], [ 144.5518, -37.7141 ], [ 144.5644, -37.7045 ], [ 144.5671, -37.6902 ], [ 144.5772, -37.6915 ], [ 144.5849, -37.6941 ], [ 144.5841, -37.6945 ], [ 144.5835, -37.6944 ], [ 144.5833, -37.6948 ], [ 144.5826, -37.6948 ], [ 144.5821, -37.6953 ], [ 144.581, -37.6987 ], [ 144.5813, -37.7008 ], [ 144.5799, -37.7016 ], [ 144.5793, -37.7024 ], [ 144.5782, -37.7029 ], [ 144.5792, -37.704 ], [ 144.5791, -37.7048 ], [ 144.5803, -37.7054 ], [ 144.5809, -37.7066 ], [ 144.5807, -37.7084 ], [ 144.5794, -37.7105 ], [ 144.5798, -37.7107 ], [ 144.5806, -37.7104 ], [ 144.5811, -37.7111 ], [ 144.5808, -37.7116 ], [ 144.5794, -37.7123 ], [ 144.58, -37.7133 ], [ 144.5789, -37.7145 ], [ 144.5797, -37.7147 ], [ 144.5811, -37.7138 ], [ 144.583, -37.7146 ], [ 144.5822, -37.7155 ], [ 144.5822, -37.716 ], [ 144.5805, -37.7161 ], [ 144.5808, -37.7167 ], [ 144.5819, -37.7172 ], [ 144.5815, -37.7178 ], [ 144.5816, -37.7184 ], [ 144.5831, -37.7183 ], [ 144.5824, -37.7194 ], [ 144.5828, -37.72 ], [ 144.5823, -37.7206 ], [ 144.5619, -37.7184 ], [ 144.5622, -37.7168 ], [ 144.5495, -37.7153 ] ] ] } },
{ "type": "Feature", "properties": { "loc_pid": "loc6f542385dd44", "suburb": "Melton West", "join_key": "MELTON WEST" }, "geometry": { "type": "Polygon", "coordinates": [ [ [ 144.5121, -37.6756 ], [ 144.5123, -37.6753 ], [ 144.5128, -37.6753 ], [ 144.5131, -37.6747 ], [ 144.5139, -37.6745 ], [ 144.5152, -37.6727 ], [ 144.5159, -37.6731 ], [ 144.5166, -37.6747 ], [ 144.5174, -37.6744 ], [ 144.5173, -37.6737 ], [ 144.5183, -37.6732 ], [ 144.5185, -37.6728 ], [ 144.5176, -37.6723 ], [ 144.5163, -37.6722 ], [ 144.5159, -37.6718 ], [ 144.5161, -37.6715 ], [ 144.518, -37.6713 ], [ 144.5186, -37.6703 ], [ 144.5169, -37.6694 ], [ 144.5163, -37.6699 ], [ 144.516, -37.6698 ], [ 144.5153, -37.6682 ], [ 144.5168, -37.6679 ], [ 144.5179, -37.6669 ], [ 144.5188, -37.6671 ], [ 144.5192, -37.6681 ], [ 144.5201, -37.6682 ], [ 144.5203, -37.6677 ], [ 144.5195, -37.6674 ], [ 144.5192, -37.6668 ], [ 144.5343, -37.6686 ], [ 144.5338, -37.671 ], [ 144.546, -37.6726 ], [ 144.5484, -37.6745 ], [ 144.5507, -37.6752 ], [ 144.5515, -37.6752 ], [ 144.5524, -37.6704 ], [ 144.5552, -37.6707 ], [ 144.557, -37.6702 ], [ 144.559, -37.6713 ], [ 144.5686, -37.6724 ], [ 144.5703, -37.6731 ], [ 144.5671, -37.6902 ], [ 144.5319, -37.6866 ], [ 144.5222, -37.6872 ], [ 144.52, -37.6877 ], [ 144.5178, -37.6876 ], [ 144.5168, -37.6872 ], [ 144.5147, -37.6856 ], [ 144.5164, -37.6857 ], [ 144.5162, -37.6846 ], [ 144.5146, -37.6848 ], [ 144.5138, -37.6841 ], [ 144.5136, -37.6796 ], [ 144.5133, -37.6789 ], [ 144.5125, -37.6784 ], [ 144.5121, -37.6771 ], [ 144.5124, -37.677 ], [ 144.5138, -37.6781 ], [ 144.5142, -37.6781 ], [ 144.5142, -37.6772 ], [ 144.5138, -37.6767 ], [ 144.5124, -37.6762 ], [ 144.5121, -37.6756 ] ] ] } },
{ "type": "Feature", "properties": { "loc_pid": "locdd716f1059c5", "suburb": "Mentone", "join_key": "MENTONE" }, "geometry": { "type": "Polygon", "coordinates": [ [ [ 145.0517, -37.9868 ], [ 145.0542, -37.9735 ], [ 145.0651, -37.9748 ], [ 145.0643, -37.9738 ], [ 145.0915, -37.977 ], [ 145.0908, -37.9806 ], [ 145.0934, -37.9809 ], [ 145.0931, -37.9827 ], [ 145.0936, -37.9828 ], [ 145.0933, -37.9842 ], [ 145.0953, -37.9845 ], [ 145.0952, -37.9849 ], [ 145.0796, -37.983 ], [ 145.0788, -37.987 ], [ 145.0747, -37.9828 ], [ 145.0735, -37.9824 ], [ 145.0713, -37.9822 ], [ 145.0688, -37.995 ], [ 145.0638, -37.9917 ], [ 145.0588, -37.9891 ], [ 145.0557, -37.9878 ], [ 145.0517, -37.9868 ] ] ] } },
{ "type": "Feature", "properties": { "loc_pid": "loceb44a3a54ace", "suburb": "Mernda", "join_key": "MERNDA" }, "geometry": { "type": "Polygon", "coordinates": [ [ [ 145.0506, -37.6105 ], [ 145.0509, -37.6096 ], [ 145.0522, -37.609 ], [ 145.0538, -37.6077 ], [ 145.0546, -37.6066 ], [ 145.0542, -37.6058 ], [ 145.0548, -37.6046 ], [ 145.0542, -37.6039 ], [ 145.0528, -37.6036 ], [ 145.0518, -37.603 ], [ 145.052, -37.6012 ], [ 145.0511, -37.6004 ], [ 145.0534, -37.5985 ], [ 145.0535, -37.5964 ], [ 145.0531, -37.5957 ], [ 145.0524, -37.5953 ], [ 145.0521, -37.5945 ], [ 145.0527, -37.5924 ], [ 145.0535, -37.5918 ], [ 145.0541, -37.5918 ], [ 145.0551, -37.5925 ], [ 145.0559, -37.5923 ], [ 145.0589, -37.5936 ], [ 145.0598, -37.5936 ], [ 145.0631, -37.5918 ], [ 145.0635, -37.5906 ], [ 145.0644, -37.5899 ], [ 145.0637, -37.5883 ], [ 145.0641, -37.5868 ], [ 145.0637, -37.584 ], [ 145.0642, -37.5824 ], [ 145.0585, -37.5818 ], [ 145.061, -37.5673 ], [ 145.1007, -37.5713 ], [ 145.1185, -37.5737 ], [ 145.1179, -37.5745 ], [ 145.1169, -37.575 ], [ 145.1179, -37.5755 ], [ 145.1175, -37.576 ], [ 145.1177, -37.5768 ], [ 145.1172, -37.5769 ], [ 145.117, -37.5773 ], [ 145.1163, -37.5772 ], [ 145.1156, -37.5778 ], [ 145.1151, -37.5776 ], [ 145.1153, -37.5771 ], [ 145.1147, -37.5771 ], [ 145.1129, -37.5788 ], [ 145.1133, -37.5793 ], [ 145.112, -37.5804 ], [ 145.1125, -37.5808 ], [ 145.1124, -37.5814 ], [ 145.1137, -37.5808 ], [ 145.1134, -37.5813 ], [ 145.1138, -37.5819 ], [ 145.1136, -37.5823 ], [ 145.1145, -37.5827 ], [ 145.1138, -37.5832 ], [ 145.1141, -37.5833 ], [ 145.1138, -37.5839 ], [ 145.1144, -37.5839 ], [ 145.1146, -37.5846 ], [ 145.1143, -37.585 ], [ 145.1149, -37.5852 ], [ 145.1143, -37.5856 ], [ 145.1138, -37.5855 ], [ 145.1134, -37.5856 ], [ 145.114, -37.586 ], [ 145.1134, -37.5863 ], [ 145.1138, -37.5881 ], [ 145.113, -37.5885 ], [ 145.1133, -37.5888 ], [ 145.1129, -37.589 ], [ 145.1127, -37.5897 ], [ 145.1121, -37.5899 ], [ 145.1124, -37.5905 ], [ 145.1117, -37.5903 ], [ 145.111, -37.5896 ], [ 145.1105, -37.5901 ], [ 145.1106, -37.5907 ], [ 145.1093, -37.5907 ], [ 145.1086, -37.5904 ], [ 145.1076, -37.5908 ], [ 145.1088, -37.5922 ], [ 145.1089, -37.5931 ], [ 145.11, -37.5938 ], [ 145.1101, -37.5945 ], [ 145.1084, -37.5946 ], [ 145.1079, -37.5958 ], [ 145.1062, -37.5961 ], [ 145.1062, -37.5971 ], [ 145.1069, -37.5975 ], [ 145.1068, -37.5986 ], [ 145.1063, -37.599 ], [ 145.1054, -37.599 ], [ 145.1048, -37.6003 ], [ 145.105, -37.6014 ], [ 145.1059, -37.6025 ], [ 145.1054, -37.603 ], [ 145.104, -37.6035 ], [ 145.1031, -37.6044 ], [ 145.1032, -37.6054 ], [ 145.1027, -37.6067 ], [ 145.1031, -37.6077 ], [ 145.1042, -37.6082 ], [ 145.1041, -37.6095 ], [ 145.1047, -37.6101 ], [ 145.1047, -37.6119 ], [ 145.105, -37.6124 ], [ 145.1059, -37.6127 ], [ 145.1073, -37.6138 ], [ 145.1079, -37.6138 ], [ 145.1084, -37.6133 ], [ 145.1097, -37.6136 ], [ 145.109, -37.6142 ], [ 145.1059, -37.6145 ], [ 145.1061, -37.6152 ], [ 145.1093, -37.6157 ], [ 145.1095, -37.6164 ], [ 145.1089, -37.6165 ], [ 145.1085, -37.6171 ], [ 145.0797, -37.6134 ], [ 145.0506, -37.6105 ] ] ] } },
{ "type": "Feature", "properties": { "loc_pid": "loc1b271c01e3dc", "suburb": "Mickleham", "join_key": "MICKLEHAM" }, "geometry": { "type": "Polygon", "coordinates": [ [ [ 144.8485, -37.5487 ], [ 144.8485, -37.5478 ], [ 144.849, -37.5477 ], [ 144.8514, -37.5484 ], [ 144.8531, -37.5484 ], [ 144.8538, -37.5475 ], [ 144.8534, -37.5455 ], [ 144.8566, -37.5452 ], [ 144.8564, -37.5449 ], [ 144.8552, -37.5447 ], [ 144.8553, -37.5439 ], [ 144.8545, -37.5438 ], [ 144.8542, -37.5423 ], [ 144.8546, -37.5413 ], [ 144.8553, -37.5411 ], [ 144.8564, -37.5419 ], [ 144.8572, -37.5419 ], [ 144.8581, -37.5413 ], [ 144.8544, -37.5396 ], [ 144.8533, -37.5379 ], [ 144.8521, -37.5381 ], [ 144.8518, -37.5379 ], [ 144.8505, -37.5359 ], [ 144.8507, -37.5351 ], [ 144.8521, -37.5347 ], [ 144.8515, -37.5333 ], [ 144.8517, -37.5325 ], [ 144.8524, -37.5322 ], [ 144.8536, -37.5332 ], [ 144.8533, -37.5351 ], [ 144.8542, -37.5354 ], [ 144.8547, -37.5347 ], [ 144.8549, -37.5323 ], [ 144.8558, -37.5308 ], [ 144.8588, -37.5317 ], [ 144.8594, -37.5288 ], [ 144.8587, -37.5288 ], [ 144.858, -37.5295 ], [ 144.8564, -37.5294 ], [ 144.8558, -37.5282 ], [ 144.856, -37.527 ], [ 144.857, -37.5268 ], [ 144.859, -37.5248 ], [ 144.8604, -37.5278 ], [ 144.8607, -37.528 ], [ 144.8619, -37.5278 ], [ 144.8624, -37.5271 ], [ 144.8621, -37.5257 ], [ 144.8628, -37.5256 ], [ 144.8638, -37.5259 ], [ 144.8651, -37.525 ], [ 144.8654, -37.5243 ], [ 144.8663, -37.5242 ], [ 144.867, -37.5237 ], [ 144.8674, -37.5226 ], [ 144.8668, -37.5213 ], [ 144.8682, -37.5203 ], [ 144.8677, -37.5179 ], [ 144.868, -37.5173 ], [ 144.8691, -37.5169 ], [ 144.8703, -37.516 ], [ 144.8705, -37.5155 ], [ 144.8711, -37.5154 ], [ 144.872, -37.5135 ], [ 144.8719, -37.5131 ], [ 144.8706, -37.5128 ], [ 144.8701, -37.5124 ], [ 144.8681, -37.5125 ], [ 144.8667, -37.5119 ], [ 144.8668, -37.5112 ], [ 144.8686, -37.5105 ], [ 144.8693, -37.5096 ], [ 144.8679, -37.509 ], [ 144.8675, -37.5083 ], [ 144.8666, -37.5081 ], [ 144.8661, -37.5072 ], [ 144.8663, -37.5069 ], [ 144.8678, -37.5058 ], [ 144.8684, -37.5058 ], [ 144.8695, -37.5068 ], [ 144.8702, -37.5066 ], [ 144.8703, -37.5059 ], [ 144.8712, -37.506 ], [ 144.871, -37.5053 ], [ 144.8692, -37.5053 ], [ 144.8683, -37.505 ], [ 144.8677, -37.5042 ], [ 144.8676, -37.5035 ], [ 144.868, -37.5033 ], [ 144.8694, -37.5031 ], [ 144.8699, -37.5043 ], [ 144.872, -37.5051 ], [ 144.8737, -37.5045 ], [ 144.8739, -37.5042 ], [ 144.8734, -37.5041 ], [ 144.8732, -37.5037 ], [ 144.8757, -37.5021 ], [ 144.8763, -37.5026 ], [ 144.8763, -37.504 ], [ 144.8774, -37.5052 ], [ 144.8804, -37.5054 ], [ 144.8833, -37.5049 ], [ 144.8839, -37.5045 ], [ 144.8834, -37.5036 ], [ 144.8835, -37.5034 ], [ 144.8847, -37.5028 ], [ 144.8859, -37.5036 ], [ 144.8869, -37.5048 ], [ 144.8885, -37.5049 ], [ 144.8901, -37.5039 ], [ 144.95, -37.5112 ], [ 144.9405, -37.5697 ], [ 144.895, -37.5642 ], [ 144.8927, -37.5764 ], [ 144.8949, -37.5766 ], [ 144.8947, -37.5783 ], [ 144.8943, -37.5804 ], [ 144.8919, -37.5801 ], [ 144.8902, -37.5911 ], [ 144.8794, -37.5897 ], [ 144.8743, -37.5742 ], [ 144.8758, -37.5666 ], [ 144.8663, -37.5656 ], [ 144.8672, -37.5609 ], [ 144.8577, -37.5617 ], [ 144.8524, -37.558 ], [ 144.8515, -37.5543 ], [ 144.8502, -37.5538 ], [ 144.8505, -37.552 ], [ 144.8494, -37.5513 ], [ 144.8499, -37.5493 ], [ 144.8497, -37.549 ], [ 144.8485, -37.5487 ] ] ] } },
{ "type": "Feature", "properties": { "loc_pid": "loc7ea958f6824d", "suburb": "Middle Park", "join_key": "MIDDLE PARK" }, "geometry": { "type": "Polygon", "coordinates": [ [ [ 144.9544, -37.8512 ], [ 144.9551, -37.8503 ], [ 144.9557, -37.8505 ], [ 144.9562, -37.85 ], [ 144.9574, -37.8485 ], [ 144.9569, -37.8482 ], [ 144.9579, -37.847 ], [ 144.9584, -37.8471 ], [ 144.9588, -37.8459 ], [ 144.9591, -37.8461 ], [ 144.9595, -37.8454 ], [ 144.96, -37.8452 ], [ 144.9604, -37.8447 ], [ 144.9599, -37.8445 ], [ 144.9606, -37.8438 ], [ 144.9623, -37.8463 ], [ 144.9653, -37.8495 ], [ 144.9707, -37.8536 ], [ 144.9696, -37.8539 ], [ 144.9699, -37.8543 ], [ 144.9684, -37.8543 ], [ 144.9678, -37.8549 ], [ 144.9682, -37.8553 ], [ 144.9677, -37.8551 ], [ 144.967, -37.8559 ], [ 144.9675, -37.8563 ], [ 144.9668, -37.8561 ], [ 144.9657, -37.8575 ], [ 144.9627, -37.8552 ], [ 144.9544, -37.8512 ] ] ] } },
{ "type": "Feature", "properties": { "loc_pid": "loc49fb687cbcb9", "suburb": "Mill Park", "join_key": "MILL PARK" }, "geometry": { "type": "Polygon", "coordinates": [ [ [ 145.0355, -37.6655 ], [ 145.0365, -37.6638 ], [ 145.0357, -37.662 ], [ 145.0371, -37.6611 ], [ 145.0373, -37.6594 ], [ 145.0396, -37.6569 ], [ 145.0397, -37.6559 ], [ 145.0411, -37.6542 ], [ 145.0421, -37.6521 ], [ 145.0493, -37.6516 ], [ 145.0676, -37.6492 ], [ 145.0685, -37.6496 ], [ 145.0703, -37.6494 ], [ 145.0814, -37.6505 ], [ 145.0821, -37.6537 ], [ 145.0946, -37.6627 ], [ 145.0946, -37.6631 ], [ 145.0932, -37.6643 ], [ 145.0926, -37.6635 ], [ 145.0911, -37.6631 ], [ 145.0892, -37.6641 ], [ 145.0897, -37.6648 ], [ 145.0913, -37.665 ], [ 145.092, -37.6654 ], [ 145.0922, -37.6671 ], [ 145.0919, -37.6674 ], [ 145.0909, -37.667 ], [ 145.0897, -37.6676 ], [ 145.0891, -37.6686 ], [ 145.0885, -37.6686 ], [ 145.0879, -37.6679 ], [ 145.0873, -37.6677 ], [ 145.0856, -37.669 ], [ 145.0843, -37.6689 ], [ 145.0838, -37.6692 ], [ 145.0841, -37.6701 ], [ 145.0864, -37.6705 ], [ 145.0863, -37.6723 ], [ 145.0884, -37.6729 ], [ 145.0891, -37.6742 ], [ 145.0887, -37.6747 ], [ 145.087, -37.6741 ], [ 145.0857, -37.6743 ], [ 145.0856, -37.6749 ], [ 145.0861, -37.6759 ], [ 145.0871, -37.6767 ], [ 145.0865, -37.6776 ], [ 145.0845, -37.6765 ], [ 145.0834, -37.6769 ], [ 145.0847, -37.6776 ], [ 145.0848, -37.6792 ], [ 145.0696, -37.6782 ], [ 145.0695, -37.6788 ], [ 145.0422, -37.6765 ], [ 145.0426, -37.676 ], [ 145.0434, -37.6762 ], [ 145.0448, -37.6752 ], [ 145.0443, -37.6744 ], [ 145.0448, -37.673 ], [ 145.0454, -37.6726 ], [ 145.045, -37.6715 ], [ 145.0435, -37.6721 ], [ 145.0424, -37.6707 ], [ 145.0408, -37.6706 ], [ 145.0405, -37.67 ], [ 145.0389, -37.6705 ], [ 145.037, -37.6701 ], [ 145.0369, -37.6692 ], [ 145.0379, -37.6688 ], [ 145.0388, -37.6669 ], [ 145.0372, -37.6664 ], [ 145.0361, -37.6671 ], [ 145.0364, -37.6661 ], [ 145.0355, -37.6655 ] ] ] } },
{ "type": "Feature", "properties": { "loc_pid": "loc6507f3478740", "suburb": "Millgrove", "join_key": "MILLGROVE" }, "geometry": { "type": "Polygon", "coordinates": [ [ [ 145.6282, -37.7406 ], [ 145.6297, -37.7352 ], [ 145.643, -37.7374 ], [ 145.643, -37.7366 ], [ 145.6449, -37.7353 ], [ 145.6458, -37.734 ], [ 145.6455, -37.7326 ], [ 145.6468, -37.7305 ], [ 145.6469, -37.7275 ], [ 145.6687, -37.7309 ], [ 145.667, -37.7375 ], [ 145.6686, -37.7434 ], [ 145.666, -37.7536 ], [ 145.6658, -37.7547 ], [ 145.6666, -37.7547 ], [ 145.6656, -37.7591 ], [ 145.66, -37.7582 ], [ 145.6591, -37.7607 ], [ 145.6509, -37.7596 ], [ 145.6508, -37.7593 ], [ 145.6491, -37.759 ], [ 145.6488, -37.7593 ], [ 145.6408, -37.7583 ], [ 145.6338, -37.7566 ], [ 145.6309, -37.7563 ], [ 145.634, -37.7414 ], [ 145.6282, -37.7406 ] ] ] } },
{ "type": "Feature", "properties": { "loc_pid": "loc37f7d645fb7e", "suburb": "Mitcham", "join_key": "MITCHAM" }, "geometry": { "type": "Polygon", "coordinates": [ [ [ 145.1845, -37.8095 ], [ 145.1848, -37.8094 ], [ 145.1846, -37.809 ], [ 145.1851, -37.8065 ], [ 145.1862, -37.8059 ], [ 145.1868, -37.8032 ], [ 145.1874, -37.8026 ], [ 145.189, -37.8037 ], [ 145.1903, -37.8056 ], [ 145.191, -37.8053 ], [ 145.1912, -37.8056 ], [ 145.2053, -37.8055 ], [ 145.2058, -37.8061 ], [ 145.2054, -37.8067 ], [ 145.2056, -37.8073 ], [ 145.2064, -37.8071 ], [ 145.2069, -37.8064 ], [ 145.2073, -37.8064 ], [ 145.2079, -37.8081 ], [ 145.2087, -37.8089 ], [ 145.21, -37.8083 ], [ 145.2109, -37.8085 ], [ 145.2118, -37.8096 ], [ 145.212, -37.8105 ], [ 145.2129, -37.8107 ], [ 145.2135, -37.8118 ], [ 145.2133, -37.8309 ], [ 145.2127, -37.831 ], [ 145.2122, -37.8303 ], [ 145.2088, -37.8303 ], [ 145.2088, -37.8306 ], [ 145.2062, -37.8308 ], [ 145.2029, -37.8306 ], [ 145.2029, -37.831 ], [ 145.2005, -37.8309 ], [ 145.2005, -37.8311 ], [ 145.199, -37.8311 ], [ 145.199, -37.8305 ], [ 145.1949, -37.8306 ], [ 145.1949, -37.8313 ], [ 145.193, -37.8312 ], [ 145.193, -37.8306 ], [ 145.1911, -37.8305 ], [ 145.19, -37.831 ], [ 145.1888, -37.8309 ], [ 145.1877, -37.8278 ], [ 145.1859, -37.8279 ], [ 145.1855, -37.8264 ], [ 145.1855, -37.8189 ], [ 145.1871, -37.8187 ], [ 145.1871, -37.8182 ], [ 145.1868, -37.8183 ], [ 145.1866, -37.818 ], [ 145.1866, -37.8183 ], [ 145.1862, -37.8183 ], [ 145.1861, -37.818 ], [ 145.1845, -37.8095 ] ] ] } },
{ "type": "Feature", "properties": { "loc_pid": "loc412769a73057", "suburb": "Monbulk", "join_key": "MONBULK" }, "geometry": { "type": "Polygon", "coordinates": [ [ [ 145.3916, -37.8818 ], [ 145.3922, -37.8813 ], [ 145.3942, -37.8811 ], [ 145.3952, -37.8804 ], [ 145.3937, -37.877 ], [ 145.3944, -37.876 ], [ 145.3945, -37.8752 ], [ 145.3932, -37.873 ], [ 145.3936, -37.8705 ], [ 145.392, -37.867 ], [ 145.3978, -37.8659 ], [ 145.3996, -37.8658 ], [ 145.4022, -37.8645 ], [ 145.4046, -37.8655 ], [ 145.4045, -37.8633 ], [ 145.4136, -37.862 ], [ 145.4134, -37.86 ], [ 145.4143, -37.8573 ], [ 145.4136, -37.8569 ], [ 145.4137, -37.8562 ], [ 145.4129, -37.8553 ], [ 145.4129, -37.8547 ], [ 145.4139, -37.8545 ], [ 145.4147, -37.8547 ], [ 145.4163, -37.8558 ], [ 145.4175, -37.8549 ], [ 145.4176, -37.8532 ], [ 145.4182, -37.8524 ], [ 145.4197, -37.8521 ], [ 145.4193, -37.8509 ], [ 145.4239, -37.8513 ], [ 145.4246, -37.8525 ], [ 145.4301, -37.8552 ], [ 145.4371, -37.8544 ], [ 145.4375, -37.854 ], [ 145.4427, -37.8578 ], [ 145.445, -37.8572 ], [ 145.4462, -37.856 ], [ 145.4468, -37.8546 ], [ 145.4477, -37.854 ], [ 145.4479, -37.8533 ], [ 145.4495, -37.8536 ], [ 145.4504, -37.8532 ], [ 145.4517, -37.8536 ], [ 145.453, -37.8546 ], [ 145.4534, -37.8545 ], [ 145.4534, -37.855 ], [ 145.4541, -37.8553 ], [ 145.454, -37.8562 ], [ 145.4549, -37.8562 ], [ 145.4551, -37.8566 ], [ 145.4548, -37.8567 ], [ 145.4555, -37.8569 ], [ 145.4555, -37.8573 ], [ 145.4564, -37.8574 ], [ 145.4563, -37.8571 ], [ 145.457, -37.857 ], [ 145.4584, -37.8571 ], [ 145.4584, -37.8583 ], [ 145.4578, -37.859 ], [ 145.4583, -37.8595 ], [ 145.4582, -37.861 ], [ 145.4573, -37.8615 ], [ 145.4575, -37.8623 ], [ 145.4582, -37.8626 ], [ 145.4574, -37.8635 ], [ 145.458, -37.8637 ], [ 145.4583, -37.8644 ], [ 145.4572, -37.865 ], [ 145.458, -37.867 ], [ 145.4576, -37.867 ], [ 145.4575, -37.8674 ], [ 145.4571, -37.8673 ], [ 145.4574, -37.8678 ], [ 145.4585, -37.8683 ], [ 145.4583, -37.8686 ], [ 145.4574, -37.8685 ], [ 145.4573, -37.8689 ], [ 145.4583, -37.8688 ], [ 145.4584, -37.8691 ], [ 145.4579, -37.8698 ], [ 145.4578, -37.8693 ], [ 145.4571, -37.8694 ], [ 145.4577, -37.8701 ], [ 145.4569, -37.8702 ], [ 145.4564, -37.8714 ], [ 145.4565, -37.8718 ], [ 145.4573, -37.872 ], [ 145.4576, -37.8726 ], [ 145.4582, -37.8725 ], [ 145.4582, -37.8729 ], [ 145.4585, -37.8729 ], [ 145.4589, -37.8742 ], [ 145.4585, -37.8743 ], [ 145.4582, -37.8739 ], [ 145.4578, -37.874 ], [ 145.4577, -37.8747 ], [ 145.4581, -37.875 ], [ 145.4575, -37.8751 ], [ 145.457, -37.8762 ], [ 145.4575, -37.8763 ], [ 145.4572, -37.8768 ], [ 145.4577, -37.877 ], [ 145.4576, -37.8774 ], [ 145.4581, -37.878 ], [ 145.4584, -37.8776 ], [ 145.4588, -37.8779 ], [ 145.4581, -37.8785 ], [ 145.4573, -37.8787 ], [ 145.4576, -37.8792 ], [ 145.4566, -37.8797 ], [ 145.4566, -37.8802 ], [ 145.457, -37.8803 ], [ 145.4567, -37.8807 ], [ 145.4552, -37.8805 ], [ 145.4541, -37.8814 ], [ 145.4533, -37.8816 ], [ 145.4525, -37.883 ], [ 145.452, -37.8833 ], [ 145.4519, -37.8839 ], [ 145.4515, -37.8838 ], [ 145.4518, -37.8826 ], [ 145.4511, -37.882 ], [ 145.4504, -37.882 ], [ 145.4488, -37.8842 ], [ 145.448, -37.8846 ], [ 145.4481, -37.8854 ], [ 145.4477, -37.8855 ], [ 145.4474, -37.8866 ], [ 145.4479, -37.8879 ], [ 145.4467, -37.8893 ], [ 145.4468, -37.89 ], [ 145.4459, -37.8905 ], [ 145.446, -37.8913 ], [ 145.4454, -37.8918 ], [ 145.4434, -37.8917 ], [ 145.4414, -37.8928 ], [ 145.441, -37.8937 ], [ 145.4403, -37.8942 ], [ 145.4403, -37.8948 ], [ 145.4363, -37.8946 ], [ 145.4355, -37.8936 ], [ 145.4352, -37.8953 ], [ 145.4288, -37.8946 ], [ 145.4264, -37.8959 ], [ 145.4249, -37.896 ], [ 145.4247, -37.8968 ], [ 145.4231, -37.8977 ], [ 145.4217, -37.8992 ], [ 145.4196, -37.8988 ], [ 145.4186, -37.8989 ], [ 145.4183, -37.8992 ], [ 145.4158, -37.8979 ], [ 145.4163, -37.8973 ], [ 145.4119, -37.8951 ], [ 145.4145, -37.8918 ], [ 145.4113, -37.889 ], [ 145.4063, -37.8895 ], [ 145.4063, -37.8842 ], [ 145.4072, -37.8831 ], [ 145.4078, -37.8833 ], [ 145.4087, -37.8823 ], [ 145.4084, -37.8819 ], [ 145.4072, -37.8816 ], [ 145.4068, -37.881 ], [ 145.4053, -37.8813 ], [ 145.4041, -37.8826 ], [ 145.4031, -37.8831 ], [ 145.4006, -37.8827 ], [ 145.3984, -37.8831 ], [ 145.3974, -37.8824 ], [ 145.3935, -37.8823 ], [ 145.3919, -37.8821 ], [ 145.3916, -37.8818 ] ] ] } },
{ "type": "Feature", "properties": { "loc_pid": "locaaacb1131c06", "suburb": "Mont Albert", "join_key": "MONT ALBERT" }, "geometry": { "type": "Polygon", "coordinates": [ [ [ 145.1001, -37.8239 ], [ 145.1017, -37.8153 ], [ 145.1021, -37.8153 ], [ 145.1022, -37.8148 ], [ 145.1002, -37.8146 ], [ 145.1006, -37.8127 ], [ 145.1001, -37.8126 ], [ 145.1012, -37.812 ], [ 145.1014, -37.8106 ], [ 145.1027, -37.8105 ], [ 145.1031, -37.8108 ], [ 145.109, -37.8115 ], [ 145.1096, -37.8119 ], [ 145.1158, -37.8126 ], [ 145.1135, -37.8249 ], [ 145.1061, -37.8241 ], [ 145.1042, -37.8233 ], [ 145.1018, -37.8233 ], [ 145.1001, -37.8239 ] ] ] } },
{ "type": "Feature", "properties": { "loc_pid": "loca1efec8fa041", "suburb": "Mont Albert North", "join_key": "MONT ALBERT NORTH" }, "geometry": { "type": "Polygon", "coordinates": [ [ [ 145.1025, -37.8101 ], [ 145.1029, -37.8094 ], [ 145.1036, -37.8093 ], [ 145.1049, -37.8032 ], [ 145.1041, -37.8022 ], [ 145.1046, -37.802 ], [ 145.1048, -37.8006 ], [ 145.1042, -37.8005 ], [ 145.104, -37.7998 ], [ 145.1043, -37.7997 ], [ 145.1039, -37.7996 ], [ 145.1042, -37.7996 ], [ 145.1042, -37.798 ], [ 145.1046, -37.7969 ], [ 145.1038, -37.7967 ], [ 145.104, -37.7964 ], [ 145.1082, -37.7942 ], [ 145.1085, -37.7931 ], [ 145.1094, -37.7936 ], [ 145.1093, -37.7942 ], [ 145.1098, -37.7948 ], [ 145.1106, -37.7948 ], [ 145.1115, -37.7952 ], [ 145.1129, -37.7951 ], [ 145.1144, -37.7961 ], [ 145.1157, -37.7956 ], [ 145.1166, -37.7956 ], [ 145.1177, -37.7963 ], [ 145.1187, -37.7962 ], [ 145.1158, -37.8126 ], [ 145.1031, -37.8108 ], [ 145.1025, -37.8101 ] ] ] } },
{ "type": "Feature", "properties": { "loc_pid": "locff6258c8ea42", "suburb": "Montmorency", "join_key": "MONTMORENCY" }, "geometry": { "type": "Polygon", "coordinates": [ [ [ 145.1103, -37.7208 ], [ 145.1113, -37.72 ], [ 145.1121, -37.7188 ], [ 145.1121, -37.7184 ], [ 145.111, -37.7173 ], [ 145.1109, -37.7165 ], [ 145.1131, -37.7166 ], [ 145.1131, -37.7158 ], [ 145.1126, -37.7159 ], [ 145.1115, -37.7154 ], [ 145.1123, -37.7139 ], [ 145.1113, -37.7135 ], [ 145.1129, -37.7123 ], [ 145.1129, -37.7125 ], [ 145.1141, -37.7122 ], [ 145.1137, -37.7116 ], [ 145.114, -37.7111 ], [ 145.1153, -37.7123 ], [ 145.1169, -37.7114 ], [ 145.1171, -37.7116 ], [ 145.119, -37.711 ], [ 145.1188, -37.7107 ], [ 145.1199, -37.7102 ], [ 145.1198, -37.7096 ], [ 145.1205, -37.7095 ], [ 145.1206, -37.7088 ], [ 145.1211, -37.7092 ], [ 145.1218, -37.7092 ], [ 145.1219, -37.7087 ], [ 145.1222, -37.7087 ], [ 145.1222, -37.709 ], [ 145.1226, -37.7091 ], [ 145.1225, -37.7096 ], [ 145.1229, -37.7096 ], [ 145.1232, -37.7091 ], [ 145.1245, -37.7093 ], [ 145.1245, -37.709 ], [ 145.1251, -37.709 ], [ 145.1252, -37.7096 ], [ 145.1262, -37.7098 ], [ 145.1264, -37.7092 ], [ 145.127, -37.7091 ], [ 145.1268, -37.7098 ], [ 145.1287, -37.7097 ], [ 145.1289, -37.7106 ], [ 145.1301, -37.7102 ], [ 145.1302, -37.7095 ], [ 145.1314, -37.7096 ], [ 145.1315, -37.71 ], [ 145.1319, -37.7101 ], [ 145.1318, -37.7097 ], [ 145.1326, -37.7097 ], [ 145.1336, -37.7133 ], [ 145.1352, -37.7153 ], [ 145.1365, -37.7159 ], [ 145.1378, -37.718 ], [ 145.137, -37.7183 ], [ 145.1365, -37.721 ], [ 145.1371, -37.7211 ], [ 145.1363, -37.7217 ], [ 145.1365, -37.7222 ], [ 145.1359, -37.7226 ], [ 145.1362, -37.7228 ], [ 145.1358, -37.7227 ], [ 145.136, -37.7232 ], [ 145.1355, -37.7232 ], [ 145.1358, -37.7233 ], [ 145.1357, -37.7241 ], [ 145.135, -37.7249 ], [ 145.1355, -37.7249 ], [ 145.1357, -37.7255 ], [ 145.1353, -37.7261 ], [ 145.1359, -37.7264 ], [ 145.1352, -37.7265 ], [ 145.1351, -37.7269 ], [ 145.1358, -37.7272 ], [ 145.1357, -37.7277 ], [ 145.1352, -37.7278 ], [ 145.1347, -37.7287 ], [ 145.1352, -37.7291 ], [ 145.1347, -37.7307 ], [ 145.1346, -37.7305 ], [ 145.134, -37.731 ], [ 145.1344, -37.731 ], [ 145.1342, -37.7319 ], [ 145.1313, -37.7309 ], [ 145.1267, -37.7285 ], [ 145.1239, -37.7257 ], [ 145.1232, -37.7256 ], [ 145.1232, -37.7249 ], [ 145.1227, -37.725 ], [ 145.1221, -37.7246 ], [ 145.1218, -37.7247 ], [ 145.1219, -37.7245 ], [ 145.121, -37.7244 ], [ 145.121, -37.7239 ], [ 145.1203, -37.7236 ], [ 145.1202, -37.7238 ], [ 145.1175, -37.7231 ], [ 145.1135, -37.7243 ], [ 145.113, -37.7235 ], [ 145.1117, -37.7235 ], [ 145.112, -37.7229 ], [ 145.1105, -37.7225 ], [ 145.1119, -37.7223 ], [ 145.1121, -37.7218 ], [ 145.1106, -37.7213 ], [ 145.1103, -37.7208 ] ] ] } },
{ "type": "Feature", "properties": { "loc_pid": "locf9242b623b72", "suburb": "Montrose", "join_key": "MONTROSE" }, "geometry": { "type": "Polygon", "coordinates": [ [ [ 145.3229, -37.8149 ], [ 145.3299, -37.8104 ], [ 145.3307, -37.8094 ], [ 145.331, -37.8095 ], [ 145.3329, -37.8062 ], [ 145.3339, -37.8064 ], [ 145.3393, -37.805 ], [ 145.3391, -37.8046 ], [ 145.3399, -37.8029 ], [ 145.3391, -37.8014 ], [ 145.3419, -37.8017 ], [ 145.3447, -37.8027 ], [ 145.3463, -37.7945 ], [ 145.3446, -37.7943 ], [ 145.3452, -37.7911 ], [ 145.3531, -37.787 ], [ 145.3535, -37.787 ], [ 145.3537, -37.7919 ], [ 145.3532, -37.7942 ], [ 145.3557, -37.7946 ], [ 145.357, -37.7953 ], [ 145.3591, -37.7971 ], [ 145.3594, -37.7968 ], [ 145.3626, -37.7972 ], [ 145.369, -37.7971 ], [ 145.3682, -37.801 ], [ 145.3712, -37.8012 ], [ 145.3741, -37.8018 ], [ 145.374, -37.8027 ], [ 145.3747, -37.8049 ], [ 145.3741, -37.808 ], [ 145.3744, -37.8089 ], [ 145.3733, -37.8128 ], [ 145.3722, -37.813 ], [ 145.3716, -37.8136 ], [ 145.3678, -37.813 ], [ 145.3666, -37.8133 ], [ 145.3657, -37.8144 ], [ 145.3642, -37.8139 ], [ 145.3637, -37.8142 ], [ 145.3635, -37.8148 ], [ 145.3638, -37.8154 ], [ 145.3634, -37.8156 ], [ 145.361, -37.8156 ], [ 145.3601, -37.8167 ], [ 145.3576, -37.817 ], [ 145.3578, -37.8187 ], [ 145.3573, -37.8191 ], [ 145.3575, -37.8194 ], [ 145.3527, -37.8192 ], [ 145.3515, -37.8203 ], [ 145.3518, -37.8207 ], [ 145.3495, -37.821 ], [ 145.3485, -37.8202 ], [ 145.3479, -37.819 ], [ 145.3461, -37.8196 ], [ 145.3456, -37.8194 ], [ 145.3433, -37.821 ], [ 145.3448, -37.8222 ], [ 145.3437, -37.823 ], [ 145.3431, -37.8224 ], [ 145.3435, -37.8239 ], [ 145.3428, -37.8244 ], [ 145.3423, -37.827 ], [ 145.3414, -37.828 ], [ 145.3408, -37.8282 ], [ 145.3411, -37.8295 ], [ 145.338, -37.8309 ], [ 145.3386, -37.8316 ], [ 145.3382, -37.8318 ], [ 145.3385, -37.8319 ], [ 145.3386, -37.8349 ], [ 145.3342, -37.8344 ], [ 145.3337, -37.8354 ], [ 145.3341, -37.8411 ], [ 145.3328, -37.8474 ], [ 145.326, -37.8466 ], [ 145.3337, -37.8315 ], [ 145.333, -37.8315 ], [ 145.3328, -37.8308 ], [ 145.3312, -37.8299 ], [ 145.3302, -37.8286 ], [ 145.3283, -37.8287 ], [ 145.3279, -37.8285 ], [ 145.3278, -37.8277 ], [ 145.3261, -37.8269 ], [ 145.327, -37.8244 ], [ 145.3229, -37.8149 ] ] ] } },
{ "type": "Feature", "properties": { "loc_pid": "loc4a7c5154c298", "suburb": "Moonee Ponds", "join_key": "MOONEE PONDS" }, "geometry": { "type": "Polygon", "coordinates": [ [ [ 144.901, -37.77 ], [ 144.902, -37.7696 ], [ 144.9023, -37.769 ], [ 144.9016, -37.7654 ], [ 144.9022, -37.7647 ], [ 144.9036, -37.7649 ], [ 144.9039, -37.7632 ], [ 144.9032, -37.7629 ], [ 144.9033, -37.7624 ], [ 144.9048, -37.7626 ], [ 144.905, -37.7617 ], [ 144.9037, -37.7603 ], [ 144.9038, -37.7599 ], [ 144.9044, -37.76 ], [ 144.9045, -37.7598 ], [ 144.9053, -37.7601 ], [ 144.9053, -37.7605 ], [ 144.9061, -37.7603 ], [ 144.906, -37.7606 ], [ 144.907, -37.7607 ], [ 144.9073, -37.7602 ], [ 144.9075, -37.7607 ], [ 144.909, -37.7609 ], [ 144.9091, -37.7605 ], [ 144.9116, -37.7607 ], [ 144.9116, -37.7604 ], [ 144.9132, -37.7606 ], [ 144.914, -37.761 ], [ 144.9149, -37.7608 ], [ 144.9148, -37.761 ], [ 144.916, -37.7611 ], [ 144.9161, -37.7607 ], [ 144.9167, -37.7607 ], [ 144.9162, -37.7569 ], [ 144.9321, -37.7587 ], [ 144.9321, -37.7592 ], [ 144.9339, -37.7594 ], [ 144.9341, -37.7606 ], [ 144.9348, -37.7606 ], [ 144.9358, -37.7601 ], [ 144.9368, -37.7602 ], [ 144.9385, -37.761 ], [ 144.938, -37.7666 ], [ 144.9377, -37.767 ], [ 144.9379, -37.7686 ], [ 144.9376, -37.769 ], [ 144.9356, -37.7698 ], [ 144.9352, -37.7707 ], [ 144.9356, -37.771 ], [ 144.9377, -37.771 ], [ 144.9383, -37.7713 ], [ 144.9384, -37.7719 ], [ 144.9366, -37.7738 ], [ 144.9347, -37.7733 ], [ 144.9274, -37.7726 ], [ 144.9269, -37.7728 ], [ 144.9239, -37.7726 ], [ 144.901, -37.77 ] ] ] } },
{ "type": "Feature", "properties": { "loc_pid": "locea2e2e01b99c", "suburb": "Moorabbin", "join_key": "MOORABBIN" }, "geometry": { "type": "Polygon", "coordinates": [ [ [ 145.0344, -37.933 ], [ 145.0794, -37.9387 ], [ 145.0774, -37.9498 ], [ 145.059, -37.9476 ], [ 145.0591, -37.9472 ], [ 145.0437, -37.9452 ], [ 145.0394, -37.9449 ], [ 145.0378, -37.9426 ], [ 145.037, -37.9407 ], [ 145.0364, -37.9386 ], [ 145.0365, -37.9356 ], [ 145.0344, -37.933 ] ] ] } },
{ "type": "Feature", "properties": { "loc_pid": "locace3209a1388", "suburb": "Moorabbin Airport", "join_key": "MOORABBIN AIRPORT" }, "geometry": { "type": "Polygon", "coordinates": [ [ [ 145.0861, -37.9745 ], [ 145.087, -37.9693 ], [ 145.1117, -37.9723 ], [ 145.1092, -37.9866 ], [ 145.0952, -37.9849 ], [ 145.0952, -37.9844 ], [ 145.0933, -37.9842 ], [ 145.0936, -37.9828 ], [ 145.0931, -37.9827 ], [ 145.0934, -37.9809 ], [ 145.0908, -37.9806 ], [ 145.0915, -37.977 ], [ 145.0863, -37.9764 ], [ 145.0861, -37.9745 ] ] ] } },
{ "type": "Feature", "properties": { "loc_pid": "loc21df90314583", "suburb": "Mooroolbark", "join_key": "MOOROOLBARK" }, "geometry": { "type": "Polygon", "coordinates": [ [ [ 145.3001, -37.7724 ], [ 145.2982, -37.7708 ], [ 145.2982, -37.7708 ], [ 145.2985, -37.7708 ], [ 145.3005, -37.7711 ], [ 145.302, -37.7714 ], [ 145.3026, -37.7714 ], [ 145.3042, -37.7717 ], [ 145.3049, -37.7682 ], [ 145.3083, -37.7686 ], [ 145.3087, -37.7662 ], [ 145.3097, -37.7654 ], [ 145.3101, -37.7657 ], [ 145.3104, -37.7655 ], [ 145.3101, -37.765 ], [ 145.3148, -37.7656 ], [ 145.3161, -37.7584 ], [ 145.3186, -37.759 ], [ 145.3219, -37.759 ], [ 145.3262, -37.7596 ], [ 145.3284, -37.7604 ], [ 145.3343, -37.7611 ], [ 145.3324, -37.7712 ], [ 145.33, -37.7741 ], [ 145.3299, -37.7747 ], [ 145.3304, -37.7748 ], [ 145.33, -37.7749 ], [ 145.3304, -37.7753 ], [ 145.3317, -37.775 ], [ 145.3444, -37.7764 ], [ 145.3436, -37.7808 ], [ 145.3458, -37.7811 ], [ 145.3451, -37.7847 ], [ 145.3473, -37.785 ], [ 145.3497, -37.7847 ], [ 145.3535, -37.7864 ], [ 145.3535, -37.787 ], [ 145.3452, -37.7911 ], [ 145.3446, -37.7943 ], [ 145.3463, -37.7945 ], [ 145.3447, -37.8027 ], [ 145.3419, -37.8017 ], [ 145.3288, -37.8002 ], [ 145.3229, -37.795 ], [ 145.3203, -37.7947 ], [ 145.3143, -37.7917 ], [ 145.3135, -37.796 ], [ 145.3105, -37.7956 ], [ 145.3109, -37.7938 ], [ 145.3089, -37.7936 ], [ 145.3088, -37.794 ], [ 145.3079, -37.7939 ], [ 145.307, -37.7926 ], [ 145.3078, -37.7917 ], [ 145.3073, -37.7908 ], [ 145.3087, -37.7899 ], [ 145.3086, -37.7896 ], [ 145.3057, -37.7892 ], [ 145.3063, -37.7856 ], [ 145.3053, -37.7844 ], [ 145.3055, -37.7831 ], [ 145.3074, -37.7837 ], [ 145.3063, -37.782 ], [ 145.3059, -37.7799 ], [ 145.3064, -37.7789 ], [ 145.3078, -37.7783 ], [ 145.3079, -37.7775 ], [ 145.3071, -37.7766 ], [ 145.306, -37.7766 ], [ 145.3043, -37.7756 ], [ 145.3035, -37.7758 ], [ 145.3022, -37.7744 ], [ 145.3017, -37.7744 ], [ 145.3006, -37.7735 ], [ 145.3001, -37.7724 ] ] ] } },
{ "type": "Feature", "properties": { "loc_pid": "loc3b64e6146ff8", "suburb": "Mordialloc", "join_key": "MORDIALLOC" }, "geometry": { "type": "Polygon", "coordinates": [ [ [ 145.081, -38.0052 ], [ 145.0819, -38.0003 ], [ 145.0827, -38.0001 ], [ 145.0817, -37.9983 ], [ 145.0824, -37.9981 ], [ 145.0915, -37.9992 ], [ 145.0943, -37.9848 ], [ 145.1092, -37.9866 ], [ 145.1089, -37.9876 ], [ 145.1075, -37.9892 ], [ 145.1033, -38.0108 ], [ 145.1034, -38.0119 ], [ 145.1008, -38.0117 ], [ 145.1, -38.0114 ], [ 145.0995, -38.0108 ], [ 145.0981, -38.0103 ], [ 145.0965, -38.0103 ], [ 145.0955, -38.0109 ], [ 145.0942, -38.011 ], [ 145.0929, -38.0106 ], [ 145.0913, -38.011 ], [ 145.0883, -38.0092 ], [ 145.0877, -38.0093 ], [ 145.0877, -38.0099 ], [ 145.0873, -38.0102 ], [ 145.0862, -38.0098 ], [ 145.0848, -38.0104 ], [ 145.0844, -38.0112 ], [ 145.0841, -38.0112 ], [ 145.0844, -38.0105 ], [ 145.0836, -38.0097 ], [ 145.0829, -38.0078 ], [ 145.081, -38.0052 ] ] ] } },
{ "type": "Feature", "properties": { "loc_pid": "loca2dba6250aa2", "suburb": "Mornington", "join_key": "MORNINGTON" }, "geometry": { "type": "Polygon", "coordinates": [ [ [ 145.0253, -38.227 ], [ 145.0283, -38.2267 ], [ 145.0314, -38.2237 ], [ 145.0311, -38.2201 ], [ 145.0326, -38.2156 ], [ 145.0324, -38.2126 ], [ 145.0332, -38.2125 ], [ 145.0351, -38.2114 ], [ 145.0353, -38.2116 ], [ 145.0344, -38.2134 ], [ 145.0347, -38.2132 ], [ 145.0349, -38.2133 ], [ 145.0341, -38.2136 ], [ 145.0341, -38.2138 ], [ 145.0345, -38.2135 ], [ 145.0339, -38.2144 ], [ 145.0348, -38.215 ], [ 145.0365, -38.215 ], [ 145.0388, -38.2144 ], [ 145.0403, -38.2126 ], [ 145.0409, -38.2124 ], [ 145.0429, -38.2129 ], [ 145.0438, -38.214 ], [ 145.0443, -38.2139 ], [ 145.0456, -38.2133 ], [ 145.0495, -38.21 ], [ 145.0504, -38.2075 ], [ 145.054, -38.2058 ], [ 145.0565, -38.2036 ], [ 145.0584, -38.2024 ], [ 145.0606, -38.2016 ], [ 145.061, -38.2009 ], [ 145.0617, -38.2017 ], [ 145.0623, -38.2033 ], [ 145.0617, -38.2062 ], [ 145.0624, -38.2086 ], [ 145.0635, -38.2102 ], [ 145.0639, -38.2124 ], [ 145.064, -38.2147 ], [ 145.0633, -38.2151 ], [ 145.0777, -38.2193 ], [ 145.0888, -38.2172 ], [ 145.0921, -38.217 ], [ 145.0935, -38.2166 ], [ 145.0992, -38.225 ], [ 145.0871, -38.2364 ], [ 145.0868, -38.238 ], [ 145.0838, -38.2443 ], [ 145.0832, -38.2471 ], [ 145.0789, -38.2546 ], [ 145.0462, -38.2463 ], [ 145.0273, -38.2428 ], [ 145.0281, -38.2383 ], [ 145.0273, -38.2369 ], [ 145.0273, -38.2356 ], [ 145.0259, -38.235 ], [ 145.0264, -38.2323 ], [ 145.0253, -38.2301 ], [ 145.0261, -38.2281 ], [ 145.0254, -38.2275 ], [ 145.0253, -38.227 ] ] ] } },
{ "type": "Feature", "properties": { "loc_pid": "loce8f39e233734", "suburb": "Mount Cottrell", "join_key": "MOUNT COTTRELL" }, "geometry": { "type": "Polygon", "coordinates": [ [ [ 144.5727, -37.8183 ], [ 144.5733, -37.8168 ], [ 144.5764, -37.8167 ], [ 144.5781, -37.816 ], [ 144.5781, -37.8142 ], [ 144.5776, -37.8139 ], [ 144.5775, -37.8124 ], [ 144.5769, -37.8123 ], [ 144.5767, -37.8115 ], [ 144.5773, -37.8068 ], [ 144.5788, -37.8042 ], [ 144.5802, -37.8044 ], [ 144.5808, -37.804 ], [ 144.5817, -37.8031 ], [ 144.5825, -37.8015 ], [ 144.5821, -37.8009 ], [ 144.5803, -37.8009 ], [ 144.5784, -37.8 ], [ 144.5783, -37.7994 ], [ 144.5799, -37.7984 ], [ 144.58, -37.7979 ], [ 144.5817, -37.7971 ], [ 144.5835, -37.7952 ], [ 144.5844, -37.7948 ], [ 144.5855, -37.795 ], [ 144.5883, -37.7944 ], [ 144.5884, -37.7936 ], [ 144.5889, -37.7933 ], [ 144.5895, -37.7919 ], [ 144.5901, -37.7918 ], [ 144.5904, -37.7914 ], [ 144.591, -37.7897 ], [ 144.5909, -37.7885 ], [ 144.5904, -37.788 ], [ 144.5894, -37.7882 ], [ 144.5881, -37.7872 ], [ 144.588, -37.7868 ], [ 144.588, -37.7865 ], [ 144.5897, -37.7856 ], [ 144.5906, -37.7845 ], [ 144.5905, -37.7836 ], [ 144.5893, -37.7817 ], [ 144.5885, -37.781 ], [ 144.5879, -37.7807 ], [ 144.5869, -37.7807 ], [ 144.584, -37.7789 ], [ 144.5828, -37.7753 ], [ 144.5806, -37.7741 ], [ 144.5796, -37.7732 ], [ 144.5782, -37.7702 ], [ 144.5782, -37.7695 ], [ 144.5801, -37.7651 ], [ 144.5801, -37.764 ], [ 144.5793, -37.7619 ], [ 144.5796, -37.7605 ], [ 144.5805, -37.7594 ], [ 144.5818, -37.7589 ], [ 144.5824, -37.758 ], [ 144.5815, -37.7571 ], [ 144.5794, -37.7566 ], [ 144.5774, -37.7543 ], [ 144.5763, -37.7536 ], [ 144.5761, -37.7533 ], [ 144.577, -37.7502 ], [ 144.5752, -37.7482 ], [ 144.5765, -37.7481 ], [ 144.6126, -37.7517 ], [ 144.6431, -37.7558 ], [ 144.6431, -37.7553 ], [ 144.6659, -37.7581 ], [ 144.6595, -37.8009 ], [ 144.654, -37.8298 ], [ 144.6179, -37.8259 ], [ 144.6147, -37.8421 ], [ 144.6133, -37.8412 ], [ 144.6109, -37.8405 ], [ 144.609, -37.8391 ], [ 144.6091, -37.8383 ], [ 144.6098, -37.838 ], [ 144.6106, -37.8367 ], [ 144.6106, -37.8356 ], [ 144.6103, -37.8354 ], [ 144.6091, -37.8357 ], [ 144.6081, -37.8355 ], [ 144.6058, -37.8335 ], [ 144.6031, -37.8324 ], [ 144.6028, -37.8302 ], [ 144.6038, -37.8296 ], [ 144.6044, -37.8285 ], [ 144.6031, -37.8271 ], [ 144.5996, -37.8261 ], [ 144.5985, -37.8255 ], [ 144.5981, -37.8248 ], [ 144.5968, -37.8243 ], [ 144.596, -37.8247 ], [ 144.5954, -37.8242 ], [ 144.5948, -37.8243 ], [ 144.5942, -37.8252 ], [ 144.5935, -37.8254 ], [ 144.5916, -37.8255 ], [ 144.5913, -37.8253 ], [ 144.5909, -37.8256 ], [ 144.589, -37.825 ], [ 144.5887, -37.8244 ], [ 144.5893, -37.824 ], [ 144.5901, -37.8243 ], [ 144.5905, -37.8241 ], [ 144.5915, -37.8223 ], [ 144.5903, -37.8193 ], [ 144.5882, -37.8161 ], [ 144.587, -37.8161 ], [ 144.5866, -37.8187 ], [ 144.5857, -37.8194 ], [ 144.5848, -37.8188 ], [ 144.5838, -37.8203 ], [ 144.5829, -37.8206 ], [ 144.5755, -37.8197 ], [ 144.5729, -37.8187 ], [ 144.5727, -37.8183 ] ] ] } },
{ "type": "Feature", "properties": { "loc_pid": "loc47aeaa274eb5", "suburb": "Mount Dandenong", "join_key": "MOUNT DANDENONG" }, "geometry": { "type": "Polygon", "coordinates": [ [ [ 145.3321, -37.851 ], [ 145.3341, -37.8411 ], [ 145.3337, -37.8354 ], [ 145.3342, -37.8344 ], [ 145.3386, -37.8349 ], [ 145.3385, -37.8319 ], [ 145.3382, -37.8318 ], [ 145.3386, -37.8316 ], [ 145.338, -37.8309 ], [ 145.3411, -37.8295 ], [ 145.3408, -37.8282 ], [ 145.3414, -37.828 ], [ 145.3423, -37.827 ], [ 145.3428, -37.8244 ], [ 145.3435, -37.8239 ], [ 145.3431, -37.8224 ], [ 145.3437, -37.823 ], [ 145.3448, -37.8222 ], [ 145.3433, -37.821 ], [ 145.3456, -37.8194 ], [ 145.3461, -37.8196 ], [ 145.3479, -37.819 ], [ 145.3485, -37.8202 ], [ 145.3495, -37.821 ], [ 145.3518, -37.8207 ], [ 145.3515, -37.8203 ], [ 145.3527, -37.8192 ], [ 145.3568, -37.8195 ], [ 145.3576, -37.8193 ], [ 145.3584, -37.8207 ], [ 145.3586, -37.8206 ], [ 145.3615, -37.8233 ], [ 145.3621, -37.823 ], [ 145.3679, -37.833 ], [ 145.37, -37.8339 ], [ 145.3692, -37.8346 ], [ 145.3675, -37.8351 ], [ 145.3672, -37.8355 ], [ 145.3694, -37.8373 ], [ 145.3682, -37.8377 ], [ 145.3679, -37.8385 ], [ 145.3682, -37.8418 ], [ 145.3672, -37.8425 ], [ 145.3653, -37.8419 ], [ 145.3635, -37.8428 ], [ 145.3624, -37.8421 ], [ 145.3615, -37.8421 ], [ 145.3604, -37.8426 ], [ 145.3601, -37.8423 ], [ 145.3604, -37.8416 ], [ 145.3585, -37.8412 ], [ 145.359, -37.8429 ], [ 145.36, -37.8444 ], [ 145.3609, -37.8451 ], [ 145.3604, -37.847 ], [ 145.3608, -37.8475 ], [ 145.3582, -37.847 ], [ 145.358, -37.8473 ], [ 145.3555, -37.8459 ], [ 145.3548, -37.8467 ], [ 145.3541, -37.8468 ], [ 145.3529, -37.8462 ], [ 145.3483, -37.8535 ], [ 145.3473, -37.8535 ], [ 145.3458, -37.852 ], [ 145.3448, -37.8516 ], [ 145.3438, -37.8518 ], [ 145.3396, -37.8512 ], [ 145.3385, -37.8524 ], [ 145.3362, -37.851 ], [ 145.3352, -37.8514 ], [ 145.3321, -37.851 ] ] ] } },
{ "type": "Feature", "properties": { "loc_pid": "locbd8a22a20dd3", "suburb": "Mount Eliza", "join_key": "MOUNT ELIZA" }, "geometry": { "type": "Polygon", "coordinates": [ [ [ 145.061, -38.2009 ], [ 145.062, -38.1999 ], [ 145.0629, -38.1983 ], [ 145.0643, -38.197 ], [ 145.0657, -38.1947 ], [ 145.0676, -38.193 ], [ 145.07, -38.1895 ], [ 145.0716, -38.1865 ], [ 145.0728, -38.183 ], [ 145.0737, -38.1823 ], [ 145.0734, -38.1815 ], [ 145.0739, -38.1808 ], [ 145.0738, -38.18 ], [ 145.0753, -38.179 ], [ 145.0753, -38.1782 ], [ 145.0763, -38.1781 ], [ 145.0773, -38.1771 ], [ 145.0786, -38.175 ], [ 145.0782, -38.1737 ], [ 145.0794, -38.1733 ], [ 145.0795, -38.1729 ], [ 145.081, -38.1727 ], [ 145.0816, -38.1713 ], [ 145.0822, -38.1715 ], [ 145.0823, -38.1713 ], [ 145.0823, -38.1719 ], [ 145.0837, -38.1713 ], [ 145.0849, -38.1699 ], [ 145.0863, -38.1668 ], [ 145.087, -38.1663 ], [ 145.0875, -38.1642 ], [ 145.0882, -38.1636 ], [ 145.0899, -38.1636 ], [ 145.0911, -38.1626 ], [ 145.0918, -38.1628 ], [ 145.0932, -38.1643 ], [ 145.0949, -38.1639 ], [ 145.0957, -38.1633 ], [ 145.0967, -38.1634 ], [ 145.098, -38.1626 ], [ 145.0988, -38.1634 ], [ 145.0989, -38.164 ], [ 145.0999, -38.1644 ], [ 145.0998, -38.1648 ], [ 145.1005, -38.1655 ], [ 145.1004, -38.1666 ], [ 145.1017, -38.1664 ], [ 145.1017, -38.1658 ], [ 145.1021, -38.1659 ], [ 145.1288, -38.2001 ], [ 145.119, -38.2046 ], [ 145.1155, -38.2065 ], [ 145.1146, -38.2075 ], [ 145.1116, -38.2095 ], [ 145.1104, -38.2107 ], [ 145.1095, -38.2139 ], [ 145.0992, -38.225 ], [ 145.0935, -38.2166 ], [ 145.0921, -38.217 ], [ 145.0888, -38.2172 ], [ 145.0777, -38.2193 ], [ 145.0633, -38.2151 ], [ 145.064, -38.2147 ], [ 145.0639, -38.2124 ], [ 145.0635, -38.2102 ], [ 145.0624, -38.2086 ], [ 145.0617, -38.2062 ], [ 145.0623, -38.2033 ], [ 145.0617, -38.2017 ], [ 145.061, -38.2009 ] ] ] } },
{ "type": "Feature", "properties": { "loc_pid": "loc20a81a4bf246", "suburb": "Mount Evelyn", "join_key": "MOUNT EVELYN" }, "geometry": { "type": "Polygon", "coordinates": [ [ [ 145.3594, -37.7968 ], [ 145.3609, -37.7919 ], [ 145.3619, -37.7856 ], [ 145.3633, -37.7813 ], [ 145.3642, -37.78 ], [ 145.363, -37.7735 ], [ 145.3642, -37.774 ], [ 145.366, -37.7725 ], [ 145.3668, -37.773 ], [ 145.3678, -37.7731 ], [ 145.3696, -37.7723 ], [ 145.3706, -37.7729 ], [ 145.3721, -37.7731 ], [ 145.375, -37.7726 ], [ 145.3772, -37.7743 ], [ 145.3779, -37.7728 ], [ 145.3774, -37.7714 ], [ 145.3768, -37.7707 ], [ 145.3743, -37.7697 ], [ 145.375, -37.7692 ], [ 145.3759, -37.7676 ], [ 145.375, -37.766 ], [ 145.375, -37.7641 ], [ 145.4041, -37.7671 ], [ 145.4078, -37.7809 ], [ 145.409, -37.7805 ], [ 145.4105, -37.7813 ], [ 145.4094, -37.7826 ], [ 145.4092, -37.7849 ], [ 145.4083, -37.7861 ], [ 145.4106, -37.7889 ], [ 145.41, -37.7891 ], [ 145.4127, -37.7948 ], [ 145.4133, -37.7944 ], [ 145.4187, -37.8004 ], [ 145.4089, -37.8058 ], [ 145.4084, -37.8069 ], [ 145.4075, -37.8073 ], [ 145.4049, -37.8076 ], [ 145.3819, -37.8061 ], [ 145.3798, -37.8068 ], [ 145.379, -37.8067 ], [ 145.378, -37.8077 ], [ 145.3755, -37.8082 ], [ 145.3744, -37.8088 ], [ 145.3741, -37.808 ], [ 145.3747, -37.8049 ], [ 145.374, -37.8027 ], [ 145.3741, -37.8018 ], [ 145.3712, -37.8012 ], [ 145.3682, -37.801 ], [ 145.369, -37.7971 ], [ 145.3626, -37.7972 ], [ 145.3594, -37.7968 ] ] ] } },
{ "type": "Feature", "properties": { "loc_pid": "loc5100fc96abff", "suburb": "Mount Martha", "join_key": "MOUNT MARTHA" }, "geometry": { "type": "Polygon", "coordinates": [ [ [ 144.9828, -38.2972 ], [ 144.9829, -38.2962 ], [ 144.9844, -38.2954 ], [ 144.9845, -38.2944 ], [ 144.985, -38.2942 ], [ 144.985, -38.2935 ], [ 144.9857, -38.2925 ], [ 144.9866, -38.2919 ], [ 144.987, -38.2907 ], [ 144.9884, -38.2895 ], [ 144.9886, -38.2886 ], [ 144.9892, -38.2879 ], [ 144.9912, -38.2866 ], [ 144.9922, -38.2848 ], [ 144.9929, -38.2843 ], [ 144.9934, -38.2829 ], [ 144.995, -38.2822 ], [ 144.9952, -38.2812 ], [ 144.9959, -38.2809 ], [ 144.9965, -38.28 ], [ 144.9974, -38.2796 ], [ 144.9978, -38.2789 ], [ 144.9999, -38.2773 ], [ 145.0, -38.276 ], [ 145.0005, -38.2759 ], [ 145.0005, -38.2755 ], [ 145.0011, -38.275 ], [ 145.0008, -38.2735 ], [ 145.0011, -38.2734 ], [ 145.0013, -38.2709 ], [ 145.0017, -38.2705 ], [ 145.0028, -38.2702 ], [ 145.0033, -38.2707 ], [ 145.0064, -38.2709 ], [ 145.0103, -38.2684 ], [ 145.0144, -38.2644 ], [ 145.016, -38.2634 ], [ 145.0183, -38.2612 ], [ 145.0253, -38.2537 ], [ 145.0261, -38.2515 ], [ 145.0269, -38.251 ], [ 145.0276, -38.2477 ], [ 145.0282, -38.2466 ], [ 145.0278, -38.2464 ], [ 145.0274, -38.2454 ], [ 145.0278, -38.2445 ], [ 145.0273, -38.2428 ], [ 145.0462, -38.2463 ], [ 145.0789, -38.2546 ], [ 145.0714, -38.268 ], [ 145.0707, -38.2698 ], [ 145.07, -38.2699 ], [ 145.0672, -38.2723 ], [ 145.0641, -38.2735 ], [ 145.0612, -38.2751 ], [ 145.0584, -38.2772 ], [ 145.0566, -38.279 ], [ 145.0532, -38.284 ], [ 145.0514, -38.2857 ], [ 145.0502, -38.2866 ], [ 145.0471, -38.2881 ], [ 145.0443, -38.2903 ], [ 145.0347, -38.2995 ], [ 145.0301, -38.3028 ], [ 145.0269, -38.3042 ], [ 145.009, -38.3021 ], [ 145.0071, -38.3032 ], [ 145.0027, -38.3045 ], [ 144.9936, -38.3048 ], [ 144.9929, -38.3042 ], [ 144.9917, -38.304 ], [ 144.9897, -38.3008 ], [ 144.9839, -38.2986 ], [ 144.9828, -38.2972 ] ] ] } },
{ "type": "Feature", "properties": { "loc_pid": "loca1b6ce72e35a", "suburb": "Mount Waverley", "join_key": "MOUNT WAVERLEY" }, "geometry": { "type": "Polygon", "coordinates": [ [ [ 145.1062, -37.897 ], [ 145.114, -37.8555 ], [ 145.1508, -37.8598 ], [ 145.1429, -37.9012 ], [ 145.1062, -37.897 ] ] ] } },
{ "type": "Feature", "properties": { "loc_pid": "loc264c2d9ba83e", "suburb": "Mulgrave", "join_key": "MULGRAVE" }, "geometry": { "type": "Polygon", "coordinates": [ [ [ 145.1475, -37.9272 ], [ 145.1491, -37.919 ], [ 145.1497, -37.9191 ], [ 145.1503, -37.9178 ], [ 145.1502, -37.9159 ], [ 145.1503, -37.9155 ], [ 145.1506, -37.9155 ], [ 145.1521, -37.9073 ], [ 145.1529, -37.905 ], [ 145.1528, -37.9026 ], [ 145.1614, -37.9035 ], [ 145.1606, -37.9088 ], [ 145.1663, -37.9131 ], [ 145.1738, -37.9204 ], [ 145.2053, -37.9243 ], [ 145.2055, -37.925 ], [ 145.2053, -37.9252 ], [ 145.2048, -37.925 ], [ 145.2047, -37.9253 ], [ 145.2052, -37.9256 ], [ 145.2052, -37.9263 ], [ 145.2056, -37.9266 ], [ 145.2056, -37.9279 ], [ 145.2068, -37.928 ], [ 145.2068, -37.9284 ], [ 145.2062, -37.9288 ], [ 145.207, -37.9289 ], [ 145.207, -37.9296 ], [ 145.2063, -37.9299 ], [ 145.2063, -37.9302 ], [ 145.207, -37.9306 ], [ 145.2066, -37.931 ], [ 145.2067, -37.9315 ], [ 145.2075, -37.9313 ], [ 145.2079, -37.9317 ], [ 145.2073, -37.9318 ], [ 145.2076, -37.9323 ], [ 145.2087, -37.9325 ], [ 145.2087, -37.9329 ], [ 145.2096, -37.9328 ], [ 145.2094, -37.9333 ], [ 145.2097, -37.9335 ], [ 145.211, -37.9336 ], [ 145.211, -37.934 ], [ 145.2099, -37.9339 ], [ 145.2097, -37.9341 ], [ 145.2113, -37.9344 ], [ 145.2104, -37.9347 ], [ 145.2112, -37.9352 ], [ 145.211, -37.9356 ], [ 145.2114, -37.9357 ], [ 145.2121, -37.935 ], [ 145.2124, -37.9356 ], [ 145.2129, -37.9359 ], [ 145.2133, -37.9357 ], [ 145.2135, -37.9362 ], [ 145.2138, -37.9362 ], [ 145.2141, -37.9356 ], [ 145.2143, -37.9363 ], [ 145.2148, -37.9362 ], [ 145.2148, -37.9366 ], [ 145.2157, -37.9372 ], [ 145.2165, -37.937 ], [ 145.2169, -37.9374 ], [ 145.2173, -37.937 ], [ 145.2176, -37.9372 ], [ 145.218, -37.937 ], [ 145.2182, -37.9376 ], [ 145.2192, -37.9381 ], [ 145.2193, -37.9388 ], [ 145.2197, -37.939 ], [ 145.22, -37.9386 ], [ 145.2201, -37.9395 ], [ 145.219, -37.9401 ], [ 145.2107, -37.9391 ], [ 145.1925, -37.9376 ], [ 145.1567, -37.9331 ], [ 145.1475, -37.9272 ] ] ] } },
{ "type": "Feature", "properties": { "loc_pid": "locc1978682d520", "suburb": "Murrumbeena", "join_key": "MURRUMBEENA" }, "geometry": { "type": "Polygon", "coordinates": [ [ [ 145.0603, -37.9065 ], [ 145.061, -37.9025 ], [ 145.0637, -37.9029 ], [ 145.0638, -37.9025 ], [ 145.0635, -37.9025 ], [ 145.0644, -37.8985 ], [ 145.0641, -37.898 ], [ 145.0646, -37.8975 ], [ 145.0643, -37.8969 ], [ 145.0648, -37.8962 ], [ 145.0648, -37.8947 ], [ 145.065, -37.8948 ], [ 145.0653, -37.8942 ], [ 145.065, -37.8939 ], [ 145.0654, -37.8925 ], [ 145.0649, -37.8924 ], [ 145.0652, -37.8908 ], [ 145.0658, -37.8907 ], [ 145.0658, -37.8903 ], [ 145.0662, -37.8902 ], [ 145.066, -37.8898 ], [ 145.0664, -37.8899 ], [ 145.0659, -37.8894 ], [ 145.066, -37.889 ], [ 145.0663, -37.8891 ], [ 145.0662, -37.8884 ], [ 145.0653, -37.8881 ], [ 145.0662, -37.8878 ], [ 145.0667, -37.8851 ], [ 145.0674, -37.8851 ], [ 145.0675, -37.8846 ], [ 145.0714, -37.8847 ], [ 145.0781, -37.8871 ], [ 145.0742, -37.9081 ], [ 145.0603, -37.9065 ] ] ] } },
{ "type": "Feature", "properties": { "loc_pid": "loc15a8d395ef61", "suburb": "Nar Nar Goon", "join_key": "NAR NAR GOON" }, "geometry": { "type": "Polygon", "coordinates": [ [ [ 145.52, -38.0738 ], [ 145.5218, -38.0653 ], [ 145.526, -38.0645 ], [ 145.53, -38.0644 ], [ 145.5387, -38.0651 ], [ 145.5434, -38.0659 ], [ 145.5648, -38.0685 ], [ 145.5828, -38.0702 ], [ 145.5881, -38.0689 ], [ 145.607, -38.0678 ], [ 145.6084, -38.0838 ], [ 145.6002, -38.0833 ], [ 145.6002, -38.0835 ], [ 145.6032, -38.097 ], [ 145.6015, -38.0973 ], [ 145.6042, -38.1002 ], [ 145.6043, -38.1011 ], [ 145.6037, -38.1015 ], [ 145.6038, -38.1013 ], [ 145.6034, -38.1019 ], [ 145.6033, -38.1025 ], [ 145.6041, -38.1031 ], [ 145.611, -38.1171 ], [ 145.6106, -38.1189 ], [ 145.5991, -38.1175 ], [ 145.594, -38.1432 ], [ 145.5811, -38.1461 ], [ 145.58, -38.1514 ], [ 145.5428, -38.1596 ], [ 145.5411, -38.155 ], [ 145.5419, -38.1548 ], [ 145.5449, -38.1393 ], [ 145.5457, -38.1357 ], [ 145.5461, -38.1357 ], [ 145.5497, -38.1186 ], [ 145.5484, -38.1186 ], [ 145.5439, -38.1215 ], [ 145.5423, -38.1215 ], [ 145.5395, -38.1221 ], [ 145.5448, -38.0964 ], [ 145.5341, -38.095 ], [ 145.5359, -38.0858 ], [ 145.5285, -38.0848 ], [ 145.5306, -38.0751 ], [ 145.52, -38.0738 ] ] ] } },
{ "type": "Feature", "properties": { "loc_pid": "loc7b6dac86f8e1", "suburb": "Nar Nar Goon North", "join_key": "NAR NAR GOON NORTH" }, "geometry": { "type": "Polygon", "coordinates": [ [ [ 145.5267, -38.0481 ], [ 145.5288, -38.0386 ], [ 145.536, -38.0396 ], [ 145.5361, -38.0392 ], [ 145.5355, -38.0373 ], [ 145.5367, -38.0336 ], [ 145.5356, -38.0327 ], [ 145.5334, -38.0321 ], [ 145.5331, -38.0316 ], [ 145.5331, -38.0306 ], [ 145.5347, -38.0289 ], [ 145.5351, -38.0272 ], [ 145.5339, -38.0269 ], [ 145.531, -38.0268 ], [ 145.5413, -38.0198 ], [ 145.531, -38.0175 ], [ 145.534, -38.0093 ], [ 145.5381, -38.0102 ], [ 145.5373, -38.0125 ], [ 145.5445, -38.0141 ], [ 145.5447, -38.0148 ], [ 145.5451, -38.015 ], [ 145.5457, -38.0133 ], [ 145.5479, -38.0165 ], [ 145.5496, -38.0075 ], [ 145.5444, -38.0069 ], [ 145.5448, -38.0046 ], [ 145.5465, -38.003 ], [ 145.5461, -38.0027 ], [ 145.5458, -38.0011 ], [ 145.5445, -37.9989 ], [ 145.5442, -37.9973 ], [ 145.5423, -37.997 ], [ 145.5429, -37.993 ], [ 145.5415, -37.9927 ], [ 145.5398, -37.9917 ], [ 145.5406, -37.9916 ], [ 145.5413, -37.9885 ], [ 145.547, -37.9892 ], [ 145.5464, -37.9924 ], [ 145.5528, -37.9932 ], [ 145.5533, -37.9939 ], [ 145.5538, -37.9971 ], [ 145.5559, -37.9989 ], [ 145.5562, -38.0002 ], [ 145.5554, -38.0018 ], [ 145.5591, -37.9983 ], [ 145.5624, -37.9984 ], [ 145.5657, -37.9969 ], [ 145.5674, -37.9942 ], [ 145.5697, -37.9926 ], [ 145.5713, -37.9923 ], [ 145.5735, -37.9928 ], [ 145.5767, -37.993 ], [ 145.5772, -37.9953 ], [ 145.5783, -37.996 ], [ 145.5804, -38.0004 ], [ 145.5816, -38.0048 ], [ 145.5836, -38.0048 ], [ 145.5819, -38.0133 ], [ 145.5914, -38.0145 ], [ 145.5919, -38.0123 ], [ 145.6013, -38.0135 ], [ 145.5991, -38.0265 ], [ 145.5959, -38.0261 ], [ 145.5957, -38.0275 ], [ 145.5936, -38.0286 ], [ 145.5916, -38.031 ], [ 145.5936, -38.0309 ], [ 145.5939, -38.0312 ], [ 145.5938, -38.0335 ], [ 145.5947, -38.0329 ], [ 145.593, -38.0427 ], [ 145.5991, -38.0434 ], [ 145.5985, -38.0463 ], [ 145.6018, -38.0467 ], [ 145.6012, -38.0493 ], [ 145.6039, -38.0497 ], [ 145.6039, -38.0513 ], [ 145.6031, -38.0513 ], [ 145.6019, -38.056 ], [ 145.5994, -38.0681 ], [ 145.5881, -38.0689 ], [ 145.5828, -38.0702 ], [ 145.5648, -38.0685 ], [ 145.5434, -38.0659 ], [ 145.5387, -38.0651 ], [ 145.53, -38.0644 ], [ 145.5273, -38.0645 ], [ 145.5306, -38.0487 ], [ 145.5267, -38.0481 ] ] ] } },
{ "type": "Feature", "properties": { "loc_pid": "loc5f0c59159354", "suburb": "Narre Warren", "join_key": "NARRE WARREN" }, "geometry": { "type": "Polygon", "coordinates": [ [ [ 145.2848, -38.0121 ], [ 145.2858, -38.007 ], [ 145.2876, -38.0062 ], [ 145.2883, -38.0036 ], [ 145.2883, -38.0023 ], [ 145.2891, -38.0013 ], [ 145.2904, -37.9969 ], [ 145.2908, -37.9962 ], [ 145.2913, -37.996 ], [ 145.2948, -37.9957 ], [ 145.2993, -37.9963 ], [ 145.3021, -37.9953 ], [ 145.3159, -37.9971 ], [ 145.3182, -37.9979 ], [ 145.3205, -37.9994 ], [ 145.3221, -38.0015 ], [ 145.3227, -38.0035 ], [ 145.3227, -38.0049 ], [ 145.3224, -38.0048 ], [ 145.3219, -38.0081 ], [ 145.3196, -38.0086 ], [ 145.3188, -38.0121 ], [ 145.3213, -38.0125 ], [ 145.3212, -38.0143 ], [ 145.3196, -38.0141 ], [ 145.3188, -38.0144 ], [ 145.3182, -38.0175 ], [ 145.3175, -38.0176 ], [ 145.3165, -38.019 ], [ 145.3158, -38.0189 ], [ 145.3146, -38.0195 ], [ 145.3133, -38.0215 ], [ 145.3191, -38.0263 ], [ 145.3219, -38.0282 ], [ 145.322, -38.0296 ], [ 145.327, -38.0346 ], [ 145.3232, -38.0339 ], [ 145.324, -38.0354 ], [ 145.3228, -38.036 ], [ 145.3235, -38.037 ], [ 145.3224, -38.0395 ], [ 145.3218, -38.0429 ], [ 145.3222, -38.0428 ], [ 145.3222, -38.043 ], [ 145.3198, -38.0454 ], [ 145.3184, -38.0458 ], [ 145.3087, -38.0456 ], [ 145.3019, -38.0431 ], [ 145.3003, -38.0399 ], [ 145.2985, -38.0383 ], [ 145.2982, -38.0375 ], [ 145.2983, -38.0349 ], [ 145.2998, -38.0324 ], [ 145.2994, -38.0309 ], [ 145.2956, -38.0289 ], [ 145.2933, -38.0272 ], [ 145.292, -38.0253 ], [ 145.2909, -38.0248 ], [ 145.2888, -38.0247 ], [ 145.286, -38.0253 ], [ 145.2871, -38.0194 ], [ 145.2851, -38.0191 ], [ 145.2848, -38.0121 ] ] ] } },
{ "type": "Feature", "properties": { "loc_pid": "loc3f54d4127b06", "suburb": "Narre Warren North", "join_key": "NARRE WARREN NORTH" }, "geometry": { "type": "Polygon", "coordinates": [ [ [ 145.275, -37.9977 ], [ 145.2769, -37.9863 ], [ 145.2809, -37.9675 ], [ 145.2811, -37.9676 ], [ 145.2824, -37.9664 ], [ 145.2825, -37.9656 ], [ 145.2816, -37.9644 ], [ 145.2821, -37.962 ], [ 145.289, -37.9628 ], [ 145.3009, -37.9658 ], [ 145.3166, -37.9678 ], [ 145.317, -37.9678 ], [ 145.3177, -37.9668 ], [ 145.3193, -37.9663 ], [ 145.358, -37.9713 ], [ 145.361, -37.9721 ], [ 145.361, -37.974 ], [ 145.3605, -37.9752 ], [ 145.3538, -37.981 ], [ 145.3525, -37.987 ], [ 145.3463, -37.9863 ], [ 145.3443, -37.9881 ], [ 145.3425, -37.989 ], [ 145.3401, -37.9887 ], [ 145.3386, -37.9893 ], [ 145.3381, -37.9899 ], [ 145.3375, -37.9899 ], [ 145.3368, -37.991 ], [ 145.3354, -37.992 ], [ 145.3353, -37.9939 ], [ 145.3313, -37.9991 ], [ 145.334, -37.9994 ], [ 145.3332, -38.0035 ], [ 145.3309, -38.0032 ], [ 145.3305, -38.0051 ], [ 145.3302, -38.005 ], [ 145.33, -38.0058 ], [ 145.3227, -38.0049 ], [ 145.3223, -38.002 ], [ 145.3209, -37.9998 ], [ 145.3192, -37.9984 ], [ 145.3173, -37.9975 ], [ 145.3154, -37.997 ], [ 145.3021, -37.9953 ], [ 145.2993, -37.9963 ], [ 145.2948, -37.9957 ], [ 145.2916, -37.9959 ], [ 145.2906, -37.9965 ], [ 145.2895, -37.9997 ], [ 145.275, -37.9977 ] ] ] } },
{ "type": "Feature", "properties": { "loc_pid": "loc6280f9052ec0", "suburb": "Narre Warren South", "join_key": "NARRE WARREN SOUTH" }, "geometry": { "type": "Polygon", "coordinates": [ [ [ 145.2798, -38.0676 ], [ 145.2886, -38.0248 ], [ 145.2904, -38.0247 ], [ 145.292, -38.0253 ], [ 145.2933, -38.0272 ], [ 145.2969, -38.0297 ], [ 145.2991, -38.0306 ], [ 145.2996, -38.0312 ], [ 145.2998, -38.0324 ], [ 145.2982, -38.0353 ], [ 145.2982, -38.0375 ], [ 145.2985, -38.0383 ], [ 145.3003, -38.0399 ], [ 145.3019, -38.0431 ], [ 145.3087, -38.0456 ], [ 145.3184, -38.0458 ], [ 145.3197, -38.0454 ], [ 145.3191, -38.0462 ], [ 145.3181, -38.0492 ], [ 145.3184, -38.05 ], [ 145.3205, -38.0524 ], [ 145.3211, -38.0566 ], [ 145.3223, -38.0575 ], [ 145.3251, -38.0579 ], [ 145.3277, -38.0639 ], [ 145.3279, -38.0677 ], [ 145.3301, -38.068 ], [ 145.33, -38.0685 ], [ 145.335, -38.0709 ], [ 145.3358, -38.0722 ], [ 145.3353, -38.0745 ], [ 145.2983, -38.0698 ], [ 145.2978, -38.0718 ], [ 145.2951, -38.0715 ], [ 145.2938, -38.071 ], [ 145.2923, -38.0697 ], [ 145.2907, -38.0689 ], [ 145.2798, -38.0676 ] ] ] } },
{ "type": "Feature", "properties": { "loc_pid": "locc134b649436c", "suburb": "Newport", "join_key": "NEWPORT" }, "geometry": { "type": "Polygon", "coordinates": [ [ [ 144.861, -37.8464 ], [ 144.8616, -37.8428 ], [ 144.8635, -37.843 ], [ 144.8637, -37.8407 ], [ 144.8644, -37.8408 ], [ 144.8644, -37.8405 ], [ 144.8649, -37.8405 ], [ 144.8661, -37.8337 ], [ 144.8656, -37.8336 ], [ 144.8657, -37.8331 ], [ 144.8818, -37.8348 ], [ 144.8831, -37.8359 ], [ 144.8838, -37.8371 ], [ 144.8914, -37.8378 ], [ 144.8916, -37.8381 ], [ 144.8936, -37.8385 ], [ 144.8971, -37.8383 ], [ 144.8973, -37.8398 ], [ 144.8987, -37.8428 ], [ 144.9023, -37.8466 ], [ 144.9012, -37.8472 ], [ 144.8994, -37.8455 ], [ 144.9001, -37.8476 ], [ 144.9012, -37.8488 ], [ 144.9039, -37.85 ], [ 144.9017, -37.8492 ], [ 144.9005, -37.8483 ], [ 144.8997, -37.8469 ], [ 144.8993, -37.847 ], [ 144.8986, -37.845 ], [ 144.8972, -37.8441 ], [ 144.8991, -37.8482 ], [ 144.9003, -37.8497 ], [ 144.9039, -37.8514 ], [ 144.9055, -37.8517 ], [ 144.9055, -37.8518 ], [ 144.9037, -37.8514 ], [ 144.9005, -37.85 ], [ 144.8996, -37.8493 ], [ 144.8992, -37.8497 ], [ 144.8983, -37.8479 ], [ 144.8973, -37.8475 ], [ 144.8961, -37.8476 ], [ 144.8955, -37.848 ], [ 144.8953, -37.8487 ], [ 144.896, -37.8496 ], [ 144.8985, -37.8512 ], [ 144.8978, -37.8513 ], [ 144.8968, -37.8506 ], [ 144.8967, -37.8509 ], [ 144.8952, -37.8506 ], [ 144.8946, -37.851 ], [ 144.894, -37.8509 ], [ 144.8937, -37.8505 ], [ 144.8933, -37.8507 ], [ 144.893, -37.8503 ], [ 144.892, -37.8505 ], [ 144.8913, -37.8501 ], [ 144.89, -37.8502 ], [ 144.8893, -37.8499 ], [ 144.8884, -37.8503 ], [ 144.8877, -37.8493 ], [ 144.8863, -37.8516 ], [ 144.8893, -37.8579 ], [ 144.8747, -37.8491 ], [ 144.8732, -37.8495 ], [ 144.8714, -37.8495 ], [ 144.863, -37.8485 ], [ 144.8634, -37.8467 ], [ 144.861, -37.8464 ] ] ] } },
{ "type": "Feature", "properties": { "loc_pid": "loc6ece06903eac", "suburb": "Niddrie", "join_key": "NIDDRIE" }, "geometry": { "type": "Polygon", "coordinates": [ [ [ 144.8728, -37.7312 ], [ 144.8725, -37.73 ], [ 144.8748, -37.7305 ], [ 144.8758, -37.7308 ], [ 144.8828, -37.7334 ], [ 144.8929, -37.7347 ], [ 144.8904, -37.7489 ], [ 144.8815, -37.7479 ], [ 144.8813, -37.7473 ], [ 144.8804, -37.7473 ], [ 144.8807, -37.7461 ], [ 144.8818, -37.7452 ], [ 144.8824, -37.7435 ], [ 144.881, -37.7396 ], [ 144.8799, -37.7379 ], [ 144.8764, -37.737 ], [ 144.8765, -37.7353 ], [ 144.8758, -37.7347 ], [ 144.8743, -37.7347 ], [ 144.8736, -37.7335 ], [ 144.8735, -37.7322 ], [ 144.8743, -37.7323 ], [ 144.8745, -37.7317 ], [ 144.874, -37.7313 ], [ 144.8728, -37.7312 ] ] ] } },
{ "type": "Feature", "properties": { "loc_pid": "loca4e166a620d9", "suburb": "Noble Park", "join_key": "NOBLE PARK" }, "geometry": { "type": "Polygon", "coordinates": [ [ [ 145.1584, -37.9781 ], [ 145.1586, -37.9768 ], [ 145.1595, -37.9767 ], [ 145.1597, -37.976 ], [ 145.1613, -37.9762 ], [ 145.1614, -37.9755 ], [ 145.1605, -37.9754 ], [ 145.1607, -37.9747 ], [ 145.1595, -37.9745 ], [ 145.1602, -37.9722 ], [ 145.1593, -37.9716 ], [ 145.1594, -37.9712 ], [ 145.1603, -37.9713 ], [ 145.1604, -37.971 ], [ 145.1595, -37.9709 ], [ 145.1595, -37.9706 ], [ 145.16, -37.9706 ], [ 145.1601, -37.9702 ], [ 145.1606, -37.9703 ], [ 145.1606, -37.9699 ], [ 145.1601, -37.9698 ], [ 145.1602, -37.9689 ], [ 145.1608, -37.969 ], [ 145.161, -37.9682 ], [ 145.1604, -37.9681 ], [ 145.1605, -37.9673 ], [ 145.1611, -37.9673 ], [ 145.1612, -37.9664 ], [ 145.1618, -37.9665 ], [ 145.162, -37.9655 ], [ 145.1611, -37.9654 ], [ 145.1613, -37.9643 ], [ 145.1616, -37.9644 ], [ 145.1617, -37.9641 ], [ 145.1611, -37.9641 ], [ 145.161, -37.9635 ], [ 145.1625, -37.9637 ], [ 145.1626, -37.9632 ], [ 145.162, -37.9631 ], [ 145.162, -37.9626 ], [ 145.1623, -37.9626 ], [ 145.1621, -37.9621 ], [ 145.1628, -37.9622 ], [ 145.1629, -37.9615 ], [ 145.1624, -37.9614 ], [ 145.1624, -37.9604 ], [ 145.1626, -37.9597 ], [ 145.1629, -37.9597 ], [ 145.163, -37.9579 ], [ 145.1636, -37.958 ], [ 145.1638, -37.9569 ], [ 145.163, -37.9563 ], [ 145.17, -37.9572 ], [ 145.1716, -37.9484 ], [ 145.1726, -37.9475 ], [ 145.1958, -37.9682 ], [ 145.1947, -37.9708 ], [ 145.1937, -37.976 ], [ 145.1944, -37.9775 ], [ 145.1967, -37.9783 ], [ 145.1972, -37.9805 ], [ 145.1967, -37.9813 ], [ 145.1954, -37.9816 ], [ 145.194, -37.9826 ], [ 145.1941, -37.9832 ], [ 145.1926, -37.983 ], [ 145.1921, -37.9804 ], [ 145.1918, -37.9802 ], [ 145.1916, -37.9817 ], [ 145.1907, -37.9816 ], [ 145.1906, -37.9824 ], [ 145.1863, -37.9819 ], [ 145.1858, -37.9819 ], [ 145.1857, -37.9823 ], [ 145.1853, -37.9822 ], [ 145.1853, -37.9819 ], [ 145.1838, -37.9817 ], [ 145.1835, -37.9827 ], [ 145.1841, -37.9828 ], [ 145.1841, -37.9831 ], [ 145.1836, -37.9831 ], [ 145.1834, -37.9841 ], [ 145.183, -37.984 ], [ 145.183, -37.9844 ], [ 145.1822, -37.9844 ], [ 145.1823, -37.984 ], [ 145.1801, -37.9837 ], [ 145.1795, -37.984 ], [ 145.1784, -37.9839 ], [ 145.1785, -37.9835 ], [ 145.1777, -37.9836 ], [ 145.1767, -37.9832 ], [ 145.1763, -37.9832 ], [ 145.1761, -37.9843 ], [ 145.1752, -37.9841 ], [ 145.1745, -37.9843 ], [ 145.1742, -37.9842 ], [ 145.1743, -37.9838 ], [ 145.1705, -37.9834 ], [ 145.1695, -37.9832 ], [ 145.1691, -37.9828 ], [ 145.1687, -37.983 ], [ 145.1685, -37.9826 ], [ 145.1689, -37.9824 ], [ 145.1673, -37.9809 ], [ 145.1671, -37.9802 ], [ 145.1665, -37.98 ], [ 145.1663, -37.9803 ], [ 145.165, -37.9799 ], [ 145.1648, -37.9811 ], [ 145.1623, -37.9811 ], [ 145.1618, -37.9816 ], [ 145.161, -37.9815 ], [ 145.1611, -37.981 ], [ 145.1597, -37.9808 ], [ 145.1595, -37.9813 ], [ 145.1586, -37.9812 ], [ 145.1592, -37.9781 ], [ 145.1584, -37.9781 ] ] ] } },
{ "type": "Feature", "properties": { "loc_pid": "loc9ee54c810992", "suburb": "Noble Park North", "join_key": "NOBLE PARK NORTH" }, "geometry": { "type": "Polygon", "coordinates": [ [ [ 145.1759, -37.9504 ], [ 145.1807, -37.951 ], [ 145.1816, -37.9464 ], [ 145.1831, -37.9466 ], [ 145.1846, -37.9463 ], [ 145.1858, -37.9457 ], [ 145.1863, -37.9451 ], [ 145.1872, -37.9414 ], [ 145.1871, -37.9403 ], [ 145.1866, -37.9395 ], [ 145.1856, -37.9389 ], [ 145.1848, -37.9385 ], [ 145.1831, -37.9383 ], [ 145.1834, -37.9365 ], [ 145.195, -37.9378 ], [ 145.1949, -37.9382 ], [ 145.1984, -37.9409 ], [ 145.1981, -37.9415 ], [ 145.1986, -37.9416 ], [ 145.1985, -37.942 ], [ 145.1976, -37.9419 ], [ 145.1975, -37.9424 ], [ 145.1974, -37.9431 ], [ 145.1978, -37.9431 ], [ 145.1972, -37.9467 ], [ 145.1976, -37.9467 ], [ 145.1975, -37.9475 ], [ 145.197, -37.9474 ], [ 145.1967, -37.9487 ], [ 145.1972, -37.9489 ], [ 145.1972, -37.9493 ], [ 145.1966, -37.9492 ], [ 145.1962, -37.9526 ], [ 145.1959, -37.9529 ], [ 145.1967, -37.9531 ], [ 145.1963, -37.9552 ], [ 145.1972, -37.9553 ], [ 145.1971, -37.9557 ], [ 145.1976, -37.9557 ], [ 145.1975, -37.9559 ], [ 145.199, -37.9559 ], [ 145.1991, -37.9555 ], [ 145.2, -37.9557 ], [ 145.2002, -37.9561 ], [ 145.2003, -37.9557 ], [ 145.2019, -37.9559 ], [ 145.2001, -37.9593 ], [ 145.1959, -37.9642 ], [ 145.1974, -37.9644 ], [ 145.196, -37.9661 ], [ 145.196, -37.9678 ], [ 145.1952, -37.9676 ], [ 145.1759, -37.9504 ] ] ] } },
{ "type": "Feature", "properties": { "loc_pid": "loc1e06c486c813", "suburb": "North Melbourne", "join_key": "NORTH MELBOURNE" }, "geometry": { "type": "Polygon", "coordinates": [ [ [ 144.9353, -37.8033 ], [ 144.9364, -37.8019 ], [ 144.936, -37.8005 ], [ 144.9362, -37.7985 ], [ 144.9356, -37.7959 ], [ 144.9363, -37.7913 ], [ 144.937, -37.7898 ], [ 144.938, -37.7887 ], [ 144.9403, -37.7875 ], [ 144.9409, -37.7884 ], [ 144.9547, -37.7994 ], [ 144.9551, -37.7994 ], [ 144.955, -37.7997 ], [ 144.9567, -37.801 ], [ 144.9566, -37.8022 ], [ 144.9585, -37.8062 ], [ 144.9355, -37.8037 ], [ 144.9353, -37.8033 ] ] ] } },
{ "type": "Feature", "properties": { "loc_pid": "locb929ada4170a", "suburb": "North Warrandyte", "join_key": "NORTH WARRANDYTE" }, "geometry": { "type": "Polygon", "coordinates": [ [ [ 145.1888, -37.7277 ], [ 145.1892, -37.726 ], [ 145.1908, -37.7262 ], [ 145.1912, -37.7236 ], [ 145.1918, -37.7255 ], [ 145.1943, -37.7247 ], [ 145.196, -37.7249 ], [ 145.1964, -37.723 ], [ 145.1979, -37.7217 ], [ 145.1982, -37.7201 ], [ 145.1978, -37.7192 ], [ 145.2009, -37.7225 ], [ 145.2021, -37.716 ], [ 145.2012, -37.7158 ], [ 145.2021, -37.7109 ], [ 145.2067, -37.7116 ], [ 145.2069, -37.7107 ], [ 145.2085, -37.7109 ], [ 145.2084, -37.7113 ], [ 145.2118, -37.7116 ], [ 145.2117, -37.7122 ], [ 145.2226, -37.7138 ], [ 145.2228, -37.7136 ], [ 145.2249, -37.7149 ], [ 145.2255, -37.7158 ], [ 145.2287, -37.7138 ], [ 145.2302, -37.7139 ], [ 145.2304, -37.7125 ], [ 145.2315, -37.7129 ], [ 145.2387, -37.7136 ], [ 145.2384, -37.7151 ], [ 145.2366, -37.7148 ], [ 145.236, -37.7184 ], [ 145.2364, -37.7188 ], [ 145.2365, -37.7199 ], [ 145.2353, -37.7204 ], [ 145.2347, -37.7214 ], [ 145.2364, -37.7238 ], [ 145.2362, -37.7257 ], [ 145.2366, -37.7271 ], [ 145.2404, -37.7272 ], [ 145.2422, -37.7279 ], [ 145.242, -37.7297 ], [ 145.2404, -37.7313 ], [ 145.2403, -37.7318 ], [ 145.2405, -37.7322 ], [ 145.2424, -37.7329 ], [ 145.2432, -37.7343 ], [ 145.2432, -37.7352 ], [ 145.2424, -37.736 ], [ 145.2414, -37.736 ], [ 145.2393, -37.7348 ], [ 145.2386, -37.7335 ], [ 145.236, -37.7314 ], [ 145.2289, -37.7316 ], [ 145.2277, -37.7322 ], [ 145.227, -37.7331 ], [ 145.2278, -37.7351 ], [ 145.2288, -37.7363 ], [ 145.2287, -37.7366 ], [ 145.2306, -37.7377 ], [ 145.2302, -37.7387 ], [ 145.2292, -37.7385 ], [ 145.2274, -37.737 ], [ 145.2256, -37.7361 ], [ 145.2244, -37.7363 ], [ 145.2205, -37.7361 ], [ 145.2187, -37.7368 ], [ 145.2163, -37.7389 ], [ 145.2144, -37.7394 ], [ 145.2122, -37.7395 ], [ 145.2098, -37.7407 ], [ 145.2064, -37.7417 ], [ 145.205, -37.7418 ], [ 145.2031, -37.7408 ], [ 145.2015, -37.7394 ], [ 145.2014, -37.7388 ], [ 145.2022, -37.7378 ], [ 145.2032, -37.7372 ], [ 145.2072, -37.7372 ], [ 145.2114, -37.7358 ], [ 145.2149, -37.7341 ], [ 145.2154, -37.7319 ], [ 145.2147, -37.731 ], [ 145.212, -37.7296 ], [ 145.2097, -37.7297 ], [ 145.2069, -37.7311 ], [ 145.2053, -37.7311 ], [ 145.203, -37.7304 ], [ 145.2014, -37.7304 ], [ 145.1999, -37.7316 ], [ 145.1984, -37.7337 ], [ 145.1981, -37.7358 ], [ 145.1987, -37.7379 ], [ 145.1987, -37.7403 ], [ 145.1983, -37.741 ], [ 145.1974, -37.7414 ], [ 145.1929, -37.7391 ], [ 145.1919, -37.738 ], [ 145.1921, -37.7361 ], [ 145.1918, -37.7349 ], [ 145.1936, -37.7336 ], [ 145.1944, -37.7326 ], [ 145.1938, -37.7318 ], [ 145.195, -37.7274 ], [ 145.1928, -37.7277 ], [ 145.1906, -37.7275 ], [ 145.1888, -37.7277 ] ] ] } },
{ "type": "Feature", "properties": { "loc_pid": "locbb6ca08c118e", "suburb": "Northcote", "join_key": "NORTHCOTE" }, "geometry": { "type": "Polygon", "coordinates": [ [ [ 144.9808, -37.7589 ], [ 144.9859, -37.7596 ], [ 144.9857, -37.7608 ], [ 144.9867, -37.7609 ], [ 144.987, -37.7613 ], [ 144.9878, -37.7615 ], [ 144.9879, -37.7611 ], [ 144.9921, -37.7616 ], [ 144.9921, -37.762 ], [ 144.9927, -37.7621 ], [ 144.9928, -37.7618 ], [ 144.9935, -37.7619 ], [ 144.9933, -37.7625 ], [ 144.9963, -37.7628 ], [ 144.9964, -37.7622 ], [ 144.9999, -37.7627 ], [ 144.9998, -37.7633 ], [ 145.0176, -37.7652 ], [ 145.0172, -37.7672 ], [ 145.0178, -37.7672 ], [ 145.0172, -37.7676 ], [ 145.0177, -37.7678 ], [ 145.017, -37.7687 ], [ 145.0167, -37.77 ], [ 145.0145, -37.7838 ], [ 145.0126, -37.7842 ], [ 145.0066, -37.7839 ], [ 145.0042, -37.7844 ], [ 145.0033, -37.7833 ], [ 145.0022, -37.783 ], [ 144.9991, -37.7854 ], [ 144.9975, -37.7856 ], [ 144.9962, -37.7851 ], [ 144.994, -37.7834 ], [ 144.992, -37.7826 ], [ 144.992, -37.7804 ], [ 144.99, -37.7796 ], [ 144.9898, -37.7779 ], [ 144.9885, -37.7764 ], [ 144.9887, -37.7754 ], [ 144.9882, -37.7749 ], [ 144.9874, -37.7749 ], [ 144.987, -37.7746 ], [ 144.9868, -37.7737 ], [ 144.9844, -37.7712 ], [ 144.9841, -37.7699 ], [ 144.9845, -37.7672 ], [ 144.9856, -37.7665 ], [ 144.9856, -37.7662 ], [ 144.9843, -37.7651 ], [ 144.9837, -37.7638 ], [ 144.9823, -37.7636 ], [ 144.9816, -37.7631 ], [ 144.9816, -37.7622 ], [ 144.9827, -37.7621 ], [ 144.9832, -37.7616 ], [ 144.9818, -37.7605 ], [ 144.9808, -37.7589 ] ] ] } },
{ "type": "Feature", "properties": { "loc_pid": "loc90b3cd765444", "suburb": "Notting Hill", "join_key": "NOTTING HILL" }, "geometry": { "type": "Polygon", "coordinates": [ [ [ 145.1282, -37.9051 ], [ 145.1292, -37.8997 ], [ 145.1429, -37.9012 ], [ 145.1528, -37.9026 ], [ 145.1529, -37.905 ], [ 145.1524, -37.906 ], [ 145.1516, -37.9099 ], [ 145.1507, -37.9098 ], [ 145.1505, -37.9109 ], [ 145.1413, -37.9099 ], [ 145.142, -37.9067 ], [ 145.1282, -37.9051 ] ] ] } },
{ "type": "Feature", "properties": { "loc_pid": "loc3c9dab9168cc", "suburb": "Nunawading", "join_key": "NUNAWADING" }, "geometry": { "type": "Polygon", "coordinates": [ [ [ 145.1639, -37.8218 ], [ 145.1646, -37.8181 ], [ 145.1663, -37.8182 ], [ 145.1667, -37.8157 ], [ 145.1661, -37.8156 ], [ 145.1667, -37.812 ], [ 145.1665, -37.8116 ], [ 145.1669, -37.8108 ], [ 145.1662, -37.8107 ], [ 145.1665, -37.8096 ], [ 145.1675, -37.8097 ], [ 145.168, -37.8063 ], [ 145.1681, -37.806 ], [ 145.169, -37.8061 ], [ 145.1696, -37.803 ], [ 145.1699, -37.803 ], [ 145.1697, -37.8028 ], [ 145.1702, -37.8028 ], [ 145.1703, -37.8031 ], [ 145.1716, -37.8029 ], [ 145.1717, -37.8033 ], [ 145.1725, -37.8032 ], [ 145.1727, -37.8037 ], [ 145.1744, -37.8041 ], [ 145.1778, -37.8034 ], [ 145.1781, -37.8034 ], [ 145.1781, -37.8039 ], [ 145.1814, -37.8039 ], [ 145.1846, -37.8027 ], [ 145.185, -37.8012 ], [ 145.1874, -37.8026 ], [ 145.1868, -37.8032 ], [ 145.1862, -37.8059 ], [ 145.1851, -37.8065 ], [ 145.1846, -37.809 ], [ 145.1848, -37.8094 ], [ 145.1845, -37.8095 ], [ 145.1861, -37.818 ], [ 145.1862, -37.8183 ], [ 145.1866, -37.8183 ], [ 145.1866, -37.818 ], [ 145.1868, -37.8183 ], [ 145.1871, -37.8182 ], [ 145.1871, -37.8187 ], [ 145.1855, -37.8189 ], [ 145.1855, -37.8264 ], [ 145.1859, -37.8279 ], [ 145.1877, -37.8278 ], [ 145.1891, -37.8318 ], [ 145.1873, -37.8315 ], [ 145.1873, -37.8318 ], [ 145.1854, -37.8314 ], [ 145.1838, -37.8326 ], [ 145.1838, -37.8313 ], [ 145.1799, -37.8313 ], [ 145.1799, -37.8309 ], [ 145.1788, -37.8309 ], [ 145.1788, -37.8291 ], [ 145.1768, -37.8309 ], [ 145.1753, -37.8309 ], [ 145.1736, -37.8306 ], [ 145.1738, -37.8294 ], [ 145.1695, -37.8289 ], [ 145.1691, -37.8288 ], [ 145.1692, -37.8281 ], [ 145.1664, -37.8278 ], [ 145.1668, -37.8247 ], [ 145.1654, -37.8242 ], [ 145.1658, -37.8219 ], [ 145.1639, -37.8218 ] ] ] } },
{ "type": "Feature", "properties": { "loc_pid": "loc51ba976fe589", "suburb": "Oak Park", "join_key": "OAK PARK" }, "geometry": { "type": "Polygon", "coordinates": [ [ [ 144.9011, -37.7122 ], [ 144.9083, -37.7131 ], [ 144.9089, -37.7131 ], [ 144.909, -37.7126 ], [ 144.9102, -37.7128 ], [ 144.9103, -37.7124 ], [ 144.9116, -37.713 ], [ 144.9128, -37.7131 ], [ 144.9127, -37.7128 ], [ 144.9131, -37.7127 ], [ 144.9133, -37.7132 ], [ 144.9142, -37.7133 ], [ 144.9149, -37.7129 ], [ 144.9163, -37.7132 ], [ 144.9164, -37.7129 ], [ 144.9169, -37.7132 ], [ 144.9168, -37.7136 ], [ 144.9174, -37.7137 ], [ 144.9171, -37.712 ], [ 144.9177, -37.7119 ], [ 144.9178, -37.7123 ], [ 144.9186, -37.7122 ], [ 144.9186, -37.7117 ], [ 144.9194, -37.7115 ], [ 144.9204, -37.7145 ], [ 144.9212, -37.7144 ], [ 144.9211, -37.7141 ], [ 144.9222, -37.7142 ], [ 144.9232, -37.7144 ], [ 144.9233, -37.7149 ], [ 144.924, -37.715 ], [ 144.9231, -37.7121 ], [ 144.9238, -37.712 ], [ 144.9272, -37.7135 ], [ 144.9269, -37.7154 ], [ 144.9291, -37.7157 ], [ 144.929, -37.7161 ], [ 144.9299, -37.7162 ], [ 144.9298, -37.7169 ], [ 144.9292, -37.7169 ], [ 144.9291, -37.7173 ], [ 144.9294, -37.7183 ], [ 144.9285, -37.7209 ], [ 144.9291, -37.7209 ], [ 144.9289, -37.7217 ], [ 144.9281, -37.7216 ], [ 144.928, -37.722 ], [ 144.9265, -37.7218 ], [ 144.9264, -37.7213 ], [ 144.9236, -37.7209 ], [ 144.923, -37.7211 ], [ 144.9232, -37.7214 ], [ 144.9228, -37.7214 ], [ 144.9226, -37.7209 ], [ 144.9226, -37.7214 ], [ 144.9212, -37.7213 ], [ 144.9224, -37.7244 ], [ 144.9195, -37.725 ], [ 144.9183, -37.7241 ], [ 144.9169, -37.7236 ], [ 144.9162, -37.7237 ], [ 144.9158, -37.7241 ], [ 144.9147, -37.7239 ], [ 144.9146, -37.7231 ], [ 144.9133, -37.7227 ], [ 144.9132, -37.7218 ], [ 144.9125, -37.7209 ], [ 144.9113, -37.7208 ], [ 144.9114, -37.7215 ], [ 144.9107, -37.722 ], [ 144.9097, -37.7212 ], [ 144.9093, -37.7194 ], [ 144.9107, -37.7189 ], [ 144.9099, -37.7177 ], [ 144.9079, -37.717 ], [ 144.9055, -37.7174 ], [ 144.9049, -37.7169 ], [ 144.9049, -37.7158 ], [ 144.9043, -37.7158 ], [ 144.9036, -37.7169 ], [ 144.9023, -37.7168 ], [ 144.903, -37.7145 ], [ 144.9017, -37.7137 ], [ 144.9011, -37.7122 ] ] ] } },
{ "type": "Feature", "properties": { "loc_pid": "locfc54031c1c5a", "suburb": "Oakleigh", "join_key": "OAKLEIGH" }, "geometry": { "type": "Polygon", "coordinates": [ [ [ 145.0852, -37.9095 ], [ 145.0894, -37.887 ], [ 145.0901, -37.8871 ], [ 145.0913, -37.8888 ], [ 145.0931, -37.8897 ], [ 145.0954, -37.8914 ], [ 145.1013, -37.8913 ], [ 145.1037, -37.8906 ], [ 145.1057, -37.8925 ], [ 145.107, -37.8927 ], [ 145.1062, -37.897 ], [ 145.0992, -37.8962 ], [ 145.098, -37.8963 ], [ 145.1055, -37.9008 ], [ 145.1033, -37.9116 ], [ 145.0852, -37.9095 ] ] ] } },
{ "type": "Feature", "properties": { "loc_pid": "loc86a790ccadf9", "suburb": "Oakleigh East", "join_key": "OAKLEIGH EAST" }, "geometry": { "type": "Polygon", "coordinates": [ [ [ 145.098, -37.8963 ], [ 145.0992, -37.8962 ], [ 145.1153, -37.8979 ], [ 145.1245, -37.8992 ], [ 145.1219, -37.9138 ], [ 145.1126, -37.9127 ], [ 145.1138, -37.906 ], [ 145.098, -37.8963 ] ] ] } },
{ "type": "Feature", "properties": { "loc_pid": "loce4c31fa791f4", "suburb": "Oakleigh South", "join_key": "OAKLEIGH SOUTH" }, "geometry": { "type": "Polygon", "coordinates": [ [ [ 145.0795, -37.9388 ], [ 145.0853, -37.9095 ], [ 145.1133, -37.9128 ], [ 145.1122, -37.918 ], [ 145.1115, -37.9184 ], [ 145.1114, -37.9192 ], [ 145.1092, -37.919 ], [ 145.1075, -37.9271 ], [ 145.1007, -37.9263 ], [ 145.0972, -37.9445 ], [ 145.0939, -37.942 ], [ 145.0896, -37.9402 ], [ 145.0795, -37.9388 ] ] ] } },
{ "type": "Feature", "properties": { "loc_pid": "loc64c822b0bad5", "suburb": "Officer", "join_key": "OFFICER" }, "geometry": { "type": "Polygon", "coordinates": [ [ [ 145.3759, -38.0786 ], [ 145.3761, -38.0784 ], [ 145.3765, -38.0786 ], [ 145.3767, -38.0783 ], [ 145.3765, -38.0776 ], [ 145.3771, -38.0772 ], [ 145.3766, -38.077 ], [ 145.3766, -38.0767 ], [ 145.3771, -38.0765 ], [ 145.377, -38.0759 ], [ 145.3774, -38.076 ], [ 145.3774, -38.0755 ], [ 145.3769, -38.0757 ], [ 145.3765, -38.0751 ], [ 145.378, -38.0742 ], [ 145.3776, -38.074 ], [ 145.3776, -38.0734 ], [ 145.3784, -38.0724 ], [ 145.3781, -38.072 ], [ 145.3785, -38.0717 ], [ 145.3782, -38.0717 ], [ 145.3783, -38.0713 ], [ 145.3778, -38.0711 ], [ 145.3778, -38.0708 ], [ 145.3783, -38.0704 ], [ 145.3815, -38.0701 ], [ 145.3818, -38.0697 ], [ 145.3814, -38.0697 ], [ 145.3807, -38.0688 ], [ 145.3799, -38.0687 ], [ 145.3803, -38.0684 ], [ 145.38, -38.0677 ], [ 145.3808, -38.0672 ], [ 145.3806, -38.0667 ], [ 145.3802, -38.0668 ], [ 145.3772, -38.0658 ], [ 145.3766, -38.0653 ], [ 145.3769, -38.065 ], [ 145.3762, -38.0649 ], [ 145.3759, -38.0644 ], [ 145.3873, -38.0658 ], [ 145.3927, -38.0414 ], [ 145.3938, -38.0397 ], [ 145.3968, -38.0395 ], [ 145.3976, -38.0371 ], [ 145.4006, -38.0345 ], [ 145.4015, -38.0273 ], [ 145.4032, -38.0265 ], [ 145.404, -38.0254 ], [ 145.4048, -38.0229 ], [ 145.4077, -38.0217 ], [ 145.4079, -38.0202 ], [ 145.4074, -38.0185 ], [ 145.4107, -38.018 ], [ 145.4133, -38.0162 ], [ 145.4132, -38.0149 ], [ 145.4183, -38.0149 ], [ 145.4182, -38.0198 ], [ 145.4208, -38.0196 ], [ 145.4218, -38.0193 ], [ 145.4227, -38.0186 ], [ 145.4227, -38.0173 ], [ 145.4242, -38.0173 ], [ 145.4242, -38.0133 ], [ 145.4269, -38.0133 ], [ 145.4305, -38.0176 ], [ 145.4317, -38.0203 ], [ 145.4333, -38.0207 ], [ 145.4329, -38.0213 ], [ 145.4331, -38.0224 ], [ 145.4327, -38.023 ], [ 145.433, -38.0245 ], [ 145.4318, -38.0247 ], [ 145.4326, -38.0256 ], [ 145.4347, -38.0268 ], [ 145.4354, -38.0278 ], [ 145.4354, -38.0296 ], [ 145.4343, -38.0319 ], [ 145.4321, -38.0324 ], [ 145.4308, -38.0331 ], [ 145.4319, -38.0364 ], [ 145.4341, -38.0387 ], [ 145.4342, -38.0424 ], [ 145.4324, -38.0502 ], [ 145.442, -38.0515 ], [ 145.4414, -38.0565 ], [ 145.4403, -38.0574 ], [ 145.4383, -38.0582 ], [ 145.4331, -38.0833 ], [ 145.4045, -38.0832 ], [ 145.3786, -38.0798 ], [ 145.3781, -38.08 ], [ 145.3779, -38.0795 ], [ 145.3773, -38.0795 ], [ 145.3769, -38.0799 ], [ 145.3763, -38.0795 ], [ 145.3759, -38.0786 ] ] ] } },
{ "type": "Feature", "properties": { "loc_pid": "loc2b7e9f3441dd", "suburb": "Officer South", "join_key": "OFFICER SOUTH" }, "geometry": { "type": "Polygon", "coordinates": [ [ [ 145.3787, -38.0799 ], [ 145.4045, -38.0832 ], [ 145.4331, -38.0833 ], [ 145.4322, -38.0875 ], [ 145.4346, -38.0875 ], [ 145.4346, -38.0878 ], [ 145.4522, -38.0878 ], [ 145.452, -38.09 ], [ 145.4488, -38.0966 ], [ 145.449, -38.1001 ], [ 145.4496, -38.1026 ], [ 145.4503, -38.1029 ], [ 145.4505, -38.1034 ], [ 145.4508, -38.1054 ], [ 145.4531, -38.1077 ], [ 145.4555, -38.109 ], [ 145.4559, -38.1105 ], [ 145.4557, -38.1145 ], [ 145.4536, -38.1158 ], [ 145.4508, -38.1156 ], [ 145.453, -38.1237 ], [ 145.4522, -38.1281 ], [ 145.4343, -38.1257 ], [ 145.4261, -38.1172 ], [ 145.4171, -38.1123 ], [ 145.4167, -38.1133 ], [ 145.4002, -38.1114 ], [ 145.4008, -38.1107 ], [ 145.4005, -38.1098 ], [ 145.4006, -38.108 ], [ 145.3984, -38.1051 ], [ 145.3991, -38.1017 ], [ 145.3978, -38.0999 ], [ 145.3963, -38.0993 ], [ 145.395, -38.0977 ], [ 145.3943, -38.0974 ], [ 145.3933, -38.0976 ], [ 145.3922, -38.0969 ], [ 145.3926, -38.0966 ], [ 145.3924, -38.0961 ], [ 145.3919, -38.0964 ], [ 145.3916, -38.0962 ], [ 145.3908, -38.0953 ], [ 145.3907, -38.0946 ], [ 145.3899, -38.0945 ], [ 145.3897, -38.0942 ], [ 145.389, -38.0946 ], [ 145.389, -38.0938 ], [ 145.3876, -38.0942 ], [ 145.3868, -38.0937 ], [ 145.3852, -38.0936 ], [ 145.3848, -38.0932 ], [ 145.3853, -38.093 ], [ 145.3852, -38.0925 ], [ 145.3845, -38.0922 ], [ 145.3844, -38.0917 ], [ 145.3836, -38.0918 ], [ 145.3828, -38.0909 ], [ 145.3823, -38.0909 ], [ 145.3823, -38.0903 ], [ 145.3828, -38.0903 ], [ 145.3828, -38.0892 ], [ 145.3826, -38.0891 ], [ 145.3824, -38.0898 ], [ 145.382, -38.0897 ], [ 145.3817, -38.0892 ], [ 145.3819, -38.0889 ], [ 145.3813, -38.0889 ], [ 145.3808, -38.0875 ], [ 145.381, -38.0872 ], [ 145.3815, -38.0872 ], [ 145.3819, -38.0864 ], [ 145.3818, -38.0857 ], [ 145.3803, -38.085 ], [ 145.3806, -38.0845 ], [ 145.3801, -38.0842 ], [ 145.3801, -38.0841 ], [ 145.3801, -38.0841 ], [ 145.3801, -38.0839 ], [ 145.3806, -38.0837 ], [ 145.3803, -38.0831 ], [ 145.3806, -38.0829 ], [ 145.3799, -38.0826 ], [ 145.3804, -38.0824 ], [ 145.3804, -38.0816 ], [ 145.3798, -38.0809 ], [ 145.3789, -38.0808 ], [ 145.3792, -38.0804 ], [ 145.3787, -38.0799 ] ] ] } },
{ "type": "Feature", "properties": { "loc_pid": "loc0b6e17218dd4", "suburb": "Ormond", "join_key": "ORMOND" }, "geometry": { "type": "Polygon", "coordinates": [ [ [ 145.0258, -37.9062 ], [ 145.0264, -37.9027 ], [ 145.0259, -37.9027 ], [ 145.026, -37.9022 ], [ 145.0349, -37.9033 ], [ 145.0362, -37.8968 ], [ 145.0451, -37.8982 ], [ 145.0447, -37.9005 ], [ 145.0547, -37.9017 ], [ 145.0539, -37.9057 ], [ 145.0542, -37.9059 ], [ 145.0536, -37.9069 ], [ 145.0539, -37.9069 ], [ 145.0534, -37.9096 ], [ 145.0258, -37.9062 ] ] ] } },
{ "type": "Feature", "properties": { "loc_pid": "loc82baa1179308", "suburb": "Pakenham", "join_key": "PAKENHAM" }, "geometry": { "type": "Polygon", "coordinates": [ [ [ 145.4308, -38.0331 ], [ 145.4321, -38.0324 ], [ 145.4343, -38.0319 ], [ 145.4354, -38.0296 ], [ 145.4352, -38.0273 ], [ 145.4326, -38.0256 ], [ 145.4318, -38.0247 ], [ 145.433, -38.0245 ], [ 145.4327, -38.023 ], [ 145.4331, -38.0224 ], [ 145.4329, -38.0213 ], [ 145.4333, -38.0207 ], [ 145.4346, -38.0214 ], [ 145.4384, -38.0224 ], [ 145.4423, -38.0262 ], [ 145.4441, -38.0264 ], [ 145.4473, -38.025 ], [ 145.4454, -38.0232 ], [ 145.449, -38.0209 ], [ 145.4512, -38.021 ], [ 145.4517, -38.0178 ], [ 145.4603, -38.0187 ], [ 145.4603, -38.0184 ], [ 145.4654, -38.0224 ], [ 145.4679, -38.0213 ], [ 145.4742, -38.0158 ], [ 145.4803, -38.0153 ], [ 145.486, -38.0159 ], [ 145.4847, -38.0206 ], [ 145.4902, -38.0212 ], [ 145.4888, -38.0275 ], [ 145.4899, -38.028 ], [ 145.4928, -38.0281 ], [ 145.4942, -38.0291 ], [ 145.4949, -38.0302 ], [ 145.4961, -38.0308 ], [ 145.4966, -38.0314 ], [ 145.4977, -38.0336 ], [ 145.4982, -38.0364 ], [ 145.4997, -38.0376 ], [ 145.5023, -38.0388 ], [ 145.5049, -38.0395 ], [ 145.5052, -38.0403 ], [ 145.5045, -38.0411 ], [ 145.5139, -38.0422 ], [ 145.5142, -38.0409 ], [ 145.5164, -38.0412 ], [ 145.5182, -38.033 ], [ 145.5245, -38.0338 ], [ 145.5245, -38.0342 ], [ 145.5253, -38.0343 ], [ 145.5331, -38.0331 ], [ 145.5341, -38.0335 ], [ 145.5346, -38.0349 ], [ 145.5353, -38.0355 ], [ 145.5359, -38.0354 ], [ 145.5355, -38.0373 ], [ 145.536, -38.0396 ], [ 145.5288, -38.0386 ], [ 145.528, -38.0421 ], [ 145.5267, -38.0481 ], [ 145.5306, -38.0487 ], [ 145.5273, -38.0645 ], [ 145.5246, -38.0647 ], [ 145.5218, -38.0653 ], [ 145.52, -38.0738 ], [ 145.5306, -38.0751 ], [ 145.5285, -38.0848 ], [ 145.5359, -38.0858 ], [ 145.5341, -38.095 ], [ 145.5448, -38.0964 ], [ 145.5395, -38.1221 ], [ 145.521, -38.1265 ], [ 145.5214, -38.1247 ], [ 145.5162, -38.1236 ], [ 145.5138, -38.1236 ], [ 145.5137, -38.1224 ], [ 145.5124, -38.1218 ], [ 145.5059, -38.1216 ], [ 145.5034, -38.1226 ], [ 145.4842, -38.1201 ], [ 145.4837, -38.1223 ], [ 145.4799, -38.1218 ], [ 145.4788, -38.1269 ], [ 145.4754, -38.1264 ], [ 145.4759, -38.1243 ], [ 145.4742, -38.1241 ], [ 145.4743, -38.1233 ], [ 145.4645, -38.122 ], [ 145.4643, -38.1228 ], [ 145.4637, -38.1228 ], [ 145.4537, -38.1219 ], [ 145.4533, -38.1237 ], [ 145.453, -38.1237 ], [ 145.4508, -38.1156 ], [ 145.4536, -38.1158 ], [ 145.4557, -38.1145 ], [ 145.4559, -38.1105 ], [ 145.4555, -38.109 ], [ 145.4531, -38.1077 ], [ 145.4508, -38.1054 ], [ 145.4503, -38.1029 ], [ 145.4496, -38.1026 ], [ 145.4487, -38.0973 ], [ 145.4492, -38.0956 ], [ 145.452, -38.09 ], [ 145.4522, -38.0878 ], [ 145.4346, -38.0878 ], [ 145.4346, -38.0875 ], [ 145.4322, -38.0875 ], [ 145.4383, -38.0582 ], [ 145.4403, -38.0574 ], [ 145.4414, -38.0565 ], [ 145.442, -38.0515 ], [ 145.4324, -38.0502 ], [ 145.4342, -38.0424 ], [ 145.4341, -38.0387 ], [ 145.4319, -38.0364 ], [ 145.4308, -38.0331 ] ] ] } },
{ "type": "Feature", "properties": { "loc_pid": "loc139c325d29ef", "suburb": "Pakenham South", "join_key": "PAKENHAM SOUTH" }, "geometry": { "type": "Polygon", "coordinates": [ [ [ 145.4509, -38.1346 ], [ 145.453, -38.1237 ], [ 145.4533, -38.1237 ], [ 145.4537, -38.1219 ], [ 145.4637, -38.1228 ], [ 145.4643, -38.1228 ], [ 145.4645, -38.122 ], [ 145.4743, -38.1233 ], [ 145.4742, -38.1241 ], [ 145.4759, -38.1243 ], [ 145.4754, -38.1264 ], [ 145.4788, -38.1269 ], [ 145.4799, -38.1218 ], [ 145.4837, -38.1223 ], [ 145.4842, -38.1201 ], [ 145.5034, -38.1226 ], [ 145.5059, -38.1216 ], [ 145.5124, -38.1218 ], [ 145.5137, -38.1224 ], [ 145.5138, -38.1236 ], [ 145.5162, -38.1236 ], [ 145.5214, -38.1247 ], [ 145.521, -38.1265 ], [ 145.5348, -38.1231 ], [ 145.5423, -38.1215 ], [ 145.5439, -38.1215 ], [ 145.5484, -38.1186 ], [ 145.5497, -38.1186 ], [ 145.5461, -38.1357 ], [ 145.5328, -38.1339 ], [ 145.5277, -38.1593 ], [ 145.4601, -38.1505 ], [ 145.4625, -38.1495 ], [ 145.463, -38.1466 ], [ 145.4651, -38.1454 ], [ 145.4689, -38.1459 ], [ 145.4718, -38.1444 ], [ 145.472, -38.1437 ], [ 145.4736, -38.1439 ], [ 145.4749, -38.1378 ], [ 145.4771, -38.1381 ], [ 145.4784, -38.1317 ], [ 145.4769, -38.1315 ], [ 145.4762, -38.132 ], [ 145.47, -38.1312 ], [ 145.4705, -38.1288 ], [ 145.4683, -38.1285 ], [ 145.4686, -38.1268 ], [ 145.4636, -38.1261 ], [ 145.4614, -38.136 ], [ 145.4509, -38.1346 ] ] ] } },
{ "type": "Feature", "properties": { "loc_pid": "loca12042a36968", "suburb": "Pakenham Upper", "join_key": "PAKENHAM UPPER" }, "geometry": { "type": "Polygon", "coordinates": [ [ [ 145.459, -38.011 ], [ 145.4606, -38.0095 ], [ 145.4629, -38.011 ], [ 145.4646, -38.0094 ], [ 145.4698, -38.0094 ], [ 145.4698, -38.0057 ], [ 145.4712, -38.0057 ], [ 145.4712, -38.0033 ], [ 145.4737, -38.0037 ], [ 145.4737, -37.9996 ], [ 145.4711, -37.9995 ], [ 145.471, -37.9928 ], [ 145.4738, -37.9928 ], [ 145.4738, -37.9932 ], [ 145.4786, -37.9932 ], [ 145.4786, -37.9869 ], [ 145.4793, -37.9869 ], [ 145.4784, -37.986 ], [ 145.4784, -37.9855 ], [ 145.4788, -37.985 ], [ 145.4806, -37.9845 ], [ 145.4818, -37.9836 ], [ 145.4815, -37.9814 ], [ 145.4805, -37.9797 ], [ 145.4825, -37.9782 ], [ 145.4831, -37.9769 ], [ 145.4828, -37.9758 ], [ 145.4944, -37.9772 ], [ 145.4945, -37.9781 ], [ 145.4933, -37.9803 ], [ 145.4944, -37.9822 ], [ 145.4941, -37.9854 ], [ 145.4932, -37.987 ], [ 145.4939, -37.9884 ], [ 145.495, -37.9892 ], [ 145.5114, -37.9912 ], [ 145.5124, -37.9861 ], [ 145.5176, -37.9868 ], [ 145.5184, -37.9822 ], [ 145.522, -37.9827 ], [ 145.5225, -37.9805 ], [ 145.5309, -37.9823 ], [ 145.5317, -37.9784 ], [ 145.5324, -37.9784 ], [ 145.534, -37.9773 ], [ 145.5361, -37.9773 ], [ 145.5358, -37.9793 ], [ 145.534, -37.9791 ], [ 145.5337, -37.9804 ], [ 145.5383, -37.9809 ], [ 145.5378, -37.9839 ], [ 145.5432, -37.9845 ], [ 145.5412, -37.9853 ], [ 145.5398, -37.9865 ], [ 145.5395, -37.9874 ], [ 145.5377, -37.9894 ], [ 145.5374, -37.9903 ], [ 145.5415, -37.9927 ], [ 145.5429, -37.993 ], [ 145.5423, -37.997 ], [ 145.5442, -37.9973 ], [ 145.5445, -37.9989 ], [ 145.5458, -38.0011 ], [ 145.5461, -38.0027 ], [ 145.5465, -38.003 ], [ 145.5448, -38.0046 ], [ 145.5444, -38.0069 ], [ 145.5496, -38.0075 ], [ 145.5479, -38.0165 ], [ 145.5457, -38.0133 ], [ 145.5451, -38.015 ], [ 145.5447, -38.0148 ], [ 145.5445, -38.0141 ], [ 145.5373, -38.0125 ], [ 145.5381, -38.0102 ], [ 145.534, -38.0093 ], [ 145.531, -38.0175 ], [ 145.5413, -38.0198 ], [ 145.531, -38.0268 ], [ 145.5339, -38.0269 ], [ 145.5351, -38.0272 ], [ 145.5347, -38.0289 ], [ 145.5331, -38.0306 ], [ 145.5331, -38.0316 ], [ 145.5334, -38.0321 ], [ 145.5356, -38.0327 ], [ 145.5365, -38.0333 ], [ 145.5367, -38.0341 ], [ 145.5359, -38.0354 ], [ 145.5353, -38.0355 ], [ 145.5346, -38.0349 ], [ 145.5341, -38.0335 ], [ 145.5331, -38.0331 ], [ 145.5253, -38.0343 ], [ 145.5245, -38.0342 ], [ 145.5245, -38.0338 ], [ 145.5182, -38.033 ], [ 145.5164, -38.0412 ], [ 145.5142, -38.0409 ], [ 145.5139, -38.0422 ], [ 145.5045, -38.0411 ], [ 145.5052, -38.0403 ], [ 145.5049, -38.0395 ], [ 145.5023, -38.0388 ], [ 145.4997, -38.0376 ], [ 145.4982, -38.0364 ], [ 145.4977, -38.0336 ], [ 145.4961, -38.0308 ], [ 145.4949, -38.0302 ], [ 145.4942, -38.0291 ], [ 145.4928, -38.0281 ], [ 145.4899, -38.028 ], [ 145.4888, -38.0275 ], [ 145.4902, -38.0212 ], [ 145.4847, -38.0206 ], [ 145.486, -38.0159 ], [ 145.4803, -38.0153 ], [ 145.4742, -38.0158 ], [ 145.4679, -38.0213 ], [ 145.4654, -38.0224 ], [ 145.4603, -38.0184 ], [ 145.4612, -38.0131 ], [ 145.4607, -38.013 ], [ 145.459, -38.011 ] ] ] } },
{ "type": "Feature", "properties": { "loc_pid": "loc37739e0e9c20", "suburb": "Panton Hill", "join_key": "PANTON HILL" }, "geometry": { "type": "Polygon", "coordinates": [ [ [ 145.2151, -37.6443 ], [ 145.2152, -37.6434 ], [ 145.2157, -37.6435 ], [ 145.2159, -37.6424 ], [ 145.2172, -37.6425 ], [ 145.2176, -37.6403 ], [ 145.2188, -37.6404 ], [ 145.2192, -37.6408 ], [ 145.2199, -37.6369 ], [ 145.2219, -37.636 ], [ 145.2231, -37.6364 ], [ 145.2252, -37.6329 ], [ 145.2255, -37.6316 ], [ 145.2237, -37.6321 ], [ 145.2192, -37.6325 ], [ 145.2198, -37.6302 ], [ 145.2215, -37.6304 ], [ 145.2244, -37.6289 ], [ 145.2261, -37.6285 ], [ 145.2177, -37.6271 ], [ 145.2202, -37.6256 ], [ 145.218, -37.6232 ], [ 145.2184, -37.6228 ], [ 145.2251, -37.6236 ], [ 145.2249, -37.6246 ], [ 145.2266, -37.6252 ], [ 145.227, -37.6228 ], [ 145.23, -37.6232 ], [ 145.2309, -37.6221 ], [ 145.2348, -37.621 ], [ 145.236, -37.6234 ], [ 145.2365, -37.6233 ], [ 145.2459, -37.6204 ], [ 145.2453, -37.619 ], [ 145.2467, -37.619 ], [ 145.2473, -37.6175 ], [ 145.247, -37.617 ], [ 145.2482, -37.6168 ], [ 145.2487, -37.6171 ], [ 145.2512, -37.6142 ], [ 145.256, -37.6168 ], [ 145.2542, -37.6187 ], [ 145.2562, -37.6198 ], [ 145.2541, -37.6221 ], [ 145.2548, -37.6232 ], [ 145.2549, -37.625 ], [ 145.2556, -37.6245 ], [ 145.2583, -37.6237 ], [ 145.2627, -37.628 ], [ 145.2627, -37.6301 ], [ 145.2656, -37.6282 ], [ 145.2669, -37.6294 ], [ 145.2654, -37.6304 ], [ 145.2661, -37.6311 ], [ 145.2676, -37.6301 ], [ 145.2688, -37.6312 ], [ 145.2716, -37.6293 ], [ 145.2734, -37.63 ], [ 145.2738, -37.6296 ], [ 145.2747, -37.6294 ], [ 145.2754, -37.6319 ], [ 145.2765, -37.6325 ], [ 145.2765, -37.633 ], [ 145.2738, -37.6338 ], [ 145.2738, -37.6354 ], [ 145.2729, -37.6366 ], [ 145.2809, -37.6476 ], [ 145.2806, -37.6496 ], [ 145.2854, -37.6501 ], [ 145.2853, -37.6503 ], [ 145.2859, -37.6505 ], [ 145.2837, -37.6525 ], [ 145.2813, -37.6535 ], [ 145.2809, -37.654 ], [ 145.2804, -37.6542 ], [ 145.2782, -37.654 ], [ 145.2764, -37.6546 ], [ 145.2756, -37.6551 ], [ 145.2747, -37.6565 ], [ 145.2702, -37.6538 ], [ 145.2689, -37.6552 ], [ 145.2657, -37.6548 ], [ 145.2645, -37.6533 ], [ 145.2646, -37.6513 ], [ 145.262, -37.6517 ], [ 145.261, -37.6533 ], [ 145.2609, -37.6548 ], [ 145.2617, -37.6578 ], [ 145.2607, -37.6628 ], [ 145.2592, -37.6626 ], [ 145.2586, -37.6634 ], [ 145.2539, -37.6632 ], [ 145.2539, -37.6645 ], [ 145.2546, -37.6653 ], [ 145.2468, -37.6644 ], [ 145.2452, -37.6631 ], [ 145.2433, -37.6626 ], [ 145.2378, -37.6641 ], [ 145.2365, -37.6654 ], [ 145.2341, -37.6652 ], [ 145.2323, -37.6649 ], [ 145.2326, -37.6621 ], [ 145.2306, -37.6619 ], [ 145.2304, -37.6623 ], [ 145.2299, -37.6623 ], [ 145.2296, -37.664 ], [ 145.2249, -37.6635 ], [ 145.2247, -37.6653 ], [ 145.224, -37.6672 ], [ 145.22, -37.6666 ], [ 145.2203, -37.6627 ], [ 145.2197, -37.6626 ], [ 145.2202, -37.6596 ], [ 145.2199, -37.6595 ], [ 145.2201, -37.658 ], [ 145.2194, -37.6579 ], [ 145.22, -37.6568 ], [ 145.2199, -37.6556 ], [ 145.2215, -37.6534 ], [ 145.2218, -37.6518 ], [ 145.2244, -37.6503 ], [ 145.2273, -37.6494 ], [ 145.2228, -37.6489 ], [ 145.2222, -37.6493 ], [ 145.2177, -37.645 ], [ 145.2158, -37.6453 ], [ 145.2151, -37.6443 ] ] ] } },
{ "type": "Feature", "properties": { "loc_pid": "loc87a3405b41f2", "suburb": "Park Orchards", "join_key": "PARK ORCHARDS" }, "geometry": { "type": "Polygon", "coordinates": [ [ [ 145.1904, -37.776 ], [ 145.1939, -37.7747 ], [ 145.195, -37.7738 ], [ 145.1989, -37.7717 ], [ 145.2018, -37.7725 ], [ 145.2044, -37.7608 ], [ 145.2159, -37.7622 ], [ 145.2163, -37.7599 ], [ 145.217, -37.7599 ], [ 145.2171, -37.7604 ], [ 145.2176, -37.7604 ], [ 145.2183, -37.7599 ], [ 145.2182, -37.7595 ], [ 145.2193, -37.7596 ], [ 145.2191, -37.7609 ], [ 145.2216, -37.7616 ], [ 145.2213, -37.7625 ], [ 145.2319, -37.7637 ], [ 145.2316, -37.7646 ], [ 145.2305, -37.7653 ], [ 145.2298, -37.767 ], [ 145.2304, -37.7695 ], [ 145.2296, -37.7711 ], [ 145.2295, -37.7721 ], [ 145.2303, -37.7738 ], [ 145.2317, -37.7739 ], [ 145.2317, -37.7751 ], [ 145.2326, -37.7771 ], [ 145.2333, -37.7802 ], [ 145.2341, -37.781 ], [ 145.2339, -37.7824 ], [ 145.233, -37.7838 ], [ 145.2327, -37.7851 ], [ 145.2334, -37.7862 ], [ 145.2356, -37.7871 ], [ 145.2364, -37.7878 ], [ 145.236, -37.7901 ], [ 145.2351, -37.79 ], [ 145.2351, -37.791 ], [ 145.2348, -37.791 ], [ 145.2262, -37.79 ], [ 145.2263, -37.7893 ], [ 145.2228, -37.7889 ], [ 145.2221, -37.7923 ], [ 145.2212, -37.7924 ], [ 145.2213, -37.7917 ], [ 145.2209, -37.7913 ], [ 145.2211, -37.7903 ], [ 145.2184, -37.79 ], [ 145.2185, -37.7893 ], [ 145.218, -37.7892 ], [ 145.2165, -37.7891 ], [ 145.2163, -37.79 ], [ 145.215, -37.7899 ], [ 145.2148, -37.7907 ], [ 145.2146, -37.7905 ], [ 145.2131, -37.7912 ], [ 145.202, -37.7899 ], [ 145.2016, -37.7893 ], [ 145.2017, -37.7883 ], [ 145.2005, -37.7879 ], [ 145.2004, -37.7873 ], [ 145.1999, -37.7872 ], [ 145.1994, -37.7866 ], [ 145.199, -37.7868 ], [ 145.1977, -37.7861 ], [ 145.1964, -37.7862 ], [ 145.1956, -37.7854 ], [ 145.195, -37.7853 ], [ 145.1949, -37.7845 ], [ 145.1944, -37.7842 ], [ 145.1946, -37.783 ], [ 145.1938, -37.7826 ], [ 145.1938, -37.7822 ], [ 145.1942, -37.7822 ], [ 145.1946, -37.7814 ], [ 145.1941, -37.78 ], [ 145.1945, -37.7798 ], [ 145.1944, -37.7792 ], [ 145.1937, -37.7794 ], [ 145.1936, -37.779 ], [ 145.1932, -37.779 ], [ 145.1933, -37.7785 ], [ 145.1929, -37.7787 ], [ 145.1921, -37.7785 ], [ 145.1921, -37.7788 ], [ 145.1916, -37.7784 ], [ 145.1912, -37.7786 ], [ 145.1907, -37.778 ], [ 145.1906, -37.7773 ], [ 145.1909, -37.777 ], [ 145.1905, -37.7767 ], [ 145.191, -37.7762 ], [ 145.1904, -37.776 ] ] ] } },
{ "type": "Feature", "properties": { "loc_pid": "loc025dead673cc", "suburb": "Parkdale", "join_key": "PARKDALE" }, "geometry": { "type": "Polygon", "coordinates": [ [ [ 145.0688, -37.995 ], [ 145.0713, -37.9822 ], [ 145.0735, -37.9824 ], [ 145.0747, -37.9828 ], [ 145.0788, -37.987 ], [ 145.0796, -37.983 ], [ 145.0943, -37.9848 ], [ 145.0915, -37.9992 ], [ 145.0824, -37.9981 ], [ 145.0817, -37.9983 ], [ 145.0827, -38.0001 ], [ 145.0819, -38.0003 ], [ 145.081, -38.0052 ], [ 145.0774, -38.0022 ], [ 145.076, -38.0006 ], [ 145.0751, -38.0003 ], [ 145.0742, -37.9991 ], [ 145.0688, -37.995 ] ] ] } },
{ "type": "Feature", "properties": { "loc_pid": "loc9e7da77def26", "suburb": "Parkville", "join_key": "PARKVILLE" }, "geometry": { "type": "Polygon", "coordinates": [ [ [ 144.9363, -37.7743 ], [ 144.9366, -37.7738 ], [ 144.9391, -37.7745 ], [ 144.9389, -37.7755 ], [ 144.9602, -37.778 ], [ 144.9589, -37.789 ], [ 144.9594, -37.7903 ], [ 144.9606, -37.7915 ], [ 144.963, -37.7921 ], [ 144.9652, -37.7931 ], [ 144.964, -37.8004 ], [ 144.9547, -37.7994 ], [ 144.9409, -37.7884 ], [ 144.9399, -37.787 ], [ 144.9404, -37.7866 ], [ 144.9393, -37.7837 ], [ 144.9389, -37.7814 ], [ 144.9369, -37.7774 ], [ 144.9363, -37.7743 ] ] ] } },
{ "type": "Feature", "properties": { "loc_pid": "loc12c0177d3d38", "suburb": "Pascoe Vale", "join_key": "PASCOE VALE" }, "geometry": { "type": "Polygon", "coordinates": [ [ [ 144.9195, -37.725 ], [ 144.9224, -37.7244 ], [ 144.9212, -37.7213 ], [ 144.9226, -37.7214 ], [ 144.9226, -37.7209 ], [ 144.9228, -37.7214 ], [ 144.9232, -37.7214 ], [ 144.923, -37.7211 ], [ 144.9236, -37.7209 ], [ 144.9264, -37.7213 ], [ 144.9265, -37.7218 ], [ 144.928, -37.722 ], [ 144.9281, -37.7216 ], [ 144.9289, -37.7217 ], [ 144.9291, -37.7209 ], [ 144.9285, -37.7209 ], [ 144.9294, -37.7183 ], [ 144.9291, -37.7173 ], [ 144.9292, -37.7169 ], [ 144.9299, -37.7167 ], [ 144.9299, -37.7162 ], [ 144.929, -37.7161 ], [ 144.9291, -37.7157 ], [ 144.9336, -37.7163 ], [ 144.9338, -37.7148 ], [ 144.9364, -37.7151 ], [ 144.9366, -37.7137 ], [ 144.9371, -37.7138 ], [ 144.9371, -37.7142 ], [ 144.9375, -37.7142 ], [ 144.9374, -37.7148 ], [ 144.9377, -37.7144 ], [ 144.9384, -37.7144 ], [ 144.9449, -37.7153 ], [ 144.9455, -37.7153 ], [ 144.9455, -37.7149 ], [ 144.9458, -37.7149 ], [ 144.9487, -37.7153 ], [ 144.9486, -37.7157 ], [ 144.9491, -37.7157 ], [ 144.9491, -37.7161 ], [ 144.9504, -37.7162 ], [ 144.9504, -37.7159 ], [ 144.9515, -37.716 ], [ 144.9516, -37.7156 ], [ 144.9521, -37.7157 ], [ 144.9517, -37.7181 ], [ 144.9521, -37.7181 ], [ 144.9522, -37.7186 ], [ 144.951, -37.7241 ], [ 144.9512, -37.7247 ], [ 144.9518, -37.7251 ], [ 144.9517, -37.7256 ], [ 144.9509, -37.7255 ], [ 144.9508, -37.7261 ], [ 144.9508, -37.7275 ], [ 144.952, -37.7277 ], [ 144.9519, -37.7289 ], [ 144.9517, -37.7301 ], [ 144.9503, -37.73 ], [ 144.9503, -37.7313 ], [ 144.9497, -37.7313 ], [ 144.9495, -37.7325 ], [ 144.95, -37.7326 ], [ 144.9501, -37.733 ], [ 144.9496, -37.7357 ], [ 144.9455, -37.7352 ], [ 144.9453, -37.7356 ], [ 144.9448, -37.7356 ], [ 144.9445, -37.7351 ], [ 144.9393, -37.7344 ], [ 144.9392, -37.7349 ], [ 144.9373, -37.7347 ], [ 144.9374, -37.7341 ], [ 144.9371, -37.734 ], [ 144.9358, -37.7339 ], [ 144.9358, -37.7345 ], [ 144.9352, -37.7344 ], [ 144.9353, -37.7339 ], [ 144.9329, -37.7335 ], [ 144.9312, -37.7334 ], [ 144.9311, -37.7339 ], [ 144.9306, -37.7339 ], [ 144.9307, -37.7332 ], [ 144.9304, -37.7331 ], [ 144.9301, -37.7334 ], [ 144.9293, -37.7333 ], [ 144.9294, -37.7337 ], [ 144.9279, -37.7335 ], [ 144.928, -37.733 ], [ 144.9276, -37.733 ], [ 144.9275, -37.7335 ], [ 144.9258, -37.7333 ], [ 144.9246, -37.7327 ], [ 144.9243, -37.7321 ], [ 144.9246, -37.731 ], [ 144.9256, -37.7305 ], [ 144.9256, -37.7301 ], [ 144.9247, -37.7297 ], [ 144.9248, -37.729 ], [ 144.9242, -37.7288 ], [ 144.9225, -37.729 ], [ 144.9222, -37.7273 ], [ 144.9195, -37.725 ] ] ] } },
{ "type": "Feature", "properties": { "loc_pid": "locbb5f291d781d", "suburb": "Pascoe Vale South", "join_key": "PASCOE VALE SOUTH" }, "geometry": { "type": "Polygon", "coordinates": [ [ [ 144.9258, -37.7333 ], [ 144.9275, -37.7335 ], [ 144.9276, -37.733 ], [ 144.928, -37.733 ], [ 144.9279, -37.7335 ], [ 144.9294, -37.7337 ], [ 144.9293, -37.7333 ], [ 144.9301, -37.7334 ], [ 144.9304, -37.7331 ], [ 144.9307, -37.7332 ], [ 144.9306, -37.7339 ], [ 144.9311, -37.7339 ], [ 144.9312, -37.7334 ], [ 144.9329, -37.7335 ], [ 144.9353, -37.7339 ], [ 144.9352, -37.7344 ], [ 144.9358, -37.7345 ], [ 144.9358, -37.7339 ], [ 144.9371, -37.734 ], [ 144.9374, -37.7341 ], [ 144.9373, -37.7347 ], [ 144.9392, -37.7349 ], [ 144.9393, -37.7344 ], [ 144.9445, -37.7351 ], [ 144.9448, -37.7356 ], [ 144.9453, -37.7356 ], [ 144.9455, -37.7352 ], [ 144.9496, -37.7357 ], [ 144.9492, -37.7396 ], [ 144.9475, -37.7394 ], [ 144.9471, -37.7403 ], [ 144.9461, -37.7462 ], [ 144.9463, -37.7472 ], [ 144.9472, -37.7474 ], [ 144.9462, -37.7533 ], [ 144.927, -37.7511 ], [ 144.9275, -37.7503 ], [ 144.9274, -37.7493 ], [ 144.9276, -37.749 ], [ 144.9284, -37.7489 ], [ 144.9292, -37.7476 ], [ 144.9291, -37.7473 ], [ 144.9283, -37.7471 ], [ 144.9286, -37.7457 ], [ 144.9292, -37.7454 ], [ 144.9328, -37.7455 ], [ 144.9333, -37.7448 ], [ 144.9344, -37.7445 ], [ 144.9347, -37.744 ], [ 144.9335, -37.7425 ], [ 144.9316, -37.7422 ], [ 144.9311, -37.7416 ], [ 144.9301, -37.7403 ], [ 144.9299, -37.738 ], [ 144.9288, -37.7374 ], [ 144.9286, -37.7353 ], [ 144.9258, -37.7333 ] ] ] } },
{ "type": "Feature", "properties": { "loc_pid": "loc28350a6fd21f", "suburb": "Patterson Lakes", "join_key": "PATTERSON LAKES" }, "geometry": { "type": "Polygon", "coordinates": [ [ [ 145.132, -38.0692 ], [ 145.1349, -38.0687 ], [ 145.1397, -38.0647 ], [ 145.1345, -38.055 ], [ 145.1446, -38.0516 ], [ 145.1489, -38.0631 ], [ 145.15, -38.0671 ], [ 145.153, -38.0671 ], [ 145.1562, -38.0675 ], [ 145.1546, -38.0757 ], [ 145.1501, -38.0751 ], [ 145.1489, -38.0835 ], [ 145.1415, -38.0825 ], [ 145.1386, -38.0832 ], [ 145.1363, -38.0825 ], [ 145.1336, -38.0833 ], [ 145.1339, -38.0792 ], [ 145.1346, -38.077 ], [ 145.1342, -38.0761 ], [ 145.1346, -38.0754 ], [ 145.1362, -38.0752 ], [ 145.1343, -38.0721 ], [ 145.1338, -38.0721 ], [ 145.132, -38.0692 ] ] ] } },
{ "type": "Feature", "properties": { "loc_pid": "locb344fc28a060", "suburb": "Pearcedale", "join_key": "PEARCEDALE" }, "geometry": { "type": "Polygon", "coordinates": [ [ [ 145.1966, -38.212 ], [ 145.1967, -38.1995 ], [ 145.2096, -38.1999 ], [ 145.2158, -38.2007 ], [ 145.2217, -38.169 ], [ 145.2595, -38.1733 ], [ 145.2867, -38.1767 ], [ 145.2839, -38.1902 ], [ 145.2833, -38.1912 ], [ 145.2794, -38.2116 ], [ 145.2868, -38.2126 ], [ 145.2855, -38.2191 ], [ 145.2824, -38.2207 ], [ 145.2812, -38.2217 ], [ 145.2817, -38.2221 ], [ 145.2801, -38.2234 ], [ 145.2788, -38.2239 ], [ 145.2774, -38.224 ], [ 145.2762, -38.2237 ], [ 145.2751, -38.2238 ], [ 145.2746, -38.2232 ], [ 145.2732, -38.2237 ], [ 145.2729, -38.2229 ], [ 145.2722, -38.2226 ], [ 145.2713, -38.223 ], [ 145.2704, -38.224 ], [ 145.2681, -38.2246 ], [ 145.2664, -38.2233 ], [ 145.2656, -38.2232 ], [ 145.2647, -38.2225 ], [ 145.2618, -38.2212 ], [ 145.2609, -38.2211 ], [ 145.2602, -38.2213 ], [ 145.2597, -38.2234 ], [ 145.2591, -38.2237 ], [ 145.2585, -38.2252 ], [ 145.2562, -38.2245 ], [ 145.2557, -38.2237 ], [ 145.256, -38.223 ], [ 145.2555, -38.2225 ], [ 145.2546, -38.2227 ], [ 145.2546, -38.2237 ], [ 145.2297, -38.2205 ], [ 145.228, -38.2199 ], [ 145.2264, -38.2188 ], [ 145.22, -38.2119 ], [ 145.2199, -38.2122 ], [ 145.1966, -38.212 ] ] ] } },
{ "type": "Feature", "properties": { "loc_pid": "loc14b657721382", "suburb": "Plenty", "join_key": "PLENTY" }, "geometry": { "type": "Polygon", "coordinates": [ [ [ 145.0834, -37.6769 ], [ 145.0845, -37.6765 ], [ 145.0865, -37.6776 ], [ 145.0871, -37.6767 ], [ 145.0861, -37.6759 ], [ 145.0856, -37.6749 ], [ 145.0857, -37.6743 ], [ 145.087, -37.6741 ], [ 145.0885, -37.6747 ], [ 145.0891, -37.6745 ], [ 145.0884, -37.6729 ], [ 145.0863, -37.6723 ], [ 145.0866, -37.6707 ], [ 145.0849, -37.6701 ], [ 145.0841, -37.6701 ], [ 145.0838, -37.6692 ], [ 145.0843, -37.6689 ], [ 145.0856, -37.669 ], [ 145.0873, -37.6677 ], [ 145.0879, -37.6679 ], [ 145.0885, -37.6686 ], [ 145.0891, -37.6686 ], [ 145.0897, -37.6676 ], [ 145.0909, -37.667 ], [ 145.0919, -37.6674 ], [ 145.0922, -37.6671 ], [ 145.092, -37.6654 ], [ 145.0913, -37.665 ], [ 145.0897, -37.6648 ], [ 145.0892, -37.6641 ], [ 145.0911, -37.6631 ], [ 145.0926, -37.6635 ], [ 145.0932, -37.6643 ], [ 145.0946, -37.6631 ], [ 145.0945, -37.6623 ], [ 145.095, -37.6618 ], [ 145.0959, -37.6624 ], [ 145.0959, -37.663 ], [ 145.0953, -37.6637 ], [ 145.0954, -37.6643 ], [ 145.0966, -37.6648 ], [ 145.0971, -37.6645 ], [ 145.0974, -37.6628 ], [ 145.0979, -37.6624 ], [ 145.0992, -37.6623 ], [ 145.1006, -37.663 ], [ 145.1016, -37.6615 ], [ 145.1038, -37.6613 ], [ 145.1039, -37.661 ], [ 145.1031, -37.6604 ], [ 145.1032, -37.6593 ], [ 145.1027, -37.6582 ], [ 145.1033, -37.6571 ], [ 145.104, -37.6569 ], [ 145.1072, -37.6586 ], [ 145.1078, -37.6582 ], [ 145.1061, -37.6561 ], [ 145.1042, -37.6551 ], [ 145.1024, -37.6553 ], [ 145.1019, -37.6548 ], [ 145.1024, -37.6527 ], [ 145.1045, -37.6537 ], [ 145.1049, -37.6542 ], [ 145.1066, -37.6541 ], [ 145.1077, -37.6534 ], [ 145.1176, -37.6544 ], [ 145.118, -37.6517 ], [ 145.1191, -37.6519 ], [ 145.1198, -37.6505 ], [ 145.1215, -37.6507 ], [ 145.1209, -37.6512 ], [ 145.1239, -37.6528 ], [ 145.1248, -37.6527 ], [ 145.129, -37.6497 ], [ 145.1294, -37.65 ], [ 145.1297, -37.648 ], [ 145.1308, -37.6481 ], [ 145.1307, -37.649 ], [ 145.1321, -37.6492 ], [ 145.1324, -37.6507 ], [ 145.1331, -37.6507 ], [ 145.133, -37.6516 ], [ 145.1338, -37.6516 ], [ 145.1332, -37.6539 ], [ 145.137, -37.6543 ], [ 145.1363, -37.6578 ], [ 145.1383, -37.658 ], [ 145.1376, -37.6625 ], [ 145.1338, -37.6621 ], [ 145.1326, -37.6693 ], [ 145.1319, -37.6692 ], [ 145.1307, -37.6746 ], [ 145.1261, -37.6741 ], [ 145.1254, -37.6779 ], [ 145.1221, -37.6807 ], [ 145.1179, -37.6792 ], [ 145.1168, -37.6795 ], [ 145.1124, -37.6823 ], [ 145.1077, -37.6818 ], [ 145.1072, -37.682 ], [ 145.1064, -37.6815 ], [ 145.1054, -37.6824 ], [ 145.1045, -37.6824 ], [ 145.1043, -37.6829 ], [ 145.1035, -37.6829 ], [ 145.1016, -37.6817 ], [ 145.0993, -37.6818 ], [ 145.0983, -37.6823 ], [ 145.0973, -37.6813 ], [ 145.0956, -37.6808 ], [ 145.0946, -37.6808 ], [ 145.0914, -37.6816 ], [ 145.0903, -37.6815 ], [ 145.0905, -37.6808 ], [ 145.0917, -37.6802 ], [ 145.0917, -37.6794 ], [ 145.0861, -37.6813 ], [ 145.0851, -37.681 ], [ 145.0848, -37.6804 ], [ 145.0844, -37.6804 ], [ 145.0843, -37.6799 ], [ 145.0849, -37.679 ], [ 145.0847, -37.6776 ], [ 145.0834, -37.6769 ] ] ] } },
{ "type": "Feature", "properties": { "loc_pid": "loce2babe59103e", "suburb": "Plumpton", "join_key": "PLUMPTON" }, "geometry": { "type": "Polygon", "coordinates": [ [ [ 144.6366, -37.6796 ], [ 144.6377, -37.6786 ], [ 144.6391, -37.6785 ], [ 144.6394, -37.6792 ], [ 144.6403, -37.6793 ], [ 144.641, -37.6788 ], [ 144.6422, -37.6788 ], [ 144.6434, -37.678 ], [ 144.6438, -37.677 ], [ 144.6435, -37.6769 ], [ 144.6434, -37.6759 ], [ 144.6429, -37.6757 ], [ 144.6423, -37.676 ], [ 144.6416, -37.6754 ], [ 144.6419, -37.6742 ], [ 144.6431, -37.6723 ], [ 144.6459, -37.672 ], [ 144.6469, -37.6714 ], [ 144.6467, -37.6709 ], [ 144.6458, -37.6706 ], [ 144.646, -37.6698 ], [ 144.6447, -37.669 ], [ 144.6443, -37.6681 ], [ 144.6459, -37.6671 ], [ 144.6459, -37.6668 ], [ 144.6448, -37.6663 ], [ 144.6454, -37.6641 ], [ 144.645, -37.6629 ], [ 144.6451, -37.662 ], [ 144.6463, -37.6618 ], [ 144.6479, -37.6592 ], [ 144.6466, -37.6587 ], [ 144.6459, -37.6577 ], [ 144.6459, -37.6567 ], [ 144.6454, -37.6556 ], [ 144.6435, -37.6543 ], [ 144.6433, -37.6535 ], [ 144.6439, -37.652 ], [ 144.6436, -37.651 ], [ 144.6424, -37.6497 ], [ 144.6424, -37.6483 ], [ 144.6429, -37.6479 ], [ 144.6436, -37.6484 ], [ 144.6444, -37.6483 ], [ 144.645, -37.6477 ], [ 144.6469, -37.647 ], [ 144.6475, -37.647 ], [ 144.6481, -37.6481 ], [ 144.6487, -37.6483 ], [ 144.6507, -37.6451 ], [ 144.6514, -37.6445 ], [ 144.6524, -37.6444 ], [ 144.6517, -37.6433 ], [ 144.6517, -37.6427 ], [ 144.6521, -37.6428 ], [ 144.6523, -37.6424 ], [ 144.6529, -37.6424 ], [ 144.6541, -37.6418 ], [ 144.6555, -37.6419 ], [ 144.6561, -37.6414 ], [ 144.6559, -37.6396 ], [ 144.677, -37.653 ], [ 144.6846, -37.6564 ], [ 144.7443, -37.6631 ], [ 144.7548, -37.6765 ], [ 144.7544, -37.6784 ], [ 144.7368, -37.6761 ], [ 144.7277, -37.6755 ], [ 144.7248, -37.69 ], [ 144.7152, -37.6893 ], [ 144.6651, -37.6836 ], [ 144.6406, -37.6801 ], [ 144.639, -37.6802 ], [ 144.6375, -37.6811 ], [ 144.6368, -37.6805 ], [ 144.6366, -37.6796 ] ] ] } },
{ "type": "Feature", "properties": { "loc_pid": "locc5abea08e85d", "suburb": "Point Cook", "join_key": "POINT COOK" }, "geometry": { "type": "Polygon", "coordinates": [ [ [ 144.7043, -37.9003 ], [ 144.7067, -37.8987 ], [ 144.7077, -37.8975 ], [ 144.7099, -37.8916 ], [ 144.7101, -37.8897 ], [ 144.709, -37.8834 ], [ 144.7103, -37.8812 ], [ 144.7113, -37.8804 ], [ 144.7125, -37.8797 ], [ 144.719, -37.878 ], [ 144.7189, -37.8772 ], [ 144.7366, -37.8728 ], [ 144.7369, -37.8734 ], [ 144.7512, -37.8698 ], [ 144.7547, -37.8695 ], [ 144.7536, -37.8765 ], [ 144.7524, -37.8765 ], [ 144.7521, -37.8779 ], [ 144.7514, -37.8824 ], [ 144.7525, -37.8825 ], [ 144.7517, -37.8867 ], [ 144.756, -37.8871 ], [ 144.7558, -37.888 ], [ 144.7624, -37.8886 ], [ 144.7633, -37.8836 ], [ 144.7667, -37.8839 ], [ 144.7679, -37.885 ], [ 144.7689, -37.8847 ], [ 144.7696, -37.8841 ], [ 144.7705, -37.884 ], [ 144.7714, -37.8847 ], [ 144.7731, -37.8851 ], [ 144.7742, -37.8869 ], [ 144.7757, -37.8882 ], [ 144.7768, -37.8912 ], [ 144.7778, -37.8923 ], [ 144.7796, -37.8931 ], [ 144.7805, -37.894 ], [ 144.7804, -37.8989 ], [ 144.7827, -37.8999 ], [ 144.7861, -37.9001 ], [ 144.7891, -37.8987 ], [ 144.7917, -37.8984 ], [ 144.7969, -37.8996 ], [ 144.7976, -37.8995 ], [ 144.7998, -37.8986 ], [ 144.7999, -37.8967 ], [ 144.8014, -37.8948 ], [ 144.8025, -37.8945 ], [ 144.804, -37.8944 ], [ 144.8041, -37.8946 ], [ 144.802, -37.8977 ], [ 144.8019, -37.8989 ], [ 144.8012, -37.9003 ], [ 144.8015, -37.9008 ], [ 144.7982, -37.906 ], [ 144.7979, -37.907 ], [ 144.7981, -37.9079 ], [ 144.7976, -37.9086 ], [ 144.7975, -37.9095 ], [ 144.7972, -37.9089 ], [ 144.7969, -37.9086 ], [ 144.7968, -37.9087 ], [ 144.7973, -37.9094 ], [ 144.7976, -37.9096 ], [ 144.7972, -37.9106 ], [ 144.7978, -37.9151 ], [ 144.7974, -37.9193 ], [ 144.7987, -37.9215 ], [ 144.7991, -37.9231 ], [ 144.7969, -37.9234 ], [ 144.796, -37.9238 ], [ 144.7939, -37.9268 ], [ 144.792, -37.9276 ], [ 144.7869, -37.9279 ], [ 144.7837, -37.9275 ], [ 144.7797, -37.9278 ], [ 144.7724, -37.9297 ], [ 144.7672, -37.9326 ], [ 144.7609, -37.9375 ], [ 144.7527, -37.9393 ], [ 144.7517, -37.9391 ], [ 144.7514, -37.9393 ], [ 144.7514, -37.9391 ], [ 144.7503, -37.9389 ], [ 144.7502, -37.9393 ], [ 144.7498, -37.939 ], [ 144.7473, -37.939 ], [ 144.7444, -37.9393 ], [ 144.7413, -37.9404 ], [ 144.7414, -37.9412 ], [ 144.7406, -37.9414 ], [ 144.7428, -37.9288 ], [ 144.7281, -37.9271 ], [ 144.7281, -37.9267 ], [ 144.7252, -37.9238 ], [ 144.7178, -37.9194 ], [ 144.7156, -37.9169 ], [ 144.7155, -37.9156 ], [ 144.7149, -37.915 ], [ 144.7136, -37.9148 ], [ 144.7169, -37.8961 ], [ 144.7155, -37.8961 ], [ 144.7141, -37.8965 ], [ 144.7094, -37.9003 ], [ 144.7082, -37.9008 ], [ 144.7068, -37.9009 ], [ 144.7043, -37.9003 ] ] ] } },
{ "type": "Feature", "properties": { "loc_pid": "loc7413fc52f5b9", "suburb": "Point Leo", "join_key": "POINT LEO" }, "geometry": { "type": "Polygon", "coordinates": [ [ [ 145.0563, -38.4131 ], [ 145.0698, -38.4037 ], [ 145.0738, -38.4028 ], [ 145.0745, -38.4074 ], [ 145.0753, -38.4086 ], [ 145.0766, -38.4085 ], [ 145.0815, -38.4148 ], [ 145.0785, -38.4178 ], [ 145.0784, -38.4196 ], [ 145.077, -38.4207 ], [ 145.077, -38.4212 ], [ 145.0775, -38.4217 ], [ 145.0773, -38.4225 ], [ 145.0778, -38.4227 ], [ 145.0792, -38.4225 ], [ 145.0801, -38.4229 ], [ 145.0805, -38.4238 ], [ 145.0797, -38.4241 ], [ 145.079, -38.425 ], [ 145.0778, -38.425 ], [ 145.0768, -38.4259 ], [ 145.077, -38.4267 ], [ 145.0764, -38.4266 ], [ 145.0763, -38.4269 ], [ 145.077, -38.4276 ], [ 145.0769, -38.428 ], [ 145.0757, -38.4275 ], [ 145.0759, -38.4282 ], [ 145.0749, -38.4286 ], [ 145.0745, -38.4278 ], [ 145.0757, -38.4264 ], [ 145.073, -38.4256 ], [ 145.0703, -38.4254 ], [ 145.0663, -38.4259 ], [ 145.0563, -38.4131 ] ] ] } },
{ "type": "Feature", "properties": { "loc_pid": "loc9a48431374e1", "suburb": "Port Melbourne", "join_key": "PORT MELBOURNE" }, "geometry": { "type": "Polygon", "coordinates": [ [ [ 144.897, -37.8346 ], [ 144.8979, -37.8306 ], [ 144.8993, -37.8284 ], [ 144.9008, -37.8268 ], [ 144.9056, -37.8229 ], [ 144.9087, -37.8215 ], [ 144.9134, -37.8201 ], [ 144.9185, -37.8191 ], [ 144.9227, -37.8188 ], [ 144.9319, -37.8195 ], [ 144.9311, -37.8217 ], [ 144.9378, -37.8231 ], [ 144.9377, -37.8237 ], [ 144.9498, -37.8341 ], [ 144.9456, -37.843 ], [ 144.9427, -37.8461 ], [ 144.9374, -37.8439 ], [ 144.9368, -37.8432 ], [ 144.9334, -37.8424 ], [ 144.9331, -37.8428 ], [ 144.9325, -37.8428 ], [ 144.9322, -37.8433 ], [ 144.9319, -37.8432 ], [ 144.9306, -37.8472 ], [ 144.93, -37.8474 ], [ 144.9314, -37.8422 ], [ 144.9307, -37.8428 ], [ 144.9311, -37.842 ], [ 144.9316, -37.8421 ], [ 144.9313, -37.8419 ], [ 144.931, -37.842 ], [ 144.9307, -37.8416 ], [ 144.9315, -37.8417 ], [ 144.9316, -37.8411 ], [ 144.9275, -37.8402 ], [ 144.9269, -37.842 ], [ 144.9263, -37.8418 ], [ 144.9267, -37.8407 ], [ 144.9264, -37.8406 ], [ 144.9234, -37.8407 ], [ 144.9233, -37.84 ], [ 144.9229, -37.8399 ], [ 144.9187, -37.8401 ], [ 144.9184, -37.8398 ], [ 144.9167, -37.8402 ], [ 144.9133, -37.8422 ], [ 144.9171, -37.8474 ], [ 144.9125, -37.8495 ], [ 144.9087, -37.8447 ], [ 144.9084, -37.8448 ], [ 144.9078, -37.8432 ], [ 144.9075, -37.8432 ], [ 144.9063, -37.8417 ], [ 144.9067, -37.8415 ], [ 144.9064, -37.841 ], [ 144.9065, -37.8394 ], [ 144.9059, -37.8391 ], [ 144.903, -37.8395 ], [ 144.9049, -37.8446 ], [ 144.9072, -37.8484 ], [ 144.907, -37.8492 ], [ 144.9073, -37.8495 ], [ 144.9037, -37.846 ], [ 144.9023, -37.8466 ], [ 144.8987, -37.8428 ], [ 144.8977, -37.8409 ], [ 144.897, -37.8376 ], [ 144.897, -37.8346 ] ] ] } },
{ "type": "Feature", "properties": { "loc_pid": "loc67d2e4d427ab", "suburb": "Portsea", "join_key": "PORTSEA" }, "geometry": { "type": "Polygon", "coordinates": [ [ [ 144.6512, -38.3023 ], [ 144.6519, -38.3016 ], [ 144.6527, -38.3016 ], [ 144.6529, -38.3027 ], [ 144.6536, -38.303 ], [ 144.6536, -38.3037 ], [ 144.6549, -38.3051 ], [ 144.657, -38.3053 ], [ 144.6591, -38.3062 ], [ 144.6596, -38.3067 ], [ 144.6626, -38.3075 ], [ 144.6652, -38.3072 ], [ 144.6663, -38.308 ], [ 144.6673, -38.3082 ], [ 144.6709, -38.3068 ], [ 144.6749, -38.3057 ], [ 144.6798, -38.3051 ], [ 144.6845, -38.3069 ], [ 144.6878, -38.3091 ], [ 144.6922, -38.3109 ], [ 144.6988, -38.3127 ], [ 144.6999, -38.3134 ], [ 144.7009, -38.3136 ], [ 144.7029, -38.3149 ], [ 144.7049, -38.3152 ], [ 144.7055, -38.3159 ], [ 144.7048, -38.3167 ], [ 144.7073, -38.3177 ], [ 144.7131, -38.319 ], [ 144.7133, -38.3178 ], [ 144.7141, -38.3178 ], [ 144.7134, -38.3179 ], [ 144.7134, -38.319 ], [ 144.7138, -38.319 ], [ 144.7164, -38.3187 ], [ 144.718, -38.3177 ], [ 144.7186, -38.3177 ], [ 144.7194, -38.318 ], [ 144.7209, -38.3196 ], [ 144.7221, -38.3198 ], [ 144.7231, -38.3205 ], [ 144.7317, -38.3225 ], [ 144.7342, -38.3226 ], [ 144.7349, -38.323 ], [ 144.7354, -38.3239 ], [ 144.7357, -38.3237 ], [ 144.7365, -38.3239 ], [ 144.7361, -38.3242 ], [ 144.7381, -38.3245 ], [ 144.7357, -38.3265 ], [ 144.7349, -38.3259 ], [ 144.7336, -38.3272 ], [ 144.7309, -38.3251 ], [ 144.7302, -38.3286 ], [ 144.7273, -38.3283 ], [ 144.7271, -38.3292 ], [ 144.7266, -38.3291 ], [ 144.7264, -38.33 ], [ 144.7241, -38.3297 ], [ 144.7242, -38.3301 ], [ 144.7235, -38.3308 ], [ 144.7228, -38.3307 ], [ 144.7223, -38.3328 ], [ 144.727, -38.3338 ], [ 144.7247, -38.346 ], [ 144.7229, -38.3446 ], [ 144.7206, -38.344 ], [ 144.7188, -38.3426 ], [ 144.7077, -38.3368 ], [ 144.7003, -38.3336 ], [ 144.6971, -38.3316 ], [ 144.6933, -38.3303 ], [ 144.6924, -38.3294 ], [ 144.6918, -38.33 ], [ 144.6921, -38.3292 ], [ 144.6916, -38.3287 ], [ 144.6904, -38.3289 ], [ 144.69, -38.328 ], [ 144.6892, -38.3277 ], [ 144.6885, -38.326 ], [ 144.6871, -38.3254 ], [ 144.6847, -38.325 ], [ 144.6843, -38.324 ], [ 144.683, -38.3235 ], [ 144.6821, -38.3221 ], [ 144.6799, -38.3211 ], [ 144.6776, -38.3195 ], [ 144.6754, -38.3195 ], [ 144.6753, -38.32 ], [ 144.6746, -38.32 ], [ 144.6749, -38.3198 ], [ 144.6745, -38.3193 ], [ 144.6744, -38.3182 ], [ 144.6735, -38.3174 ], [ 144.6728, -38.3171 ], [ 144.672, -38.3174 ], [ 144.672, -38.3171 ], [ 144.6707, -38.3164 ], [ 144.6699, -38.3168 ], [ 144.6692, -38.3161 ], [ 144.6698, -38.3154 ], [ 144.6656, -38.312 ], [ 144.6632, -38.3114 ], [ 144.6625, -38.3117 ], [ 144.6625, -38.312 ], [ 144.662, -38.3119 ], [ 144.6625, -38.311 ], [ 144.662, -38.3104 ], [ 144.6594, -38.3083 ], [ 144.6588, -38.308 ], [ 144.6577, -38.3082 ], [ 144.6566, -38.3068 ], [ 144.6556, -38.3061 ], [ 144.6546, -38.3059 ], [ 144.6531, -38.3045 ], [ 144.6518, -38.3041 ], [ 144.6512, -38.3023 ] ] ] } },
{ "type": "Feature", "properties": { "loc_pid": "loc250adfcbc82d", "suburb": "Prahran", "join_key": "PRAHRAN" }, "geometry": { "type": "Polygon", "coordinates": [ [ [ 144.9842, -37.8507 ], [ 144.985, -37.8457 ], [ 145.0123, -37.8493 ], [ 145.0123, -37.8497 ], [ 145.0118, -37.8497 ], [ 145.0122, -37.8499 ], [ 145.0119, -37.8519 ], [ 145.0115, -37.8518 ], [ 145.0112, -37.8522 ], [ 145.0111, -37.8537 ], [ 145.0116, -37.8539 ], [ 145.0115, -37.8547 ], [ 145.0109, -37.8546 ], [ 145.0108, -37.8553 ], [ 145.0104, -37.8553 ], [ 145.0103, -37.8558 ], [ 145.0108, -37.8558 ], [ 145.0104, -37.8572 ], [ 145.0107, -37.8576 ], [ 145.0104, -37.8576 ], [ 145.0103, -37.858 ], [ 145.009, -37.8578 ], [ 145.0089, -37.8582 ], [ 145.0101, -37.8584 ], [ 145.0101, -37.8602 ], [ 145.0014, -37.859 ], [ 145.0024, -37.8531 ], [ 144.9842, -37.8507 ] ] ] } },
{ "type": "Feature", "properties": { "loc_pid": "loc2c4c767ea9b7", "suburb": "Preston", "join_key": "PRESTON" }, "geometry": { "type": "Polygon", "coordinates": [ [ [ 144.9798, -37.7437 ], [ 144.9802, -37.7437 ], [ 144.9801, -37.7428 ], [ 144.9798, -37.7428 ], [ 144.981, -37.74 ], [ 144.9817, -37.7401 ], [ 144.9824, -37.7379 ], [ 144.9827, -37.7379 ], [ 144.9833, -37.7365 ], [ 144.9831, -37.736 ], [ 144.9834, -37.736 ], [ 144.9839, -37.734 ], [ 144.9844, -37.7302 ], [ 144.9839, -37.7302 ], [ 144.984, -37.7293 ], [ 144.9845, -37.7293 ], [ 144.9849, -37.7276 ], [ 144.9872, -37.7278 ], [ 144.9871, -37.7285 ], [ 144.9877, -37.7281 ], [ 144.9883, -37.7281 ], [ 144.9911, -37.7284 ], [ 144.991, -37.7289 ], [ 144.9939, -37.7292 ], [ 144.9942, -37.729 ], [ 144.9946, -37.7293 ], [ 144.9984, -37.7297 ], [ 145.0001, -37.7296 ], [ 144.9999, -37.7303 ], [ 145.0012, -37.7299 ], [ 145.0019, -37.73 ], [ 145.0019, -37.7305 ], [ 145.0026, -37.7305 ], [ 145.0028, -37.73 ], [ 145.0044, -37.7304 ], [ 145.0047, -37.7304 ], [ 145.0047, -37.73 ], [ 145.0059, -37.7302 ], [ 145.006, -37.7298 ], [ 145.0102, -37.7302 ], [ 145.0103, -37.7294 ], [ 145.0116, -37.7296 ], [ 145.0117, -37.7305 ], [ 145.0187, -37.7311 ], [ 145.019, -37.7312 ], [ 145.0189, -37.7316 ], [ 145.0195, -37.7317 ], [ 145.0195, -37.7312 ], [ 145.02, -37.7312 ], [ 145.0201, -37.7317 ], [ 145.0212, -37.7319 ], [ 145.0213, -37.7314 ], [ 145.0216, -37.7314 ], [ 145.0285, -37.7322 ], [ 145.0294, -37.7325 ], [ 145.0294, -37.7328 ], [ 145.0312, -37.733 ], [ 145.0314, -37.7322 ], [ 145.0322, -37.7322 ], [ 145.0322, -37.7325 ], [ 145.0329, -37.7323 ], [ 145.0333, -37.7324 ], [ 145.0332, -37.7328 ], [ 145.0347, -37.733 ], [ 145.0355, -37.733 ], [ 145.0356, -37.7326 ], [ 145.0379, -37.7329 ], [ 145.0377, -37.7336 ], [ 145.0384, -37.7337 ], [ 145.038, -37.734 ], [ 145.0378, -37.7349 ], [ 145.0373, -37.7351 ], [ 145.0343, -37.735 ], [ 145.0337, -37.7352 ], [ 145.0338, -37.7366 ], [ 145.032, -37.7376 ], [ 145.032, -37.7384 ], [ 145.0329, -37.7401 ], [ 145.0327, -37.7406 ], [ 145.033, -37.7414 ], [ 145.0341, -37.742 ], [ 145.0351, -37.7436 ], [ 145.0351, -37.7441 ], [ 145.0337, -37.7448 ], [ 145.0333, -37.7456 ], [ 145.0337, -37.746 ], [ 145.0353, -37.7458 ], [ 145.0361, -37.7468 ], [ 145.0355, -37.748 ], [ 145.0334, -37.7489 ], [ 145.0321, -37.7491 ], [ 145.0323, -37.7499 ], [ 145.0314, -37.7507 ], [ 145.0318, -37.7529 ], [ 145.0306, -37.7545 ], [ 145.0314, -37.7557 ], [ 145.0064, -37.7528 ], [ 144.9808, -37.7503 ], [ 144.9806, -37.7497 ], [ 144.9814, -37.7488 ], [ 144.9806, -37.7477 ], [ 144.9802, -37.7463 ], [ 144.9815, -37.7462 ], [ 144.982, -37.7455 ], [ 144.9798, -37.7437 ] ] ] } },
{ "type": "Feature", "properties": { "loc_pid": "locf328dcebf414", "suburb": "Princes Hill", "join_key": "PRINCES HILL" }, "geometry": { "type": "Polygon", "coordinates": [ [ [ 144.9615, -37.7782 ], [ 144.9706, -37.7792 ], [ 144.9695, -37.7856 ], [ 144.9636, -37.785 ], [ 144.964, -37.7824 ], [ 144.9628, -37.7813 ], [ 144.9626, -37.7791 ], [ 144.9615, -37.7782 ] ] ] } },
{ "type": "Feature", "properties": { "loc_pid": "loc05e50c5030cd", "suburb": "Ravenhall", "join_key": "RAVENHALL" }, "geometry": { "type": "Polygon", "coordinates": [ [ [ 144.7163, -37.7928 ], [ 144.7211, -37.7598 ], [ 144.722, -37.7602 ], [ 144.7237, -37.7508 ], [ 144.7442, -37.7577 ], [ 144.7572, -37.7635 ], [ 144.7528, -37.796 ], [ 144.7163, -37.7928 ] ] ] } },
{ "type": "Feature", "properties": { "loc_pid": "loc3fe991822440", "suburb": "Red Hill", "join_key": "RED HILL" }, "geometry": { "type": "Polygon", "coordinates": [ [ [ 144.9755, -38.3582 ], [ 144.9845, -38.3592 ], [ 144.9847, -38.3581 ], [ 144.9953, -38.3593 ], [ 144.9958, -38.358 ], [ 144.9971, -38.3572 ], [ 144.9972, -38.3553 ], [ 144.9995, -38.3542 ], [ 145.0, -38.3544 ], [ 144.9991, -38.3527 ], [ 144.9991, -38.351 ], [ 145.0013, -38.3499 ], [ 145.0038, -38.3502 ], [ 145.0036, -38.3491 ], [ 145.0038, -38.3494 ], [ 145.0073, -38.3484 ], [ 145.0058, -38.3473 ], [ 145.0068, -38.3454 ], [ 145.009, -38.3456 ], [ 145.0097, -38.3461 ], [ 145.0109, -38.3458 ], [ 145.0108, -38.3464 ], [ 145.0132, -38.3461 ], [ 145.0135, -38.3445 ], [ 145.0255, -38.3461 ], [ 145.0279, -38.3343 ], [ 145.0404, -38.3357 ], [ 145.0416, -38.3365 ], [ 145.0419, -38.3372 ], [ 145.0429, -38.3379 ], [ 145.0434, -38.3388 ], [ 145.0448, -38.3401 ], [ 145.0448, -38.3413 ], [ 145.0455, -38.3422 ], [ 145.0455, -38.3432 ], [ 145.0461, -38.3441 ], [ 145.0451, -38.348 ], [ 145.046, -38.3488 ], [ 145.0469, -38.3506 ], [ 145.0485, -38.3509 ], [ 145.0498, -38.3504 ], [ 145.0507, -38.3506 ], [ 145.053, -38.3528 ], [ 145.0538, -38.3546 ], [ 145.0545, -38.3551 ], [ 145.051, -38.3607 ], [ 145.0471, -38.3681 ], [ 145.0462, -38.369 ], [ 145.0433, -38.3718 ], [ 145.037, -38.3717 ], [ 145.0327, -38.3758 ], [ 145.0325, -38.3781 ], [ 145.0321, -38.3785 ], [ 145.0276, -38.3794 ], [ 145.0247, -38.3803 ], [ 145.0223, -38.3836 ], [ 145.0198, -38.3856 ], [ 145.0211, -38.3883 ], [ 145.0206, -38.389 ], [ 145.019, -38.39 ], [ 145.0087, -38.3865 ], [ 145.0091, -38.3861 ], [ 145.0089, -38.3857 ], [ 144.9927, -38.3856 ], [ 144.9934, -38.3816 ], [ 144.9926, -38.3801 ], [ 144.976, -38.3798 ], [ 144.9785, -38.3693 ], [ 144.9769, -38.3672 ], [ 144.9773, -38.3633 ], [ 144.9764, -38.3631 ], [ 144.9755, -38.3582 ] ] ] } },
{ "type": "Feature", "properties": { "loc_pid": "loc049b23459881", "suburb": "Red Hill South", "join_key": "RED HILL SOUTH" }, "geometry": { "type": "Polygon", "coordinates": [ [ [ 145.0051, -38.3894 ], [ 145.0063, -38.3881 ], [ 145.0069, -38.388 ], [ 145.0071, -38.3871 ], [ 145.0087, -38.3865 ], [ 145.019, -38.39 ], [ 145.0206, -38.389 ], [ 145.0211, -38.3883 ], [ 145.0198, -38.3856 ], [ 145.0223, -38.3836 ], [ 145.0247, -38.3803 ], [ 145.0276, -38.3794 ], [ 145.0321, -38.3785 ], [ 145.0325, -38.3781 ], [ 145.0327, -38.3758 ], [ 145.037, -38.3717 ], [ 145.0433, -38.3718 ], [ 145.0471, -38.3681 ], [ 145.0524, -38.3585 ], [ 145.0545, -38.3585 ], [ 145.0547, -38.3588 ], [ 145.0553, -38.3606 ], [ 145.0553, -38.3634 ], [ 145.0622, -38.3634 ], [ 145.062, -38.3861 ], [ 145.0623, -38.3865 ], [ 145.0622, -38.3901 ], [ 145.0625, -38.3901 ], [ 145.0625, -38.4042 ], [ 145.0621, -38.4038 ], [ 145.0523, -38.4005 ], [ 145.0503, -38.4002 ], [ 145.0481, -38.4032 ], [ 145.0441, -38.4023 ], [ 145.0429, -38.4025 ], [ 145.0408, -38.4019 ], [ 145.0373, -38.4024 ], [ 145.0348, -38.4011 ], [ 145.0343, -38.3999 ], [ 145.0277, -38.4089 ], [ 145.0242, -38.4073 ], [ 145.0179, -38.4058 ], [ 145.0168, -38.4054 ], [ 145.0161, -38.4047 ], [ 145.015, -38.4049 ], [ 145.0123, -38.4043 ], [ 145.0096, -38.4031 ], [ 145.0091, -38.4019 ], [ 145.0088, -38.4019 ], [ 145.0095, -38.4005 ], [ 145.0089, -38.3991 ], [ 145.0089, -38.3972 ], [ 145.0086, -38.3972 ], [ 145.008, -38.3963 ], [ 145.0078, -38.3954 ], [ 145.0072, -38.3952 ], [ 145.0056, -38.3922 ], [ 145.0051, -38.3894 ] ] ] } },
{ "type": "Feature", "properties": { "loc_pid": "locf678eadaf2e3", "suburb": "Research", "join_key": "RESEARCH" }, "geometry": { "type": "Polygon", "coordinates": [ [ [ 145.1641, -37.6915 ], [ 145.1648, -37.6896 ], [ 145.1785, -37.6912 ], [ 145.1797, -37.6861 ], [ 145.1833, -37.6897 ], [ 145.1881, -37.6903 ], [ 145.1883, -37.6893 ], [ 145.1917, -37.6895 ], [ 145.1931, -37.6904 ], [ 145.1949, -37.691 ], [ 145.1965, -37.6906 ], [ 145.1952, -37.692 ], [ 145.1958, -37.6932 ], [ 145.1967, -37.6922 ], [ 145.1987, -37.6922 ], [ 145.199, -37.6926 ], [ 145.1975, -37.7008 ], [ 145.1955, -37.7005 ], [ 145.1973, -37.7017 ], [ 145.1979, -37.7027 ], [ 145.1947, -37.7032 ], [ 145.1946, -37.7037 ], [ 145.2075, -37.706 ], [ 145.2086, -37.7069 ], [ 145.2097, -37.7066 ], [ 145.2114, -37.707 ], [ 145.2124, -37.7082 ], [ 145.2118, -37.7116 ], [ 145.2084, -37.7113 ], [ 145.2085, -37.7109 ], [ 145.2069, -37.7107 ], [ 145.2067, -37.7116 ], [ 145.2021, -37.7109 ], [ 145.2012, -37.7158 ], [ 145.2021, -37.716 ], [ 145.2009, -37.7225 ], [ 145.1978, -37.7192 ], [ 145.1982, -37.7201 ], [ 145.1979, -37.7217 ], [ 145.1964, -37.723 ], [ 145.196, -37.7249 ], [ 145.1943, -37.7247 ], [ 145.1918, -37.7255 ], [ 145.1913, -37.7236 ], [ 145.1918, -37.7212 ], [ 145.1896, -37.7208 ], [ 145.187, -37.7228 ], [ 145.1829, -37.724 ], [ 145.1812, -37.724 ], [ 145.1816, -37.7235 ], [ 145.1813, -37.7219 ], [ 145.1804, -37.7234 ], [ 145.1791, -37.7243 ], [ 145.1779, -37.7245 ], [ 145.1774, -37.724 ], [ 145.1775, -37.7235 ], [ 145.1762, -37.7231 ], [ 145.1741, -37.724 ], [ 145.173, -37.7238 ], [ 145.175, -37.7101 ], [ 145.1772, -37.6983 ], [ 145.1736, -37.6957 ], [ 145.1729, -37.6944 ], [ 145.1702, -37.6941 ], [ 145.169, -37.6947 ], [ 145.1687, -37.6946 ], [ 145.1679, -37.6924 ], [ 145.1667, -37.6917 ], [ 145.1648, -37.6919 ], [ 145.1641, -37.6915 ] ] ] } },
{ "type": "Feature", "properties": { "loc_pid": "loc656f84726510", "suburb": "Reservoir", "join_key": "RESERVOIR" }, "geometry": { "type": "Polygon", "coordinates": [ [ [ 144.9703, -37.6921 ], [ 144.9715, -37.6912 ], [ 144.9723, -37.691 ], [ 145.0052, -37.6942 ], [ 145.0408, -37.6983 ], [ 145.0407, -37.699 ], [ 145.0403, -37.6991 ], [ 145.0377, -37.6988 ], [ 145.0373, -37.6996 ], [ 145.0361, -37.7 ], [ 145.0359, -37.7008 ], [ 145.0347, -37.7022 ], [ 145.0354, -37.7023 ], [ 145.0354, -37.7028 ], [ 145.0361, -37.7034 ], [ 145.0349, -37.7037 ], [ 145.0348, -37.7047 ], [ 145.0352, -37.7055 ], [ 145.0342, -37.7057 ], [ 145.0337, -37.7062 ], [ 145.0341, -37.7078 ], [ 145.0354, -37.7086 ], [ 145.0353, -37.71 ], [ 145.034, -37.7121 ], [ 145.0331, -37.7118 ], [ 145.0328, -37.7114 ], [ 145.0318, -37.7113 ], [ 145.0311, -37.7113 ], [ 145.0297, -37.712 ], [ 145.0282, -37.7121 ], [ 145.0267, -37.7118 ], [ 145.0253, -37.7127 ], [ 145.0257, -37.7139 ], [ 145.0235, -37.7145 ], [ 145.0221, -37.7152 ], [ 145.022, -37.7156 ], [ 145.0242, -37.7161 ], [ 145.0251, -37.716 ], [ 145.0317, -37.722 ], [ 145.0347, -37.7208 ], [ 145.0349, -37.7232 ], [ 145.0362, -37.7234 ], [ 145.0368, -37.7247 ], [ 145.0376, -37.7253 ], [ 145.0381, -37.7268 ], [ 145.0389, -37.7269 ], [ 145.0381, -37.7277 ], [ 145.0383, -37.7285 ], [ 145.0389, -37.7286 ], [ 145.0395, -37.7283 ], [ 145.0403, -37.7293 ], [ 145.0404, -37.7304 ], [ 145.0394, -37.7303 ], [ 145.0391, -37.7299 ], [ 145.0381, -37.7302 ], [ 145.0402, -37.7321 ], [ 145.04, -37.7327 ], [ 145.0384, -37.7337 ], [ 145.0377, -37.7336 ], [ 145.0379, -37.7329 ], [ 145.0356, -37.7326 ], [ 145.0355, -37.733 ], [ 145.0347, -37.733 ], [ 145.0332, -37.7328 ], [ 145.0333, -37.7324 ], [ 145.0329, -37.7323 ], [ 145.0322, -37.7325 ], [ 145.0322, -37.7322 ], [ 145.0314, -37.7322 ], [ 145.0312, -37.733 ], [ 145.0294, -37.7328 ], [ 145.0294, -37.7325 ], [ 145.0285, -37.7322 ], [ 145.0216, -37.7314 ], [ 145.0213, -37.7314 ], [ 145.0212, -37.7319 ], [ 145.0201, -37.7317 ], [ 145.02, -37.7312 ], [ 145.0195, -37.7312 ], [ 145.0195, -37.7317 ], [ 145.0189, -37.7316 ], [ 145.019, -37.7312 ], [ 145.0187, -37.7311 ], [ 145.0117, -37.7305 ], [ 145.0116, -37.7296 ], [ 145.0103, -37.7294 ], [ 145.0102, -37.7302 ], [ 145.006, -37.7298 ], [ 145.0059, -37.7302 ], [ 145.0047, -37.73 ], [ 145.0047, -37.7304 ], [ 145.0044, -37.7304 ], [ 145.0028, -37.73 ], [ 145.0026, -37.7305 ], [ 145.0019, -37.7305 ], [ 145.0019, -37.73 ], [ 145.0012, -37.7299 ], [ 144.9999, -37.7303 ], [ 145.0001, -37.7296 ], [ 144.9984, -37.7297 ], [ 144.9946, -37.7293 ], [ 144.9942, -37.729 ], [ 144.9939, -37.7292 ], [ 144.991, -37.7289 ], [ 144.9911, -37.7284 ], [ 144.9883, -37.7281 ], [ 144.9877, -37.7281 ], [ 144.9871, -37.7285 ], [ 144.9872, -37.7278 ], [ 144.9849, -37.7276 ], [ 144.9846, -37.7269 ], [ 144.985, -37.7268 ], [ 144.9855, -37.7246 ], [ 144.9858, -37.7214 ], [ 144.9824, -37.7211 ], [ 144.9818, -37.7211 ], [ 144.9814, -37.7217 ], [ 144.9786, -37.7214 ], [ 144.9782, -37.7204 ], [ 144.9791, -37.7201 ], [ 144.9794, -37.7197 ], [ 144.9787, -37.7193 ], [ 144.9788, -37.7183 ], [ 144.9781, -37.7166 ], [ 144.9797, -37.7167 ], [ 144.9805, -37.7162 ], [ 144.9809, -37.7147 ], [ 144.9806, -37.7143 ], [ 144.9774, -37.714 ], [ 144.977, -37.7137 ], [ 144.9774, -37.7132 ], [ 144.979, -37.7126 ], [ 144.9789, -37.7114 ], [ 144.978, -37.7111 ], [ 144.9771, -37.7101 ], [ 144.979, -37.7078 ], [ 144.9808, -37.7075 ], [ 144.9807, -37.7069 ], [ 144.9799, -37.7061 ], [ 144.9787, -37.7054 ], [ 144.9786, -37.7046 ], [ 144.9805, -37.7038 ], [ 144.9819, -37.7039 ], [ 144.9825, -37.7033 ], [ 144.9825, -37.7027 ], [ 144.981, -37.7011 ], [ 144.9798, -37.701 ], [ 144.9794, -37.7003 ], [ 144.9799, -37.6991 ], [ 144.9806, -37.6985 ], [ 144.9806, -37.6976 ], [ 144.9787, -37.6971 ], [ 144.9784, -37.696 ], [ 144.979, -37.6949 ], [ 144.9788, -37.6943 ], [ 144.9773, -37.6939 ], [ 144.9766, -37.6943 ], [ 144.9764, -37.695 ], [ 144.976, -37.695 ], [ 144.9753, -37.6941 ], [ 144.9743, -37.6939 ], [ 144.9737, -37.6929 ], [ 144.973, -37.6925 ], [ 144.9725, -37.6924 ], [ 144.972, -37.6928 ], [ 144.9704, -37.6927 ], [ 144.9703, -37.6921 ] ] ] } },
{ "type": "Feature", "properties": { "loc_pid": "loce48c38ae2d6a", "suburb": "Richmond", "join_key": "RICHMOND" }, "geometry": { "type": "Polygon", "coordinates": [ [ [ 144.9888, -37.8246 ], [ 144.9914, -37.8096 ], [ 145.0154, -37.8121 ], [ 145.0144, -37.815 ], [ 145.0144, -37.8166 ], [ 145.0157, -37.8213 ], [ 145.0161, -37.8245 ], [ 145.0169, -37.8254 ], [ 145.0135, -37.8251 ], [ 145.013, -37.8277 ], [ 145.0126, -37.8278 ], [ 145.0107, -37.8279 ], [ 145.0069, -37.8275 ], [ 145.0062, -37.8315 ], [ 145.0044, -37.8312 ], [ 145.0038, -37.8316 ], [ 145.0043, -37.8335 ], [ 145.0042, -37.8342 ], [ 145.0038, -37.8345 ], [ 145.0032, -37.8345 ], [ 145.001, -37.8335 ], [ 144.9966, -37.8343 ], [ 144.9979, -37.8257 ], [ 144.9888, -37.8246 ] ] ] } },
{ "type": "Feature", "properties": { "loc_pid": "loc72d1f0339be6", "suburb": "Ringwood", "join_key": "RINGWOOD" }, "geometry": { "type": "Polygon", "coordinates": [ [ [ 145.2133, -37.8324 ], [ 145.2134, -37.8122 ], [ 145.2137, -37.8107 ], [ 145.2163, -37.8103 ], [ 145.2207, -37.8076 ], [ 145.2301, -37.8047 ], [ 145.2382, -37.7966 ], [ 145.2417, -37.7946 ], [ 145.2475, -37.7901 ], [ 145.2492, -37.7805 ], [ 145.2644, -37.7824 ], [ 145.264, -37.7847 ], [ 145.2616, -37.785 ], [ 145.2593, -37.7865 ], [ 145.2577, -37.7885 ], [ 145.2574, -37.7908 ], [ 145.2562, -37.7915 ], [ 145.2561, -37.7923 ], [ 145.2554, -37.7928 ], [ 145.2548, -37.7944 ], [ 145.2542, -37.7949 ], [ 145.2552, -37.7961 ], [ 145.2564, -37.7953 ], [ 145.2569, -37.7958 ], [ 145.2549, -37.7973 ], [ 145.2546, -37.7986 ], [ 145.2535, -37.7994 ], [ 145.2533, -37.7991 ], [ 145.2513, -37.8007 ], [ 145.2509, -37.8006 ], [ 145.2506, -37.8009 ], [ 145.2508, -37.8011 ], [ 145.25, -37.8018 ], [ 145.2485, -37.8023 ], [ 145.2489, -37.8027 ], [ 145.2481, -37.8033 ], [ 145.2475, -37.8033 ], [ 145.2475, -37.804 ], [ 145.2463, -37.8046 ], [ 145.2466, -37.8051 ], [ 145.2455, -37.8051 ], [ 145.2448, -37.8057 ], [ 145.245, -37.8059 ], [ 145.2447, -37.8059 ], [ 145.2449, -37.806 ], [ 145.2442, -37.8072 ], [ 145.2436, -37.8071 ], [ 145.2428, -37.808 ], [ 145.2423, -37.8079 ], [ 145.2413, -37.8087 ], [ 145.2417, -37.809 ], [ 145.2407, -37.8098 ], [ 145.2404, -37.8095 ], [ 145.2395, -37.8103 ], [ 145.2391, -37.8103 ], [ 145.2381, -37.8125 ], [ 145.2412, -37.8143 ], [ 145.241, -37.8213 ], [ 145.2413, -37.8229 ], [ 145.2374, -37.8229 ], [ 145.2373, -37.8264 ], [ 145.2368, -37.8264 ], [ 145.2368, -37.8267 ], [ 145.2345, -37.8266 ], [ 145.233, -37.827 ], [ 145.2323, -37.8268 ], [ 145.2323, -37.8264 ], [ 145.2307, -37.8264 ], [ 145.2307, -37.8268 ], [ 145.2277, -37.827 ], [ 145.228, -37.8284 ], [ 145.2278, -37.8295 ], [ 145.2294, -37.8295 ], [ 145.2294, -37.8305 ], [ 145.2278, -37.8304 ], [ 145.2276, -37.8307 ], [ 145.2281, -37.832 ], [ 145.2279, -37.8324 ], [ 145.2274, -37.8324 ], [ 145.2273, -37.8329 ], [ 145.2289, -37.8329 ], [ 145.2289, -37.8391 ], [ 145.229, -37.8391 ], [ 145.229, -37.8397 ], [ 145.2285, -37.8392 ], [ 145.2266, -37.8393 ], [ 145.2231, -37.8379 ], [ 145.2166, -37.8382 ], [ 145.2166, -37.8354 ], [ 145.2153, -37.8357 ], [ 145.2152, -37.8354 ], [ 145.2152, -37.8347 ], [ 145.216, -37.8345 ], [ 145.2157, -37.8324 ], [ 145.2133, -37.8324 ] ] ] } },
{ "type": "Feature", "properties": { "loc_pid": "loc46f8f01fbac9", "suburb": "Ringwood East", "join_key": "RINGWOOD EAST" }, "geometry": { "type": "Polygon", "coordinates": [ [ [ 145.2381, -37.8125 ], [ 145.2391, -37.8103 ], [ 145.2395, -37.8103 ], [ 145.2404, -37.8095 ], [ 145.2407, -37.8098 ], [ 145.2417, -37.809 ], [ 145.2413, -37.8087 ], [ 145.2423, -37.8079 ], [ 145.2428, -37.808 ], [ 145.2436, -37.8071 ], [ 145.2442, -37.8072 ], [ 145.2449, -37.806 ], [ 145.2447, -37.8059 ], [ 145.245, -37.8059 ], [ 145.2448, -37.8057 ], [ 145.2455, -37.8051 ], [ 145.2466, -37.8051 ], [ 145.2463, -37.8046 ], [ 145.2475, -37.804 ], [ 145.2475, -37.8033 ], [ 145.2481, -37.8033 ], [ 145.2489, -37.8027 ], [ 145.2485, -37.8023 ], [ 145.25, -37.8018 ], [ 145.2508, -37.8011 ], [ 145.2506, -37.8009 ], [ 145.2509, -37.8006 ], [ 145.2513, -37.8007 ], [ 145.2533, -37.7991 ], [ 145.2535, -37.7994 ], [ 145.2546, -37.7986 ], [ 145.2549, -37.7973 ], [ 145.2559, -37.7966 ], [ 145.2606, -37.8008 ], [ 145.2601, -37.8015 ], [ 145.2619, -37.8025 ], [ 145.2626, -37.8035 ], [ 145.262, -37.8039 ], [ 145.264, -37.8078 ], [ 145.2594, -37.8091 ], [ 145.2596, -37.8093 ], [ 145.2589, -37.8095 ], [ 145.259, -37.8145 ], [ 145.2638, -37.8151 ], [ 145.2638, -37.8167 ], [ 145.2622, -37.8165 ], [ 145.2623, -37.817 ], [ 145.2669, -37.8176 ], [ 145.2649, -37.8208 ], [ 145.2643, -37.8224 ], [ 145.2647, -37.8255 ], [ 145.264, -37.828 ], [ 145.2614, -37.8278 ], [ 145.2517, -37.8251 ], [ 145.2485, -37.8214 ], [ 145.2462, -37.8208 ], [ 145.2411, -37.8176 ], [ 145.2412, -37.8143 ], [ 145.2381, -37.8125 ] ] ] } },
{ "type": "Feature", "properties": { "loc_pid": "locde7f91aff148", "suburb": "Ringwood North", "join_key": "RINGWOOD NORTH" }, "geometry": { "type": "Polygon", "coordinates": [ [ [ 145.2138, -37.8107 ], [ 145.2172, -37.7909 ], [ 145.2182, -37.791 ], [ 145.2203, -37.7926 ], [ 145.2221, -37.7923 ], [ 145.2228, -37.7889 ], [ 145.2263, -37.7893 ], [ 145.2262, -37.79 ], [ 145.2351, -37.791 ], [ 145.2351, -37.79 ], [ 145.236, -37.7901 ], [ 145.2364, -37.7878 ], [ 145.2356, -37.7871 ], [ 145.2334, -37.7862 ], [ 145.2327, -37.7851 ], [ 145.233, -37.7838 ], [ 145.2339, -37.7824 ], [ 145.2341, -37.781 ], [ 145.2333, -37.7802 ], [ 145.2326, -37.7771 ], [ 145.2317, -37.7751 ], [ 145.2317, -37.7739 ], [ 145.2319, -37.7735 ], [ 145.2342, -37.7741 ], [ 145.2349, -37.7746 ], [ 145.2355, -37.7742 ], [ 145.236, -37.7744 ], [ 145.2374, -37.7742 ], [ 145.238, -37.7736 ], [ 145.2382, -37.7741 ], [ 145.2374, -37.7746 ], [ 145.2387, -37.7755 ], [ 145.2378, -37.7792 ], [ 145.2492, -37.7806 ], [ 145.2475, -37.7901 ], [ 145.2417, -37.7946 ], [ 145.2382, -37.7966 ], [ 145.2301, -37.8047 ], [ 145.2207, -37.8076 ], [ 145.2163, -37.8103 ], [ 145.2138, -37.8107 ] ] ] } },
{ "type": "Feature", "properties": { "loc_pid": "loc6c390adc806d", "suburb": "Ripponlea", "join_key": "RIPPONLEA" }, "geometry": { "type": "Polygon", "coordinates": [ [ [ 144.9912, -37.8745 ], [ 144.9922, -37.8743 ], [ 144.9941, -37.8745 ], [ 144.9942, -37.8743 ], [ 144.9951, -37.8756 ], [ 144.9955, -37.8757 ], [ 144.9956, -37.8753 ], [ 144.9971, -37.8754 ], [ 144.9977, -37.8755 ], [ 144.9976, -37.8759 ], [ 144.9982, -37.876 ], [ 144.9968, -37.8834 ], [ 144.9912, -37.8745 ] ] ] } },
{ "type": "Feature", "properties": { "loc_pid": "loccb6b422ce2ea", "suburb": "Rockbank", "join_key": "ROCKBANK" }, "geometry": { "type": "Polygon", "coordinates": [ [ [ 144.6319, -37.7455 ], [ 144.6332, -37.739 ], [ 144.6371, -37.7139 ], [ 144.646, -37.7203 ], [ 144.671, -37.7348 ], [ 144.669, -37.7448 ], [ 144.6631, -37.7443 ], [ 144.6319, -37.7455 ] ] ] } },
{ "type": "Feature", "properties": { "loc_pid": "loc89825e26f3b9", "suburb": "Rosanna", "join_key": "ROSANNA" }, "geometry": { "type": "Polygon", "coordinates": [ [ [ 145.0578, -37.7473 ], [ 145.0608, -37.7297 ], [ 145.0646, -37.7301 ], [ 145.0653, -37.7297 ], [ 145.0679, -37.7301 ], [ 145.0677, -37.7305 ], [ 145.0681, -37.7306 ], [ 145.0696, -37.7305 ], [ 145.0698, -37.7308 ], [ 145.0723, -37.731 ], [ 145.0719, -37.7333 ], [ 145.0729, -37.7331 ], [ 145.0735, -37.7325 ], [ 145.074, -37.7328 ], [ 145.0741, -37.7325 ], [ 145.0748, -37.7325 ], [ 145.0788, -37.7332 ], [ 145.0784, -37.7352 ], [ 145.0798, -37.7344 ], [ 145.0804, -37.735 ], [ 145.0799, -37.7353 ], [ 145.0806, -37.7366 ], [ 145.0803, -37.7379 ], [ 145.0807, -37.7402 ], [ 145.0809, -37.7401 ], [ 145.0825, -37.7417 ], [ 145.0833, -37.7429 ], [ 145.0836, -37.7427 ], [ 145.0838, -37.7433 ], [ 145.0821, -37.7432 ], [ 145.0806, -37.7424 ], [ 145.0793, -37.75 ], [ 145.0787, -37.7499 ], [ 145.079, -37.7483 ], [ 145.0736, -37.7477 ], [ 145.0735, -37.7482 ], [ 145.0588, -37.7464 ], [ 145.0578, -37.7473 ] ] ] } },
{ "type": "Feature", "properties": { "loc_pid": "locc81a6ec90a1b", "suburb": "Rosebud", "join_key": "ROSEBUD" }, "geometry": { "type": "Polygon", "coordinates": [ [ [ 144.8748, -38.3819 ], [ 144.8773, -38.3808 ], [ 144.8845, -38.3785 ], [ 144.8886, -38.3776 ], [ 144.8891, -38.3694 ], [ 144.8845, -38.3693 ], [ 144.8846, -38.3674 ], [ 144.8852, -38.3675 ], [ 144.8855, -38.3593 ], [ 144.9009, -38.3552 ], [ 144.9022, -38.3545 ], [ 144.9029, -38.3546 ], [ 144.9055, -38.354 ], [ 144.9069, -38.3532 ], [ 144.9083, -38.3531 ], [ 144.9072, -38.3495 ], [ 144.9075, -38.3494 ], [ 144.9086, -38.3529 ], [ 144.9101, -38.3527 ], [ 144.9099, -38.3524 ], [ 144.9107, -38.3526 ], [ 144.913, -38.3521 ], [ 144.9131, -38.3517 ], [ 144.9137, -38.3519 ], [ 144.9172, -38.3511 ], [ 144.9186, -38.3504 ], [ 144.9196, -38.3504 ], [ 144.9209, -38.3499 ], [ 144.9228, -38.3533 ], [ 144.9221, -38.3551 ], [ 144.9215, -38.3554 ], [ 144.9221, -38.3568 ], [ 144.9208, -38.3584 ], [ 144.9208, -38.3604 ], [ 144.9158, -38.3657 ], [ 144.9283, -38.3658 ], [ 144.9283, -38.3651 ], [ 144.9431, -38.3652 ], [ 144.9423, -38.3798 ], [ 144.9462, -38.3798 ], [ 144.9454, -38.3922 ], [ 144.9315, -38.3918 ], [ 144.9312, -38.3924 ], [ 144.9283, -38.3928 ], [ 144.927, -38.3921 ], [ 144.9259, -38.3908 ], [ 144.9232, -38.3908 ], [ 144.9219, -38.3904 ], [ 144.918, -38.3881 ], [ 144.9163, -38.3875 ], [ 144.9157, -38.3869 ], [ 144.9138, -38.3865 ], [ 144.9133, -38.3861 ], [ 144.9125, -38.3863 ], [ 144.9105, -38.3852 ], [ 144.9101, -38.3845 ], [ 144.9075, -38.3841 ], [ 144.9064, -38.3833 ], [ 144.9048, -38.3847 ], [ 144.9028, -38.3891 ], [ 144.8962, -38.3871 ], [ 144.8926, -38.3867 ], [ 144.8792, -38.3862 ], [ 144.8794, -38.3821 ], [ 144.8748, -38.3819 ] ] ] } },
{ "type": "Feature", "properties": { "loc_pid": "locfd8472c41cbe", "suburb": "Rowville", "join_key": "ROWVILLE" }, "geometry": { "type": "Polygon", "coordinates": [ [ [ 145.2047, -37.9252 ], [ 145.2055, -37.925 ], [ 145.2054, -37.9241 ], [ 145.2059, -37.9239 ], [ 145.2055, -37.9237 ], [ 145.2061, -37.9226 ], [ 145.2071, -37.9219 ], [ 145.2077, -37.9218 ], [ 145.2087, -37.9224 ], [ 145.2102, -37.9217 ], [ 145.2108, -37.9206 ], [ 145.2106, -37.9204 ], [ 145.2113, -37.92 ], [ 145.2119, -37.9189 ], [ 145.2121, -37.9179 ], [ 145.2152, -37.9175 ], [ 145.2161, -37.9179 ], [ 145.2164, -37.9185 ], [ 145.2196, -37.9181 ], [ 145.2199, -37.9176 ], [ 145.2209, -37.9177 ], [ 145.2215, -37.9166 ], [ 145.2225, -37.9165 ], [ 145.2226, -37.9151 ], [ 145.2231, -37.9145 ], [ 145.2228, -37.9141 ], [ 145.2238, -37.9134 ], [ 145.2244, -37.9141 ], [ 145.2256, -37.9135 ], [ 145.225, -37.9132 ], [ 145.2277, -37.9117 ], [ 145.2275, -37.9113 ], [ 145.2279, -37.9114 ], [ 145.2283, -37.9111 ], [ 145.2278, -37.9108 ], [ 145.2288, -37.9095 ], [ 145.2302, -37.9096 ], [ 145.2305, -37.9089 ], [ 145.2314, -37.9083 ], [ 145.232, -37.9084 ], [ 145.2324, -37.9079 ], [ 145.2346, -37.9068 ], [ 145.2355, -37.9059 ], [ 145.2371, -37.9052 ], [ 145.2412, -37.9047 ], [ 145.2442, -37.9047 ], [ 145.2457, -37.9043 ], [ 145.2493, -37.9051 ], [ 145.2604, -37.9038 ], [ 145.261, -37.9027 ], [ 145.2746, -37.8997 ], [ 145.281, -37.9005 ], [ 145.2797, -37.9037 ], [ 145.2815, -37.9053 ], [ 145.2741, -37.9115 ], [ 145.2724, -37.9133 ], [ 145.2715, -37.9158 ], [ 145.2701, -37.9234 ], [ 145.2682, -37.9257 ], [ 145.2663, -37.9269 ], [ 145.2653, -37.9281 ], [ 145.2652, -37.9288 ], [ 145.269, -37.9293 ], [ 145.2657, -37.9459 ], [ 145.2339, -37.942 ], [ 145.23, -37.9504 ], [ 145.2295, -37.953 ], [ 145.229, -37.9523 ], [ 145.2283, -37.9521 ], [ 145.2281, -37.9515 ], [ 145.2276, -37.9514 ], [ 145.2277, -37.951 ], [ 145.227, -37.9508 ], [ 145.2268, -37.9499 ], [ 145.2258, -37.9494 ], [ 145.2258, -37.9479 ], [ 145.225, -37.9474 ], [ 145.2241, -37.9462 ], [ 145.2232, -37.946 ], [ 145.2225, -37.9449 ], [ 145.2224, -37.9436 ], [ 145.2207, -37.9431 ], [ 145.2206, -37.9419 ], [ 145.2194, -37.9416 ], [ 145.22, -37.9409 ], [ 145.2191, -37.9407 ], [ 145.2196, -37.9404 ], [ 145.2192, -37.9398 ], [ 145.22, -37.9397 ], [ 145.22, -37.9386 ], [ 145.2197, -37.939 ], [ 145.2193, -37.9388 ], [ 145.2192, -37.9381 ], [ 145.2182, -37.9376 ], [ 145.218, -37.937 ], [ 145.2176, -37.9372 ], [ 145.2173, -37.937 ], [ 145.2169, -37.9374 ], [ 145.2165, -37.937 ], [ 145.2157, -37.9372 ], [ 145.2151, -37.9369 ], [ 145.2148, -37.9362 ], [ 145.2143, -37.9363 ], [ 145.2141, -37.9356 ], [ 145.2138, -37.9362 ], [ 145.2135, -37.9362 ], [ 145.2133, -37.9357 ], [ 145.2129, -37.9359 ], [ 145.2124, -37.9356 ], [ 145.2121, -37.935 ], [ 145.2114, -37.9357 ], [ 145.211, -37.9356 ], [ 145.2112, -37.9352 ], [ 145.2104, -37.9347 ], [ 145.2113, -37.9344 ], [ 145.2097, -37.9341 ], [ 145.2099, -37.9339 ], [ 145.211, -37.934 ], [ 145.211, -37.9336 ], [ 145.2097, -37.9335 ], [ 145.2094, -37.9333 ], [ 145.2096, -37.9328 ], [ 145.2087, -37.9329 ], [ 145.2087, -37.9325 ], [ 145.2076, -37.9323 ], [ 145.2073, -37.9318 ], [ 145.2079, -37.9317 ], [ 145.2075, -37.9313 ], [ 145.2067, -37.9315 ], [ 145.2066, -37.931 ], [ 145.207, -37.9306 ], [ 145.2063, -37.9302 ], [ 145.2063, -37.9299 ], [ 145.207, -37.9296 ], [ 145.207, -37.9289 ], [ 145.2062, -37.9288 ], [ 145.2062, -37.9286 ], [ 145.2068, -37.9284 ], [ 145.2068, -37.928 ], [ 145.2056, -37.9279 ], [ 145.2056, -37.9266 ], [ 145.2047, -37.9252 ] ] ] } },
{ "type": "Feature", "properties": { "loc_pid": "loc3754c5fc3408", "suburb": "Roxburgh Park", "join_key": "ROXBURGH PARK" }, "geometry": { "type": "Polygon", "coordinates": [ [ [ 144.9104, -37.6382 ], [ 144.9117, -37.6313 ], [ 144.9146, -37.6265 ], [ 144.9154, -37.6243 ], [ 144.9153, -37.6223 ], [ 144.9138, -37.617 ], [ 144.9134, -37.6166 ], [ 144.9131, -37.6123 ], [ 144.9125, -37.6101 ], [ 144.9275, -37.6119 ], [ 144.9274, -37.6123 ], [ 144.9405, -37.6137 ], [ 144.9349, -37.6414 ], [ 144.9158, -37.6391 ], [ 144.9104, -37.6382 ] ] ] } },
{ "type": "Feature", "properties": { "loc_pid": "loc9f3cac243db7", "suburb": "Rye", "join_key": "RYE" }, "geometry": { "type": "Polygon", "coordinates": [ [ [ 144.7836, -38.3878 ], [ 144.7887, -38.3627 ], [ 144.8024, -38.3656 ], [ 144.8075, -38.3664 ], [ 144.8108, -38.3666 ], [ 144.8118, -38.3675 ], [ 144.8167, -38.3687 ], [ 144.8213, -38.3686 ], [ 144.8223, -38.3688 ], [ 144.823, -38.3655 ], [ 144.8235, -38.3657 ], [ 144.8231, -38.3657 ], [ 144.8225, -38.3688 ], [ 144.8244, -38.369 ], [ 144.8246, -38.3688 ], [ 144.8251, -38.3695 ], [ 144.8263, -38.3699 ], [ 144.8333, -38.3701 ], [ 144.8399, -38.3697 ], [ 144.8401, -38.3719 ], [ 144.8419, -38.3774 ], [ 144.8415, -38.3797 ], [ 144.8395, -38.3819 ], [ 144.8403, -38.3827 ], [ 144.8407, -38.3846 ], [ 144.84, -38.3866 ], [ 144.84, -38.3872 ], [ 144.8404, -38.3875 ], [ 144.8403, -38.3888 ], [ 144.8308, -38.3887 ], [ 144.8299, -38.3916 ], [ 144.8307, -38.3951 ], [ 144.83, -38.4113 ], [ 144.825, -38.4099 ], [ 144.825, -38.4107 ], [ 144.823, -38.4103 ], [ 144.8189, -38.4088 ], [ 144.8174, -38.4087 ], [ 144.8171, -38.409 ], [ 144.8148, -38.4081 ], [ 144.8123, -38.4047 ], [ 144.8125, -38.4101 ], [ 144.8119, -38.4099 ], [ 144.8108, -38.4089 ], [ 144.8087, -38.4078 ], [ 144.8076, -38.4063 ], [ 144.8038, -38.4038 ], [ 144.8008, -38.401 ], [ 144.8002, -38.4006 ], [ 144.7987, -38.4007 ], [ 144.7988, -38.3996 ], [ 144.7973, -38.3985 ], [ 144.7964, -38.3982 ], [ 144.7936, -38.3952 ], [ 144.7923, -38.3945 ], [ 144.7912, -38.3932 ], [ 144.7893, -38.3928 ], [ 144.7887, -38.3918 ], [ 144.7882, -38.3918 ], [ 144.7879, -38.3908 ], [ 144.7875, -38.3907 ], [ 144.7878, -38.3904 ], [ 144.7883, -38.3905 ], [ 144.7885, -38.3901 ], [ 144.7874, -38.3903 ], [ 144.7875, -38.3898 ], [ 144.7866, -38.3897 ], [ 144.7866, -38.3901 ], [ 144.7861, -38.3896 ], [ 144.7851, -38.3897 ], [ 144.7844, -38.3893 ], [ 144.7847, -38.389 ], [ 144.7839, -38.3884 ], [ 144.7839, -38.3878 ], [ 144.7836, -38.3878 ] ] ] } },
{ "type": "Feature", "properties": { "loc_pid": "loc91cd8110d36c", "suburb": "Safety Beach", "join_key": "SAFETY BEACH" }, "geometry": { "type": "Polygon", "coordinates": [ [ [ 144.972, -38.328 ], [ 144.9764, -38.3258 ], [ 144.9816, -38.3226 ], [ 144.9881, -38.3171 ], [ 144.9914, -38.313 ], [ 144.9933, -38.3094 ], [ 144.9941, -38.3063 ], [ 144.9936, -38.3048 ], [ 145.0027, -38.3045 ], [ 145.0071, -38.3032 ], [ 145.009, -38.3021 ], [ 145.0269, -38.3042 ], [ 145.0219, -38.3072 ], [ 145.0115, -38.3176 ], [ 145.006, -38.3215 ], [ 145.004, -38.3227 ], [ 144.9924, -38.3279 ], [ 144.9892, -38.3299 ], [ 144.972, -38.328 ] ] ] } },
{ "type": "Feature", "properties": { "loc_pid": "locbb2eb3c34acf", "suburb": "Sandhurst", "join_key": "SANDHURST" }, "geometry": { "type": "Polygon", "coordinates": [ [ [ 145.1926, -38.0871 ], [ 145.1938, -38.0808 ], [ 145.2013, -38.0817 ], [ 145.2031, -38.0732 ], [ 145.2215, -38.0755 ], [ 145.2184, -38.0902 ], [ 145.1926, -38.0871 ] ] ] } },
{ "type": "Feature", "properties": { "loc_pid": "loc6f887e0e8e31", "suburb": "Sandringham", "join_key": "SANDRINGHAM" }, "geometry": { "type": "Polygon", "coordinates": [ [ [ 144.9931, -37.9442 ], [ 144.993, -37.9418 ], [ 144.9934, -37.9442 ], [ 144.9956, -37.945 ], [ 144.9962, -37.945 ], [ 144.9975, -37.9443 ], [ 145.0021, -37.9449 ], [ 145.0031, -37.9448 ], [ 145.0031, -37.9451 ], [ 145.0052, -37.9453 ], [ 145.0054, -37.9449 ], [ 145.0068, -37.945 ], [ 145.0071, -37.9455 ], [ 145.0081, -37.9454 ], [ 145.0081, -37.9456 ], [ 145.0097, -37.9458 ], [ 145.0114, -37.9453 ], [ 145.0116, -37.9456 ], [ 145.0127, -37.9456 ], [ 145.0127, -37.946 ], [ 145.0133, -37.9457 ], [ 145.0151, -37.946 ], [ 145.015, -37.9464 ], [ 145.0161, -37.9465 ], [ 145.0161, -37.9461 ], [ 145.0173, -37.9462 ], [ 145.0171, -37.947 ], [ 145.0174, -37.9463 ], [ 145.0182, -37.9463 ], [ 145.0232, -37.947 ], [ 145.0229, -37.9484 ], [ 145.0223, -37.9485 ], [ 145.022, -37.9502 ], [ 145.0214, -37.9501 ], [ 145.021, -37.952 ], [ 145.0216, -37.9521 ], [ 145.0214, -37.9534 ], [ 145.0305, -37.9544 ], [ 145.0305, -37.9558 ], [ 145.031, -37.9559 ], [ 145.0306, -37.9578 ], [ 145.0318, -37.958 ], [ 145.0312, -37.9609 ], [ 145.0296, -37.9607 ], [ 145.0295, -37.9613 ], [ 145.03, -37.9613 ], [ 145.0298, -37.9623 ], [ 145.0291, -37.9622 ], [ 145.029, -37.9628 ], [ 145.0282, -37.9627 ], [ 145.0281, -37.9632 ], [ 145.0266, -37.963 ], [ 145.0267, -37.9624 ], [ 145.0256, -37.9625 ], [ 145.0246, -37.9622 ], [ 145.0245, -37.9628 ], [ 145.022, -37.9625 ], [ 145.022, -37.9618 ], [ 145.0201, -37.9619 ], [ 145.0202, -37.9614 ], [ 145.0196, -37.962 ], [ 145.0186, -37.9619 ], [ 145.0185, -37.9622 ], [ 145.0178, -37.9621 ], [ 145.0176, -37.9624 ], [ 145.01, -37.9613 ], [ 145.0059, -37.9558 ], [ 145.0014, -37.9509 ], [ 144.9973, -37.9472 ], [ 144.9961, -37.9471 ], [ 144.9957, -37.9468 ], [ 144.995, -37.9451 ], [ 144.9931, -37.9442 ] ] ] } },
{ "type": "Feature", "properties": { "loc_pid": "locb65b06909766", "suburb": "Sassafras", "join_key": "SASSAFRAS" }, "geometry": { "type": "Polygon", "coordinates": [ [ [ 145.3266, -37.8666 ], [ 145.3339, -37.8578 ], [ 145.333, -37.8575 ], [ 145.3348, -37.8567 ], [ 145.3396, -37.8512 ], [ 145.3438, -37.8518 ], [ 145.3448, -37.8516 ], [ 145.3458, -37.852 ], [ 145.3473, -37.8535 ], [ 145.3491, -37.8535 ], [ 145.3527, -37.8564 ], [ 145.3541, -37.857 ], [ 145.355, -37.8567 ], [ 145.3564, -37.8576 ], [ 145.3587, -37.8571 ], [ 145.3595, -37.8597 ], [ 145.3601, -37.8595 ], [ 145.3603, -37.8602 ], [ 145.3607, -37.8601 ], [ 145.3614, -37.8624 ], [ 145.3618, -37.8621 ], [ 145.3626, -37.8628 ], [ 145.3624, -37.8689 ], [ 145.3636, -37.8691 ], [ 145.3636, -37.8709 ], [ 145.3616, -37.8709 ], [ 145.3615, -37.873 ], [ 145.362, -37.8737 ], [ 145.3616, -37.8734 ], [ 145.3611, -37.8737 ], [ 145.3571, -37.8722 ], [ 145.3565, -37.873 ], [ 145.3561, -37.8728 ], [ 145.3553, -37.8732 ], [ 145.3551, -37.8729 ], [ 145.3546, -37.873 ], [ 145.3542, -37.8727 ], [ 145.3536, -37.8738 ], [ 145.3475, -37.8773 ], [ 145.3471, -37.8761 ], [ 145.345, -37.8759 ], [ 145.3434, -37.8753 ], [ 145.3452, -37.875 ], [ 145.3457, -37.8741 ], [ 145.3424, -37.8706 ], [ 145.3434, -37.8702 ], [ 145.344, -37.8694 ], [ 145.3436, -37.867 ], [ 145.3438, -37.8661 ], [ 145.3433, -37.8658 ], [ 145.3431, -37.8641 ], [ 145.3423, -37.8623 ], [ 145.3413, -37.862 ], [ 145.3402, -37.8621 ], [ 145.3389, -37.8606 ], [ 145.3384, -37.8611 ], [ 145.3378, -37.8644 ], [ 145.3357, -37.8648 ], [ 145.3333, -37.8637 ], [ 145.3318, -37.8643 ], [ 145.3316, -37.8646 ], [ 145.3322, -37.8665 ], [ 145.332, -37.8681 ], [ 145.3324, -37.8687 ], [ 145.3342, -37.8693 ], [ 145.3344, -37.8705 ], [ 145.3334, -37.8706 ], [ 145.3322, -37.8699 ], [ 145.3315, -37.8705 ], [ 145.3312, -37.8702 ], [ 145.3306, -37.8702 ], [ 145.3293, -37.8669 ], [ 145.3277, -37.8665 ], [ 145.3266, -37.8666 ] ] ] } },
{ "type": "Feature", "properties": { "loc_pid": "loc982a183f8eaa", "suburb": "Scoresby", "join_key": "SCORESBY" }, "geometry": { "type": "Polygon", "coordinates": [ [ [ 145.1962, -37.8887 ], [ 145.1961, -37.8882 ], [ 145.2145, -37.8883 ], [ 145.2145, -37.889 ], [ 145.2157, -37.889 ], [ 145.2157, -37.8887 ], [ 145.2162, -37.8886 ], [ 145.2221, -37.8888 ], [ 145.2221, -37.8886 ], [ 145.2286, -37.8886 ], [ 145.2286, -37.889 ], [ 145.2299, -37.889 ], [ 145.2299, -37.8886 ], [ 145.2322, -37.8888 ], [ 145.2322, -37.8885 ], [ 145.233, -37.8888 ], [ 145.2329, -37.8877 ], [ 145.2399, -37.8878 ], [ 145.2399, -37.8981 ], [ 145.2327, -37.8992 ], [ 145.2372, -37.9047 ], [ 145.2372, -37.9052 ], [ 145.2355, -37.9059 ], [ 145.2346, -37.9068 ], [ 145.2324, -37.9079 ], [ 145.232, -37.9084 ], [ 145.2314, -37.9083 ], [ 145.2305, -37.9089 ], [ 145.2302, -37.9096 ], [ 145.2288, -37.9095 ], [ 145.2278, -37.9108 ], [ 145.2283, -37.9111 ], [ 145.2279, -37.9114 ], [ 145.2275, -37.9113 ], [ 145.2277, -37.9117 ], [ 145.225, -37.9132 ], [ 145.2256, -37.9135 ], [ 145.2244, -37.9141 ], [ 145.2238, -37.9134 ], [ 145.2228, -37.9141 ], [ 145.2231, -37.9145 ], [ 145.2226, -37.9151 ], [ 145.2225, -37.9165 ], [ 145.2215, -37.9166 ], [ 145.2209, -37.9177 ], [ 145.2199, -37.9176 ], [ 145.2196, -37.9181 ], [ 145.2164, -37.9185 ], [ 145.2161, -37.9179 ], [ 145.2152, -37.9175 ], [ 145.2131, -37.9179 ], [ 145.2123, -37.9178 ], [ 145.2113, -37.92 ], [ 145.2106, -37.9204 ], [ 145.2108, -37.9206 ], [ 145.2102, -37.9217 ], [ 145.2087, -37.9224 ], [ 145.2073, -37.9218 ], [ 145.2057, -37.923 ], [ 145.2053, -37.9224 ], [ 145.2045, -37.9221 ], [ 145.2048, -37.9218 ], [ 145.2041, -37.9214 ], [ 145.204, -37.9205 ], [ 145.2034, -37.9203 ], [ 145.2034, -37.9195 ], [ 145.2028, -37.9193 ], [ 145.2034, -37.9189 ], [ 145.2029, -37.9185 ], [ 145.2034, -37.9181 ], [ 145.2028, -37.9181 ], [ 145.2027, -37.9178 ], [ 145.2034, -37.9174 ], [ 145.2036, -37.9163 ], [ 145.2041, -37.9162 ], [ 145.2036, -37.916 ], [ 145.2039, -37.9155 ], [ 145.2035, -37.9155 ], [ 145.2034, -37.9151 ], [ 145.2036, -37.9148 ], [ 145.2043, -37.9148 ], [ 145.2039, -37.9141 ], [ 145.2051, -37.914 ], [ 145.2052, -37.9135 ], [ 145.2045, -37.9138 ], [ 145.2045, -37.913 ], [ 145.2051, -37.9131 ], [ 145.2053, -37.9128 ], [ 145.2048, -37.9124 ], [ 145.2056, -37.9123 ], [ 145.2048, -37.9107 ], [ 145.2059, -37.9106 ], [ 145.205, -37.9077 ], [ 145.2052, -37.9068 ], [ 145.2048, -37.9068 ], [ 145.2046, -37.9061 ], [ 145.2052, -37.906 ], [ 145.2052, -37.9053 ], [ 145.2048, -37.9048 ], [ 145.204, -37.9049 ], [ 145.2044, -37.9046 ], [ 145.2041, -37.9041 ], [ 145.2044, -37.9036 ], [ 145.2037, -37.9039 ], [ 145.2034, -37.9033 ], [ 145.2039, -37.9032 ], [ 145.2037, -37.9027 ], [ 145.2041, -37.9023 ], [ 145.2046, -37.9028 ], [ 145.2051, -37.902 ], [ 145.2054, -37.9024 ], [ 145.2062, -37.9024 ], [ 145.2068, -37.9015 ], [ 145.2074, -37.9016 ], [ 145.2076, -37.901 ], [ 145.2069, -37.9008 ], [ 145.2069, -37.9006 ], [ 145.2075, -37.9006 ], [ 145.2072, -37.8997 ], [ 145.2074, -37.8996 ], [ 145.2076, -37.9 ], [ 145.2084, -37.8991 ], [ 145.2081, -37.8985 ], [ 145.2073, -37.8987 ], [ 145.2074, -37.8978 ], [ 145.2069, -37.8966 ], [ 145.2065, -37.8969 ], [ 145.206, -37.8966 ], [ 145.2055, -37.8967 ], [ 145.2052, -37.896 ], [ 145.2046, -37.8956 ], [ 145.2041, -37.8957 ], [ 145.2039, -37.8961 ], [ 145.2037, -37.8959 ], [ 145.2027, -37.896 ], [ 145.2017, -37.8955 ], [ 145.2019, -37.8952 ], [ 145.2007, -37.8944 ], [ 145.2011, -37.8942 ], [ 145.2004, -37.8937 ], [ 145.2007, -37.8931 ], [ 145.2001, -37.8929 ], [ 145.2, -37.8923 ], [ 145.1992, -37.8922 ], [ 145.1992, -37.892 ], [ 145.1999, -37.8921 ], [ 145.2003, -37.8914 ], [ 145.1993, -37.8905 ], [ 145.1989, -37.8905 ], [ 145.199, -37.8899 ], [ 145.1984, -37.8892 ], [ 145.1974, -37.889 ], [ 145.1971, -37.8893 ], [ 145.1968, -37.8887 ], [ 145.1972, -37.8884 ], [ 145.1962, -37.8887 ] ] ] } },
{ "type": "Feature", "properties": { "loc_pid": "locfbb2aa2cb994", "suburb": "Seabrook", "join_key": "SEABROOK" }, "geometry": { "type": "Polygon", "coordinates": [ [ [ 144.7514, -37.8824 ], [ 144.7524, -37.8765 ], [ 144.7536, -37.8765 ], [ 144.7536, -37.876 ], [ 144.7541, -37.876 ], [ 144.7552, -37.8748 ], [ 144.7563, -37.8742 ], [ 144.7582, -37.874 ], [ 144.7603, -37.8745 ], [ 144.7624, -37.8731 ], [ 144.7631, -37.873 ], [ 144.765, -37.8754 ], [ 144.7656, -37.8772 ], [ 144.7647, -37.8803 ], [ 144.7648, -37.8817 ], [ 144.7667, -37.8839 ], [ 144.7633, -37.8836 ], [ 144.7624, -37.8886 ], [ 144.7558, -37.888 ], [ 144.756, -37.8871 ], [ 144.7517, -37.8867 ], [ 144.7525, -37.8825 ], [ 144.7514, -37.8824 ] ] ] } },
{ "type": "Feature", "properties": { "loc_pid": "locccf64b3f1134", "suburb": "Seaford", "join_key": "SEAFORD" }, "geometry": { "type": "Polygon", "coordinates": [ [ [ 145.1222, -38.1292 ], [ 145.1238, -38.1188 ], [ 145.1237, -38.1171 ], [ 145.124, -38.1166 ], [ 145.1242, -38.1109 ], [ 145.1245, -38.11 ], [ 145.1243, -38.0958 ], [ 145.1239, -38.0908 ], [ 145.123, -38.0878 ], [ 145.1228, -38.0853 ], [ 145.1228, -38.0851 ], [ 145.1245, -38.0847 ], [ 145.1239, -38.0824 ], [ 145.1253, -38.0819 ], [ 145.1279, -38.0817 ], [ 145.1317, -38.0838 ], [ 145.1363, -38.0825 ], [ 145.1386, -38.0832 ], [ 145.1415, -38.0825 ], [ 145.1488, -38.0834 ], [ 145.1501, -38.0891 ], [ 145.1511, -38.0917 ], [ 145.1552, -38.0989 ], [ 145.1577, -38.1019 ], [ 145.162, -38.1089 ], [ 145.1575, -38.1127 ], [ 145.1321, -38.1298 ], [ 145.1319, -38.1302 ], [ 145.1256, -38.1285 ], [ 145.1251, -38.1308 ], [ 145.1241, -38.1294 ], [ 145.1238, -38.1296 ], [ 145.1222, -38.1292 ] ] ] } },
{ "type": "Feature", "properties": { "loc_pid": "locf8551c74eecf", "suburb": "Seaholme", "join_key": "SEAHOLME" }, "geometry": { "type": "Polygon", "coordinates": [ [ [ 144.8381, -37.8713 ], [ 144.839, -37.8654 ], [ 144.8435, -37.8575 ], [ 144.8499, -37.8596 ], [ 144.8496, -37.8626 ], [ 144.8508, -37.864 ], [ 144.8465, -37.8669 ], [ 144.8457, -37.8682 ], [ 144.845, -37.8682 ], [ 144.8424, -37.8694 ], [ 144.8404, -37.8714 ], [ 144.8381, -37.8713 ] ] ] } },
{ "type": "Feature", "properties": { "loc_pid": "loce01794437106", "suburb": "Seddon", "join_key": "SEDDON" }, "geometry": { "type": "Polygon", "coordinates": [ [ [ 144.8842, -37.8092 ], [ 144.8854, -37.8026 ], [ 144.8862, -37.8022 ], [ 144.8915, -37.803 ], [ 144.8925, -37.8034 ], [ 144.8974, -37.804 ], [ 144.8971, -37.8057 ], [ 144.8984, -37.8059 ], [ 144.8984, -37.8064 ], [ 144.9002, -37.807 ], [ 144.8985, -37.8108 ], [ 144.8942, -37.8103 ], [ 144.8941, -37.8097 ], [ 144.8911, -37.8093 ], [ 144.8899, -37.8094 ], [ 144.8898, -37.8102 ], [ 144.8894, -37.8102 ], [ 144.8895, -37.8098 ], [ 144.889, -37.8097 ], [ 144.8875, -37.8096 ], [ 144.8875, -37.8099 ], [ 144.8871, -37.8099 ], [ 144.8871, -37.8095 ], [ 144.8842, -37.8092 ] ] ] } },
{ "type": "Feature", "properties": { "loc_pid": "loc2d7496657dea", "suburb": "Selby", "join_key": "SELBY" }, "geometry": { "type": "Polygon", "coordinates": [ [ [ 145.3596, -37.9187 ], [ 145.3606, -37.9181 ], [ 145.3624, -37.9181 ], [ 145.3634, -37.9185 ], [ 145.3648, -37.9177 ], [ 145.3697, -37.9178 ], [ 145.3712, -37.9171 ], [ 145.3715, -37.9156 ], [ 145.3707, -37.915 ], [ 145.3678, -37.914 ], [ 145.3677, -37.9128 ], [ 145.3673, -37.9124 ], [ 145.3652, -37.9122 ], [ 145.3641, -37.9113 ], [ 145.3642, -37.9093 ], [ 145.365, -37.9087 ], [ 145.3646, -37.9087 ], [ 145.3647, -37.9083 ], [ 145.3676, -37.9079 ], [ 145.3705, -37.9067 ], [ 145.3714, -37.9069 ], [ 145.372, -37.9077 ], [ 145.3732, -37.9078 ], [ 145.3749, -37.9074 ], [ 145.377, -37.9064 ], [ 145.3813, -37.9078 ], [ 145.3855, -37.9077 ], [ 145.386, -37.9073 ], [ 145.3861, -37.9048 ], [ 145.3867, -37.9033 ], [ 145.3898, -37.9026 ], [ 145.3932, -37.9025 ], [ 145.3968, -37.9012 ], [ 145.396, -37.9031 ], [ 145.3921, -37.9044 ], [ 145.3915, -37.9047 ], [ 145.3913, -37.9052 ], [ 145.3913, -37.9057 ], [ 145.3919, -37.9063 ], [ 145.3934, -37.907 ], [ 145.3935, -37.9079 ], [ 145.3954, -37.9105 ], [ 145.3954, -37.9113 ], [ 145.3927, -37.9112 ], [ 145.3926, -37.9123 ], [ 145.3933, -37.9125 ], [ 145.3922, -37.916 ], [ 145.3931, -37.9162 ], [ 145.393, -37.9167 ], [ 145.3926, -37.9163 ], [ 145.3913, -37.9176 ], [ 145.3906, -37.9192 ], [ 145.3915, -37.9192 ], [ 145.3907, -37.9205 ], [ 145.3901, -37.9203 ], [ 145.3895, -37.9214 ], [ 145.3909, -37.9214 ], [ 145.3921, -37.9222 ], [ 145.3918, -37.9235 ], [ 145.3898, -37.9243 ], [ 145.3855, -37.9277 ], [ 145.3841, -37.9296 ], [ 145.3847, -37.932 ], [ 145.3846, -37.9332 ], [ 145.3852, -37.934 ], [ 145.3765, -37.934 ], [ 145.3695, -37.9316 ], [ 145.3696, -37.9313 ], [ 145.3675, -37.9301 ], [ 145.3661, -37.9298 ], [ 145.3642, -37.9233 ], [ 145.3635, -37.9234 ], [ 145.3608, -37.922 ], [ 145.3605, -37.9214 ], [ 145.361, -37.9212 ], [ 145.3596, -37.9187 ] ] ] } },
{ "type": "Feature", "properties": { "loc_pid": "loc7769aef63ae9", "suburb": "Seville", "join_key": "SEVILLE" }, "geometry": { "type": "Polygon", "coordinates": [ [ [ 145.4405, -37.7791 ], [ 145.4425, -37.7763 ], [ 145.444, -37.7753 ], [ 145.4435, -37.7739 ], [ 145.4435, -37.7715 ], [ 145.4444, -37.7675 ], [ 145.4901, -37.7675 ], [ 145.4882, -37.7758 ], [ 145.4859, -37.776 ], [ 145.4882, -37.7819 ], [ 145.4905, -37.783 ], [ 145.4906, -37.784 ], [ 145.4952, -37.791 ], [ 145.5004, -37.7918 ], [ 145.5075, -37.7917 ], [ 145.5077, -37.7971 ], [ 145.5071, -37.7972 ], [ 145.5055, -37.7995 ], [ 145.5047, -37.7994 ], [ 145.5037, -37.8045 ], [ 145.5039, -37.8058 ], [ 145.5019, -37.8071 ], [ 145.5003, -37.8071 ], [ 145.4988, -37.8081 ], [ 145.5033, -37.8091 ], [ 145.5054, -37.8119 ], [ 145.5068, -37.8121 ], [ 145.5068, -37.8123 ], [ 145.5065, -37.8122 ], [ 145.5064, -37.8126 ], [ 145.5053, -37.8125 ], [ 145.5056, -37.8127 ], [ 145.5055, -37.8132 ], [ 145.505, -37.8136 ], [ 145.5036, -37.8135 ], [ 145.5033, -37.813 ], [ 145.5018, -37.8126 ], [ 145.5013, -37.812 ], [ 145.5004, -37.8119 ], [ 145.4998, -37.8126 ], [ 145.4986, -37.8128 ], [ 145.4965, -37.8138 ], [ 145.4957, -37.8138 ], [ 145.4956, -37.8143 ], [ 145.4935, -37.8155 ], [ 145.4934, -37.8171 ], [ 145.4927, -37.8174 ], [ 145.4924, -37.8179 ], [ 145.4913, -37.8177 ], [ 145.4914, -37.8182 ], [ 145.491, -37.8186 ], [ 145.4904, -37.8185 ], [ 145.4901, -37.8192 ], [ 145.4904, -37.8196 ], [ 145.4893, -37.82 ], [ 145.4886, -37.8211 ], [ 145.4893, -37.8217 ], [ 145.4888, -37.8226 ], [ 145.4881, -37.8229 ], [ 145.4881, -37.824 ], [ 145.4877, -37.8245 ], [ 145.4869, -37.8245 ], [ 145.486, -37.8253 ], [ 145.4819, -37.8253 ], [ 145.4803, -37.8262 ], [ 145.4791, -37.8278 ], [ 145.4772, -37.8285 ], [ 145.4756, -37.8281 ], [ 145.4737, -37.8268 ], [ 145.4722, -37.8265 ], [ 145.4696, -37.827 ], [ 145.4673, -37.8288 ], [ 145.466, -37.8286 ], [ 145.4652, -37.8252 ], [ 145.4725, -37.8223 ], [ 145.4736, -37.8173 ], [ 145.4767, -37.8177 ], [ 145.4778, -37.8127 ], [ 145.4669, -37.8114 ], [ 145.4692, -37.7998 ], [ 145.4699, -37.7989 ], [ 145.4659, -37.7958 ], [ 145.4587, -37.7954 ], [ 145.4568, -37.795 ], [ 145.457, -37.7949 ], [ 145.4565, -37.7943 ], [ 145.454, -37.7941 ], [ 145.4513, -37.7933 ], [ 145.4497, -37.7934 ], [ 145.4486, -37.793 ], [ 145.4492, -37.7926 ], [ 145.4439, -37.7864 ], [ 145.4446, -37.7861 ], [ 145.446, -37.7794 ], [ 145.4418, -37.7789 ], [ 145.4405, -37.7791 ] ] ] } },
{ "type": "Feature", "properties": { "loc_pid": "loca59e61494f96", "suburb": "Seville East", "join_key": "SEVILLE EAST" }, "geometry": { "type": "Polygon", "coordinates": [ [ [ 145.4859, -37.776 ], [ 145.4882, -37.7758 ], [ 145.4901, -37.7675 ], [ 145.4909, -37.7675 ], [ 145.491, -37.758 ], [ 145.4897, -37.7548 ], [ 145.4902, -37.7546 ], [ 145.4902, -37.7551 ], [ 145.4916, -37.756 ], [ 145.4938, -37.7563 ], [ 145.4949, -37.7559 ], [ 145.4972, -37.756 ], [ 145.4986, -37.7555 ], [ 145.5001, -37.7556 ], [ 145.5031, -37.7542 ], [ 145.5037, -37.7546 ], [ 145.5049, -37.7547 ], [ 145.5056, -37.7539 ], [ 145.5067, -37.7535 ], [ 145.5074, -37.7536 ], [ 145.5079, -37.7531 ], [ 145.5096, -37.7536 ], [ 145.5102, -37.7547 ], [ 145.5107, -37.7539 ], [ 145.511, -37.754 ], [ 145.511, -37.7545 ], [ 145.5123, -37.7542 ], [ 145.5123, -37.7548 ], [ 145.5118, -37.7548 ], [ 145.512, -37.7552 ], [ 145.5117, -37.7553 ], [ 145.5121, -37.7557 ], [ 145.5139, -37.7556 ], [ 145.5142, -37.7561 ], [ 145.513, -37.7569 ], [ 145.5136, -37.7569 ], [ 145.5131, -37.7575 ], [ 145.5134, -37.7584 ], [ 145.5128, -37.7585 ], [ 145.5135, -37.7597 ], [ 145.5131, -37.7595 ], [ 145.5128, -37.7606 ], [ 145.5122, -37.7598 ], [ 145.5118, -37.7609 ], [ 145.5112, -37.7613 ], [ 145.5124, -37.7617 ], [ 145.5131, -37.7616 ], [ 145.5132, -37.7619 ], [ 145.5128, -37.7624 ], [ 145.5122, -37.762 ], [ 145.5111, -37.7623 ], [ 145.5113, -37.763 ], [ 145.5104, -37.7641 ], [ 145.5116, -37.7646 ], [ 145.5113, -37.7653 ], [ 145.5119, -37.765 ], [ 145.5125, -37.7651 ], [ 145.5122, -37.7656 ], [ 145.5116, -37.7657 ], [ 145.5119, -37.7663 ], [ 145.5135, -37.7657 ], [ 145.5128, -37.7666 ], [ 145.5133, -37.7669 ], [ 145.5128, -37.7675 ], [ 145.5134, -37.7675 ], [ 145.5137, -37.7678 ], [ 145.5132, -37.7681 ], [ 145.5129, -37.7689 ], [ 145.5134, -37.7686 ], [ 145.5138, -37.7689 ], [ 145.5133, -37.7691 ], [ 145.5131, -37.77 ], [ 145.5124, -37.77 ], [ 145.5124, -37.7703 ], [ 145.5133, -37.7709 ], [ 145.5144, -37.7709 ], [ 145.5144, -37.7711 ], [ 145.5139, -37.7712 ], [ 145.5136, -37.7716 ], [ 145.5141, -37.7715 ], [ 145.5147, -37.772 ], [ 145.5139, -37.7723 ], [ 145.5144, -37.7726 ], [ 145.5134, -37.7737 ], [ 145.5126, -37.773 ], [ 145.5131, -37.7731 ], [ 145.5134, -37.7727 ], [ 145.5135, -37.772 ], [ 145.5132, -37.7717 ], [ 145.5129, -37.7717 ], [ 145.5124, -37.7729 ], [ 145.512, -37.7726 ], [ 145.5125, -37.7723 ], [ 145.5124, -37.7719 ], [ 145.5118, -37.7717 ], [ 145.5119, -37.7725 ], [ 145.5114, -37.773 ], [ 145.5111, -37.7727 ], [ 145.5105, -37.7728 ], [ 145.5105, -37.7724 ], [ 145.5094, -37.7729 ], [ 145.5094, -37.7735 ], [ 145.51, -37.7734 ], [ 145.5094, -37.7746 ], [ 145.5105, -37.7739 ], [ 145.511, -37.7741 ], [ 145.511, -37.7745 ], [ 145.51, -37.7748 ], [ 145.5106, -37.7753 ], [ 145.5103, -37.7759 ], [ 145.5099, -37.7758 ], [ 145.5098, -37.7754 ], [ 145.5093, -37.7755 ], [ 145.5099, -37.776 ], [ 145.5096, -37.7763 ], [ 145.5091, -37.7762 ], [ 145.5091, -37.7756 ], [ 145.5085, -37.7759 ], [ 145.5076, -37.7758 ], [ 145.5079, -37.7768 ], [ 145.5092, -37.7765 ], [ 145.5093, -37.7775 ], [ 145.5084, -37.7773 ], [ 145.5089, -37.778 ], [ 145.5081, -37.7778 ], [ 145.5081, -37.7781 ], [ 145.5085, -37.7781 ], [ 145.5087, -37.7785 ], [ 145.508, -37.7784 ], [ 145.5076, -37.7787 ], [ 145.5078, -37.779 ], [ 145.5087, -37.7791 ], [ 145.5088, -37.7795 ], [ 145.507, -37.7795 ], [ 145.507, -37.7798 ], [ 145.5073, -37.7803 ], [ 145.508, -37.7799 ], [ 145.5079, -37.7802 ], [ 145.5086, -37.7805 ], [ 145.5073, -37.781 ], [ 145.5081, -37.7816 ], [ 145.5076, -37.7822 ], [ 145.5082, -37.7824 ], [ 145.5083, -37.7838 ], [ 145.5089, -37.7837 ], [ 145.5096, -37.7842 ], [ 145.509, -37.7846 ], [ 145.5088, -37.7862 ], [ 145.5096, -37.7866 ], [ 145.5095, -37.7858 ], [ 145.51, -37.7861 ], [ 145.5109, -37.7861 ], [ 145.511, -37.7864 ], [ 145.5098, -37.7867 ], [ 145.5101, -37.7872 ], [ 145.5104, -37.7872 ], [ 145.5106, -37.7867 ], [ 145.5119, -37.7868 ], [ 145.5117, -37.7879 ], [ 145.512, -37.7886 ], [ 145.5129, -37.7886 ], [ 145.5132, -37.7877 ], [ 145.5147, -37.788 ], [ 145.515, -37.7873 ], [ 145.5156, -37.787 ], [ 145.5166, -37.7872 ], [ 145.5172, -37.7867 ], [ 145.5185, -37.787 ], [ 145.5198, -37.7866 ], [ 145.5199, -37.7869 ], [ 145.5186, -37.7873 ], [ 145.5182, -37.788 ], [ 145.5194, -37.7888 ], [ 145.5193, -37.7897 ], [ 145.5206, -37.7907 ], [ 145.52, -37.7918 ], [ 145.5205, -37.7921 ], [ 145.5205, -37.7925 ], [ 145.5203, -37.7935 ], [ 145.5193, -37.7936 ], [ 145.5193, -37.7927 ], [ 145.5178, -37.7931 ], [ 145.5178, -37.7935 ], [ 145.5184, -37.7936 ], [ 145.5184, -37.7939 ], [ 145.5177, -37.7942 ], [ 145.5164, -37.7958 ], [ 145.5172, -37.7975 ], [ 145.5179, -37.7975 ], [ 145.5177, -37.797 ], [ 145.5189, -37.7973 ], [ 145.5189, -37.7982 ], [ 145.5179, -37.7983 ], [ 145.5177, -37.799 ], [ 145.5171, -37.7986 ], [ 145.5155, -37.799 ], [ 145.5164, -37.7995 ], [ 145.5163, -37.7999 ], [ 145.5155, -37.7997 ], [ 145.5146, -37.8015 ], [ 145.5148, -37.8021 ], [ 145.5153, -37.802 ], [ 145.5158, -37.8013 ], [ 145.5155, -37.8007 ], [ 145.5165, -37.8008 ], [ 145.5164, -37.8012 ], [ 145.5171, -37.8014 ], [ 145.5161, -37.8022 ], [ 145.5173, -37.8022 ], [ 145.5168, -37.8028 ], [ 145.5178, -37.8039 ], [ 145.5174, -37.8046 ], [ 145.5176, -37.805 ], [ 145.5162, -37.8057 ], [ 145.5162, -37.8051 ], [ 145.5153, -37.8054 ], [ 145.5153, -37.805 ], [ 145.5149, -37.8048 ], [ 145.5131, -37.8056 ], [ 145.5087, -37.8064 ], [ 145.5094, -37.8072 ], [ 145.509, -37.8088 ], [ 145.5078, -37.8089 ], [ 145.5071, -37.8086 ], [ 145.5071, -37.8091 ], [ 145.5067, -37.8093 ], [ 145.5074, -37.8096 ], [ 145.5063, -37.8099 ], [ 145.5065, -37.8104 ], [ 145.5075, -37.8105 ], [ 145.5074, -37.8113 ], [ 145.5068, -37.8117 ], [ 145.5068, -37.8121 ], [ 145.5054, -37.8119 ], [ 145.5033, -37.8091 ], [ 145.4988, -37.8081 ], [ 145.5003, -37.8071 ], [ 145.5019, -37.8071 ], [ 145.5039, -37.8058 ], [ 145.5037, -37.8045 ], [ 145.5047, -37.7994 ], [ 145.5055, -37.7995 ], [ 145.5071, -37.7972 ], [ 145.5077, -37.7971 ], [ 145.5075, -37.7917 ], [ 145.5004, -37.7918 ], [ 145.4952, -37.791 ], [ 145.4906, -37.784 ], [ 145.4905, -37.783 ], [ 145.4882, -37.7819 ], [ 145.4859, -37.776 ] ] ] } },
{ "type": "Feature", "properties": { "loc_pid": "locd1448b370cfe", "suburb": "Sherbrooke", "join_key": "SHERBROOKE" }, "geometry": { "type": "Polygon", "coordinates": [ [ [ 145.3413, -37.8786 ], [ 145.3424, -37.8775 ], [ 145.3424, -37.8759 ], [ 145.3428, -37.8754 ], [ 145.3434, -37.8753 ], [ 145.345, -37.8759 ], [ 145.3471, -37.8761 ], [ 145.3476, -37.8773 ], [ 145.3506, -37.8753 ], [ 145.3536, -37.8738 ], [ 145.3542, -37.8727 ], [ 145.3546, -37.873 ], [ 145.3551, -37.8729 ], [ 145.3553, -37.8732 ], [ 145.3561, -37.8728 ], [ 145.3565, -37.873 ], [ 145.3571, -37.8722 ], [ 145.3611, -37.8737 ], [ 145.3616, -37.8734 ], [ 145.3636, -37.8744 ], [ 145.3662, -37.875 ], [ 145.3673, -37.8758 ], [ 145.3683, -37.8755 ], [ 145.3706, -37.8757 ], [ 145.366, -37.8836 ], [ 145.3668, -37.8835 ], [ 145.368, -37.8839 ], [ 145.3689, -37.8848 ], [ 145.3701, -37.8849 ], [ 145.3717, -37.8857 ], [ 145.371, -37.8874 ], [ 145.374, -37.891 ], [ 145.3724, -37.8916 ], [ 145.3715, -37.8924 ], [ 145.3715, -37.8935 ], [ 145.3706, -37.8961 ], [ 145.3708, -37.8984 ], [ 145.3727, -37.9015 ], [ 145.3723, -37.9055 ], [ 145.3711, -37.9067 ], [ 145.3689, -37.9072 ], [ 145.3676, -37.9079 ], [ 145.3647, -37.9083 ], [ 145.3651, -37.9064 ], [ 145.3632, -37.9062 ], [ 145.3633, -37.9055 ], [ 145.3622, -37.9046 ], [ 145.3634, -37.9013 ], [ 145.3513, -37.8986 ], [ 145.3506, -37.896 ], [ 145.3471, -37.8942 ], [ 145.3456, -37.8907 ], [ 145.3455, -37.8898 ], [ 145.3462, -37.8897 ], [ 145.347, -37.888 ], [ 145.3482, -37.8867 ], [ 145.3472, -37.8865 ], [ 145.3475, -37.8857 ], [ 145.3465, -37.8845 ], [ 145.345, -37.8841 ], [ 145.3445, -37.8833 ], [ 145.3447, -37.8823 ], [ 145.3437, -37.8796 ], [ 145.3413, -37.8786 ] ] ] } },
{ "type": "Feature", "properties": { "loc_pid": "loc0a12a9e2e03f", "suburb": "Shoreham", "join_key": "SHOREHAM" }, "geometry": { "type": "Polygon", "coordinates": [ [ [ 144.9975, -38.4016 ], [ 144.9978, -38.4011 ], [ 144.9997, -38.4015 ], [ 145.001, -38.4027 ], [ 145.003, -38.4033 ], [ 145.0039, -38.4042 ], [ 145.0048, -38.4042 ], [ 145.0057, -38.4034 ], [ 145.0075, -38.4028 ], [ 145.0079, -38.4017 ], [ 145.0086, -38.4017 ], [ 145.0091, -38.4019 ], [ 145.0096, -38.4031 ], [ 145.0123, -38.4043 ], [ 145.015, -38.4049 ], [ 145.0161, -38.4047 ], [ 145.0168, -38.4054 ], [ 145.0179, -38.4058 ], [ 145.0242, -38.4073 ], [ 145.0277, -38.4089 ], [ 145.0343, -38.3999 ], [ 145.0348, -38.4011 ], [ 145.0373, -38.4024 ], [ 145.0408, -38.4019 ], [ 145.0429, -38.4025 ], [ 145.0441, -38.4023 ], [ 145.0481, -38.4032 ], [ 145.0503, -38.4002 ], [ 145.0523, -38.4005 ], [ 145.0621, -38.4038 ], [ 145.0652, -38.4068 ], [ 145.0563, -38.4131 ], [ 145.0663, -38.4259 ], [ 145.0633, -38.4271 ], [ 145.0615, -38.4274 ], [ 145.0588, -38.429 ], [ 145.0583, -38.4301 ], [ 145.0593, -38.4303 ], [ 145.0596, -38.4309 ], [ 145.0584, -38.4335 ], [ 145.0578, -38.4334 ], [ 145.0565, -38.4324 ], [ 145.0556, -38.4326 ], [ 145.0548, -38.4323 ], [ 145.0557, -38.4304 ], [ 145.0539, -38.43 ], [ 145.0526, -38.43 ], [ 145.0508, -38.4306 ], [ 145.0509, -38.431 ], [ 145.0501, -38.4316 ], [ 145.0506, -38.4323 ], [ 145.0505, -38.4329 ], [ 145.0501, -38.433 ], [ 145.0501, -38.4339 ], [ 145.0497, -38.4346 ], [ 145.0488, -38.4352 ], [ 145.0484, -38.4351 ], [ 145.0484, -38.4347 ], [ 145.0474, -38.4348 ], [ 145.0474, -38.4337 ], [ 145.0463, -38.4333 ], [ 145.0457, -38.4332 ], [ 145.0472, -38.4337 ], [ 145.047, -38.4344 ], [ 145.0473, -38.435 ], [ 145.0466, -38.4355 ], [ 145.0457, -38.4371 ], [ 145.0458, -38.4374 ], [ 145.0474, -38.4379 ], [ 145.0476, -38.4384 ], [ 145.0472, -38.4398 ], [ 145.0466, -38.4402 ], [ 145.0461, -38.4399 ], [ 145.0453, -38.44 ], [ 145.0437, -38.4421 ], [ 145.043, -38.4422 ], [ 145.0426, -38.4427 ], [ 145.042, -38.4423 ], [ 145.0404, -38.4437 ], [ 145.0396, -38.4453 ], [ 145.0407, -38.4455 ], [ 145.0416, -38.4466 ], [ 145.0408, -38.4479 ], [ 145.0405, -38.4475 ], [ 145.039, -38.4487 ], [ 145.0387, -38.4497 ], [ 145.0381, -38.4498 ], [ 145.0385, -38.4503 ], [ 145.0385, -38.4512 ], [ 145.0367, -38.4535 ], [ 145.0361, -38.4537 ], [ 145.0359, -38.4541 ], [ 145.0305, -38.4533 ], [ 145.028, -38.4509 ], [ 145.0281, -38.4503 ], [ 145.0277, -38.4502 ], [ 145.0275, -38.4489 ], [ 145.0264, -38.4476 ], [ 145.0251, -38.4476 ], [ 145.0235, -38.447 ], [ 145.0241, -38.4453 ], [ 145.024, -38.4447 ], [ 145.0233, -38.4441 ], [ 145.0236, -38.4433 ], [ 145.0227, -38.4419 ], [ 145.0207, -38.4412 ], [ 145.0204, -38.44 ], [ 145.0207, -38.4397 ], [ 145.0195, -38.4389 ], [ 145.0193, -38.4379 ], [ 145.0181, -38.4366 ], [ 145.0181, -38.436 ], [ 145.017, -38.4347 ], [ 145.0167, -38.4309 ], [ 145.0143, -38.4293 ], [ 145.0116, -38.4281 ], [ 145.0097, -38.4256 ], [ 145.0074, -38.4237 ], [ 145.0069, -38.4228 ], [ 145.0051, -38.4223 ], [ 145.0042, -38.4215 ], [ 145.0043, -38.4212 ], [ 145.0037, -38.4212 ], [ 145.0036, -38.42 ], [ 145.0025, -38.418 ], [ 145.0011, -38.4168 ], [ 145.0001, -38.4165 ], [ 145.0011, -38.4157 ], [ 144.9976, -38.4124 ], [ 144.9975, -38.4016 ] ], [ [ 145.0455, -38.4326 ], [ 145.0446, -38.4325 ], [ 145.0454, -38.4326 ], [ 145.0457, -38.4332 ], [ 145.0455, -38.4326 ] ] ] } },
{ "type": "Feature", "properties": { "loc_pid": "loc709dcb832d80", "suburb": "Silvan", "join_key": "SILVAN" }, "geometry": { "type": "Polygon", "coordinates": [ [ [ 145.3881, -37.8609 ], [ 145.3893, -37.8594 ], [ 145.3888, -37.8539 ], [ 145.3893, -37.8527 ], [ 145.3937, -37.8493 ], [ 145.3959, -37.8488 ], [ 145.3995, -37.8502 ], [ 145.4021, -37.8505 ], [ 145.403, -37.8493 ], [ 145.403, -37.8479 ], [ 145.4038, -37.845 ], [ 145.4037, -37.8439 ], [ 145.4015, -37.8408 ], [ 145.4019, -37.8373 ], [ 145.4011, -37.8334 ], [ 145.4015, -37.8305 ], [ 145.4021, -37.829 ], [ 145.4048, -37.808 ], [ 145.405, -37.8076 ], [ 145.4075, -37.8073 ], [ 145.4084, -37.8069 ], [ 145.4089, -37.8058 ], [ 145.418, -37.8007 ], [ 145.4271, -37.8111 ], [ 145.43, -37.8095 ], [ 145.4354, -37.8158 ], [ 145.4364, -37.8157 ], [ 145.445, -37.8245 ], [ 145.452, -37.8292 ], [ 145.451, -37.8301 ], [ 145.4507, -37.8309 ], [ 145.4652, -37.8252 ], [ 145.466, -37.8286 ], [ 145.4673, -37.8288 ], [ 145.4696, -37.827 ], [ 145.4722, -37.8265 ], [ 145.4737, -37.8268 ], [ 145.4756, -37.8281 ], [ 145.4772, -37.8285 ], [ 145.4791, -37.8278 ], [ 145.4803, -37.8262 ], [ 145.4819, -37.8253 ], [ 145.4859, -37.8253 ], [ 145.4857, -37.8263 ], [ 145.4852, -37.8263 ], [ 145.484, -37.8273 ], [ 145.4833, -37.8275 ], [ 145.4835, -37.8278 ], [ 145.4832, -37.8284 ], [ 145.4839, -37.8284 ], [ 145.4838, -37.828 ], [ 145.4841, -37.828 ], [ 145.4847, -37.8286 ], [ 145.4844, -37.8286 ], [ 145.4842, -37.8291 ], [ 145.4831, -37.8291 ], [ 145.4818, -37.8299 ], [ 145.4824, -37.8302 ], [ 145.4829, -37.8301 ], [ 145.4831, -37.8307 ], [ 145.483, -37.8309 ], [ 145.4824, -37.8308 ], [ 145.482, -37.8316 ], [ 145.4812, -37.8319 ], [ 145.4816, -37.8327 ], [ 145.4815, -37.8341 ], [ 145.4797, -37.8344 ], [ 145.4798, -37.835 ], [ 145.4804, -37.8353 ], [ 145.4797, -37.8357 ], [ 145.4792, -37.8355 ], [ 145.4783, -37.8357 ], [ 145.479, -37.8372 ], [ 145.478, -37.8372 ], [ 145.4777, -37.8375 ], [ 145.4783, -37.8384 ], [ 145.4781, -37.8391 ], [ 145.4788, -37.8396 ], [ 145.4785, -37.8405 ], [ 145.479, -37.8406 ], [ 145.4785, -37.8416 ], [ 145.4787, -37.8419 ], [ 145.4791, -37.8417 ], [ 145.4793, -37.8419 ], [ 145.479, -37.8435 ], [ 145.4802, -37.8445 ], [ 145.4803, -37.8453 ], [ 145.4795, -37.8461 ], [ 145.4801, -37.8469 ], [ 145.4801, -37.8475 ], [ 145.4808, -37.848 ], [ 145.4806, -37.8488 ], [ 145.4802, -37.8492 ], [ 145.4794, -37.8492 ], [ 145.4793, -37.8496 ], [ 145.48, -37.8502 ], [ 145.479, -37.85 ], [ 145.4787, -37.8506 ], [ 145.479, -37.8507 ], [ 145.479, -37.8512 ], [ 145.4788, -37.8514 ], [ 145.4785, -37.8512 ], [ 145.4784, -37.8517 ], [ 145.478, -37.8518 ], [ 145.478, -37.851 ], [ 145.4768, -37.8508 ], [ 145.4768, -37.8513 ], [ 145.476, -37.8513 ], [ 145.4754, -37.8518 ], [ 145.4757, -37.8524 ], [ 145.4754, -37.8526 ], [ 145.4755, -37.8532 ], [ 145.4749, -37.8527 ], [ 145.4743, -37.8528 ], [ 145.474, -37.8532 ], [ 145.4745, -37.8534 ], [ 145.4748, -37.8541 ], [ 145.4741, -37.854 ], [ 145.4743, -37.8542 ], [ 145.4735, -37.8549 ], [ 145.4736, -37.8553 ], [ 145.4732, -37.8554 ], [ 145.4732, -37.857 ], [ 145.472, -37.857 ], [ 145.4713, -37.8567 ], [ 145.4709, -37.8569 ], [ 145.471, -37.8574 ], [ 145.4704, -37.8574 ], [ 145.4698, -37.8568 ], [ 145.4695, -37.8557 ], [ 145.4693, -37.8562 ], [ 145.4689, -37.856 ], [ 145.4689, -37.8547 ], [ 145.4679, -37.8532 ], [ 145.4651, -37.8541 ], [ 145.4652, -37.8549 ], [ 145.463, -37.8553 ], [ 145.462, -37.8563 ], [ 145.4612, -37.8562 ], [ 145.4608, -37.8566 ], [ 145.4599, -37.8559 ], [ 145.4592, -37.8561 ], [ 145.4592, -37.8564 ], [ 145.4585, -37.8562 ], [ 145.4574, -37.8564 ], [ 145.4568, -37.8572 ], [ 145.4563, -37.8571 ], [ 145.4564, -37.8574 ], [ 145.4558, -37.8574 ], [ 145.4555, -37.8569 ], [ 145.4548, -37.8567 ], [ 145.4551, -37.8566 ], [ 145.4549, -37.8562 ], [ 145.454, -37.8562 ], [ 145.4541, -37.8553 ], [ 145.4534, -37.855 ], [ 145.4534, -37.8545 ], [ 145.453, -37.8546 ], [ 145.4517, -37.8536 ], [ 145.4503, -37.8532 ], [ 145.4495, -37.8536 ], [ 145.4479, -37.8533 ], [ 145.4477, -37.854 ], [ 145.4468, -37.8546 ], [ 145.4462, -37.856 ], [ 145.445, -37.8572 ], [ 145.4427, -37.8578 ], [ 145.4375, -37.854 ], [ 145.4371, -37.8544 ], [ 145.4301, -37.8552 ], [ 145.4246, -37.8525 ], [ 145.4239, -37.8513 ], [ 145.4193, -37.8509 ], [ 145.4197, -37.8521 ], [ 145.4182, -37.8524 ], [ 145.4176, -37.8532 ], [ 145.4175, -37.8549 ], [ 145.4163, -37.8558 ], [ 145.4147, -37.8547 ], [ 145.4139, -37.8545 ], [ 145.4129, -37.8547 ], [ 145.4129, -37.8553 ], [ 145.4137, -37.8562 ], [ 145.4136, -37.8569 ], [ 145.4143, -37.8573 ], [ 145.4134, -37.86 ], [ 145.4136, -37.862 ], [ 145.4053, -37.8633 ], [ 145.403, -37.8606 ], [ 145.3995, -37.8603 ], [ 145.3924, -37.8618 ], [ 145.3881, -37.8609 ] ] ] } },
{ "type": "Feature", "properties": { "loc_pid": "loc3ccb852d09c7", "suburb": "Skye", "join_key": "SKYE" }, "geometry": { "type": "Polygon", "coordinates": [ [ [ 145.1872, -38.1219 ], [ 145.1882, -38.1165 ], [ 145.194, -38.1172 ], [ 145.2, -38.088 ], [ 145.2184, -38.0902 ], [ 145.2215, -38.0755 ], [ 145.2394, -38.0777 ], [ 145.2296, -38.1269 ], [ 145.2211, -38.1263 ], [ 145.2198, -38.1335 ], [ 145.2135, -38.1327 ], [ 145.2145, -38.127 ], [ 145.1875, -38.1236 ], [ 145.1878, -38.122 ], [ 145.1872, -38.1219 ] ] ] } },
{ "type": "Feature", "properties": { "loc_pid": "loc3bbceeb99746", "suburb": "Somers", "join_key": "SOMERS" }, "geometry": { "type": "Polygon", "coordinates": [ [ [ 145.1316, -38.3821 ], [ 145.1339, -38.3785 ], [ 145.1327, -38.3786 ], [ 145.1335, -38.3747 ], [ 145.1457, -38.3762 ], [ 145.1456, -38.3625 ], [ 145.1457, -38.3611 ], [ 145.1464, -38.3605 ], [ 145.1552, -38.3601 ], [ 145.1691, -38.3606 ], [ 145.181, -38.3864 ], [ 145.1869, -38.3882 ], [ 145.194, -38.3921 ], [ 145.1962, -38.3928 ], [ 145.1961, -38.3933 ], [ 145.1922, -38.4011 ], [ 145.1895, -38.4001 ], [ 145.1869, -38.3987 ], [ 145.1841, -38.3983 ], [ 145.1825, -38.3988 ], [ 145.1827, -38.3984 ], [ 145.1818, -38.3984 ], [ 145.1818, -38.3982 ], [ 145.1808, -38.3983 ], [ 145.1804, -38.3987 ], [ 145.1802, -38.3983 ], [ 145.1795, -38.3984 ], [ 145.1791, -38.398 ], [ 145.177, -38.3979 ], [ 145.1764, -38.3972 ], [ 145.1748, -38.3966 ], [ 145.1711, -38.3967 ], [ 145.1703, -38.3969 ], [ 145.1697, -38.3975 ], [ 145.1683, -38.3977 ], [ 145.1677, -38.3969 ], [ 145.1652, -38.3968 ], [ 145.1651, -38.397 ], [ 145.1622, -38.3954 ], [ 145.1565, -38.3939 ], [ 145.1516, -38.3931 ], [ 145.1478, -38.3933 ], [ 145.1453, -38.3927 ], [ 145.1415, -38.393 ], [ 145.1362, -38.3914 ], [ 145.1318, -38.391 ], [ 145.1327, -38.3866 ], [ 145.1316, -38.3821 ] ] ] } },
{ "type": "Feature", "properties": { "loc_pid": "loc6755f6d71124", "suburb": "Somerton", "join_key": "SOMERTON" }, "geometry": { "type": "Polygon", "coordinates": [ [ [ 144.9349, -37.6414 ], [ 144.939, -37.6209 ], [ 144.9506, -37.6222 ], [ 144.9536, -37.6226 ], [ 144.9528, -37.6231 ], [ 144.953, -37.6234 ], [ 144.9555, -37.6238 ], [ 144.9556, -37.6261 ], [ 144.9588, -37.6278 ], [ 144.9589, -37.629 ], [ 144.9574, -37.6319 ], [ 144.9587, -37.6334 ], [ 144.9585, -37.6344 ], [ 144.9614, -37.6357 ], [ 144.9636, -37.6354 ], [ 144.9651, -37.6355 ], [ 144.9669, -37.6383 ], [ 144.9688, -37.6384 ], [ 144.9702, -37.6403 ], [ 144.9693, -37.6431 ], [ 144.9709, -37.6431 ], [ 144.9714, -37.6439 ], [ 144.9716, -37.6453 ], [ 144.9732, -37.6463 ], [ 144.9589, -37.6449 ], [ 144.9539, -37.6436 ], [ 144.9349, -37.6414 ] ] ] } },
{ "type": "Feature", "properties": { "loc_pid": "locd1d128ec42fa", "suburb": "Somerville", "join_key": "SOMERVILLE" }, "geometry": { "type": "Polygon", "coordinates": [ [ [ 145.1483, -38.2473 ], [ 145.1588, -38.2049 ], [ 145.1628, -38.2055 ], [ 145.1635, -38.2034 ], [ 145.1642, -38.2049 ], [ 145.1648, -38.2054 ], [ 145.1656, -38.2054 ], [ 145.1676, -38.2062 ], [ 145.1689, -38.2061 ], [ 145.1698, -38.2054 ], [ 145.1733, -38.2055 ], [ 145.1737, -38.2048 ], [ 145.1743, -38.2047 ], [ 145.1764, -38.2055 ], [ 145.1781, -38.2056 ], [ 145.179, -38.206 ], [ 145.1797, -38.206 ], [ 145.1801, -38.2057 ], [ 145.1825, -38.2064 ], [ 145.1846, -38.2066 ], [ 145.1855, -38.2079 ], [ 145.1877, -38.2085 ], [ 145.19, -38.2102 ], [ 145.1924, -38.2109 ], [ 145.1945, -38.2121 ], [ 145.2199, -38.2122 ], [ 145.22, -38.2119 ], [ 145.2264, -38.2188 ], [ 145.228, -38.2199 ], [ 145.2297, -38.2205 ], [ 145.2547, -38.2237 ], [ 145.2536, -38.2248 ], [ 145.2537, -38.2252 ], [ 145.2524, -38.2258 ], [ 145.2527, -38.2262 ], [ 145.2556, -38.2263 ], [ 145.255, -38.2269 ], [ 145.2553, -38.2278 ], [ 145.2543, -38.2277 ], [ 145.2542, -38.228 ], [ 145.255, -38.2293 ], [ 145.2552, -38.2315 ], [ 145.2557, -38.2324 ], [ 145.2545, -38.2324 ], [ 145.2531, -38.2315 ], [ 145.2527, -38.2316 ], [ 145.252, -38.2312 ], [ 145.2528, -38.2319 ], [ 145.2528, -38.2328 ], [ 145.2523, -38.2333 ], [ 145.2533, -38.234 ], [ 145.2537, -38.2355 ], [ 145.255, -38.2375 ], [ 145.2568, -38.2384 ], [ 145.2589, -38.2382 ], [ 145.2597, -38.2386 ], [ 145.2614, -38.2406 ], [ 145.2618, -38.2423 ], [ 145.2615, -38.2432 ], [ 145.2591, -38.2438 ], [ 145.2582, -38.2443 ], [ 145.2563, -38.2445 ], [ 145.2504, -38.2468 ], [ 145.2501, -38.2475 ], [ 145.2514, -38.2475 ], [ 145.2513, -38.2489 ], [ 145.2494, -38.2489 ], [ 145.2483, -38.2522 ], [ 145.2475, -38.253 ], [ 145.2472, -38.2539 ], [ 145.2443, -38.256 ], [ 145.2439, -38.2567 ], [ 145.2415, -38.2544 ], [ 145.2384, -38.2544 ], [ 145.2384, -38.255 ], [ 145.2337, -38.255 ], [ 145.2337, -38.2527 ], [ 145.2154, -38.2527 ], [ 145.2152, -38.2529 ], [ 145.2047, -38.2527 ], [ 145.1908, -38.2509 ], [ 145.1906, -38.2511 ], [ 145.1692, -38.251 ], [ 145.1696, -38.2493 ], [ 145.1559, -38.2472 ], [ 145.1556, -38.2484 ], [ 145.1483, -38.2473 ] ] ] } },
{ "type": "Feature", "properties": { "loc_pid": "loc3b6fd5dcd874", "suburb": "Sorrento", "join_key": "SORRENTO" }, "geometry": { "type": "Polygon", "coordinates": [ [ [ 144.7228, -38.3307 ], [ 144.7235, -38.3308 ], [ 144.7242, -38.3301 ], [ 144.7241, -38.3297 ], [ 144.7264, -38.33 ], [ 144.7266, -38.3291 ], [ 144.7271, -38.3292 ], [ 144.7273, -38.3283 ], [ 144.7302, -38.3286 ], [ 144.7309, -38.3251 ], [ 144.7336, -38.3272 ], [ 144.7349, -38.3259 ], [ 144.7357, -38.3265 ], [ 144.7382, -38.3246 ], [ 144.7391, -38.3246 ], [ 144.7392, -38.3257 ], [ 144.7388, -38.3268 ], [ 144.7399, -38.3273 ], [ 144.7399, -38.3295 ], [ 144.7395, -38.3298 ], [ 144.7395, -38.3308 ], [ 144.7401, -38.3326 ], [ 144.7408, -38.3334 ], [ 144.7414, -38.3333 ], [ 144.7422, -38.334 ], [ 144.7432, -38.3343 ], [ 144.7424, -38.3343 ], [ 144.7424, -38.3347 ], [ 144.7429, -38.3348 ], [ 144.7439, -38.3359 ], [ 144.7448, -38.3363 ], [ 144.7454, -38.3359 ], [ 144.7457, -38.336 ], [ 144.7456, -38.3365 ], [ 144.7444, -38.3373 ], [ 144.7442, -38.3379 ], [ 144.7446, -38.3385 ], [ 144.7465, -38.3403 ], [ 144.7502, -38.3425 ], [ 144.7544, -38.344 ], [ 144.7584, -38.3449 ], [ 144.759, -38.3453 ], [ 144.7592, -38.3462 ], [ 144.7598, -38.3469 ], [ 144.7635, -38.3483 ], [ 144.7638, -38.3489 ], [ 144.7625, -38.3506 ], [ 144.7625, -38.352 ], [ 144.7633, -38.3534 ], [ 144.7509, -38.3629 ], [ 144.7474, -38.3605 ], [ 144.7466, -38.3604 ], [ 144.7458, -38.3609 ], [ 144.7459, -38.3602 ], [ 144.7455, -38.3602 ], [ 144.7451, -38.3596 ], [ 144.7442, -38.3598 ], [ 144.7436, -38.3596 ], [ 144.7438, -38.3592 ], [ 144.7434, -38.3592 ], [ 144.7437, -38.359 ], [ 144.7435, -38.3586 ], [ 144.7438, -38.3579 ], [ 144.7431, -38.3581 ], [ 144.7431, -38.3572 ], [ 144.7423, -38.3568 ], [ 144.7422, -38.3561 ], [ 144.7412, -38.3553 ], [ 144.7413, -38.355 ], [ 144.7419, -38.3552 ], [ 144.7424, -38.3548 ], [ 144.7422, -38.354 ], [ 144.7411, -38.3536 ], [ 144.7405, -38.3543 ], [ 144.7399, -38.3544 ], [ 144.7396, -38.3535 ], [ 144.7381, -38.3531 ], [ 144.7368, -38.3534 ], [ 144.7364, -38.3542 ], [ 144.7356, -38.3534 ], [ 144.7356, -38.353 ], [ 144.7362, -38.3529 ], [ 144.736, -38.3523 ], [ 144.7344, -38.352 ], [ 144.7344, -38.3517 ], [ 144.7337, -38.3518 ], [ 144.7322, -38.3507 ], [ 144.7322, -38.3503 ], [ 144.7317, -38.3502 ], [ 144.7316, -38.3493 ], [ 144.7308, -38.3487 ], [ 144.7305, -38.3488 ], [ 144.7307, -38.348 ], [ 144.7287, -38.3476 ], [ 144.7276, -38.3463 ], [ 144.7266, -38.346 ], [ 144.7249, -38.3464 ], [ 144.7247, -38.346 ], [ 144.7256, -38.3406 ], [ 144.727, -38.3338 ], [ 144.7223, -38.3328 ], [ 144.7228, -38.3307 ] ] ] } },
{ "type": "Feature", "properties": { "loc_pid": "loc88ebb657408f", "suburb": "South Kingsville", "join_key": "SOUTH KINGSVILLE" }, "geometry": { "type": "Polygon", "coordinates": [ [ [ 144.8656, -37.8331 ], [ 144.8661, -37.83 ], [ 144.8666, -37.8301 ], [ 144.8667, -37.8298 ], [ 144.8667, -37.8294 ], [ 144.8662, -37.8293 ], [ 144.8671, -37.8243 ], [ 144.8754, -37.8302 ], [ 144.8783, -37.8326 ], [ 144.8818, -37.8348 ], [ 144.8656, -37.8331 ] ] ] } },
{ "type": "Feature", "properties": { "loc_pid": "locf51f6cd689bb", "suburb": "South Melbourne", "join_key": "SOUTH MELBOURNE" }, "geometry": { "type": "Polygon", "coordinates": [ [ [ 144.9403, -37.8259 ], [ 144.9469, -37.8268 ], [ 144.947, -37.8275 ], [ 144.9496, -37.8302 ], [ 144.9528, -37.8282 ], [ 144.9541, -37.8311 ], [ 144.9545, -37.8307 ], [ 144.955, -37.8308 ], [ 144.9627, -37.8286 ], [ 144.9658, -37.8315 ], [ 144.9704, -37.8302 ], [ 144.9704, -37.8309 ], [ 144.9697, -37.8311 ], [ 144.9698, -37.8316 ], [ 144.9704, -37.8315 ], [ 144.9705, -37.8318 ], [ 144.9699, -37.8321 ], [ 144.9702, -37.8327 ], [ 144.9716, -37.8323 ], [ 144.9717, -37.8343 ], [ 144.9694, -37.8367 ], [ 144.9629, -37.8393 ], [ 144.9592, -37.8422 ], [ 144.9569, -37.8372 ], [ 144.9564, -37.8371 ], [ 144.956, -37.8372 ], [ 144.956, -37.8375 ], [ 144.9556, -37.8373 ], [ 144.9549, -37.8375 ], [ 144.9549, -37.8378 ], [ 144.9541, -37.8381 ], [ 144.954, -37.8378 ], [ 144.9536, -37.8379 ], [ 144.9537, -37.838 ], [ 144.9537, -37.8381 ], [ 144.9531, -37.838 ], [ 144.9522, -37.8387 ], [ 144.9519, -37.8385 ], [ 144.9514, -37.8391 ], [ 144.9515, -37.84 ], [ 144.9505, -37.8403 ], [ 144.9503, -37.8399 ], [ 144.9498, -37.8403 ], [ 144.949, -37.8399 ], [ 144.9486, -37.8407 ], [ 144.9489, -37.8408 ], [ 144.948, -37.8411 ], [ 144.9473, -37.8407 ], [ 144.9468, -37.8412 ], [ 144.9465, -37.841 ], [ 144.9498, -37.8341 ], [ 144.9403, -37.8259 ] ] ] } },
{ "type": "Feature", "properties": { "loc_pid": "loc22c42e389de3", "suburb": "South Morang", "join_key": "SOUTH MORANG" }, "geometry": { "type": "Polygon", "coordinates": [ [ [ 145.0441, -37.6235 ], [ 145.0451, -37.6225 ], [ 145.0447, -37.622 ], [ 145.0455, -37.6215 ], [ 145.0455, -37.6208 ], [ 145.0462, -37.6205 ], [ 145.0466, -37.619 ], [ 145.0481, -37.6183 ], [ 145.049, -37.6153 ], [ 145.05, -37.614 ], [ 145.0506, -37.6119 ], [ 145.0503, -37.6111 ], [ 145.0506, -37.6105 ], [ 145.0797, -37.6134 ], [ 145.1085, -37.6171 ], [ 145.1088, -37.6179 ], [ 145.1096, -37.6184 ], [ 145.1103, -37.6181 ], [ 145.1111, -37.617 ], [ 145.1123, -37.6162 ], [ 145.1134, -37.6161 ], [ 145.1152, -37.6174 ], [ 145.1163, -37.6177 ], [ 145.1165, -37.6189 ], [ 145.1156, -37.6197 ], [ 145.116, -37.6208 ], [ 145.1178, -37.6223 ], [ 145.1192, -37.6227 ], [ 145.1193, -37.6211 ], [ 145.1198, -37.6208 ], [ 145.1209, -37.6211 ], [ 145.1224, -37.6209 ], [ 145.1234, -37.6215 ], [ 145.1233, -37.6221 ], [ 145.1224, -37.6227 ], [ 145.1226, -37.6238 ], [ 145.1216, -37.6248 ], [ 145.1217, -37.626 ], [ 145.1225, -37.6261 ], [ 145.1223, -37.6268 ], [ 145.1219, -37.6269 ], [ 145.1201, -37.6263 ], [ 145.1194, -37.6275 ], [ 145.1186, -37.628 ], [ 145.1166, -37.6272 ], [ 145.1151, -37.6272 ], [ 145.1139, -37.6277 ], [ 145.1132, -37.6284 ], [ 145.1136, -37.6292 ], [ 145.1147, -37.6298 ], [ 145.1143, -37.6305 ], [ 145.1123, -37.6305 ], [ 145.1107, -37.6315 ], [ 145.1087, -37.6312 ], [ 145.1087, -37.6317 ], [ 145.1114, -37.6327 ], [ 145.1111, -37.6332 ], [ 145.1093, -37.6331 ], [ 145.1089, -37.6333 ], [ 145.109, -37.6339 ], [ 145.1098, -37.6346 ], [ 145.1096, -37.6355 ], [ 145.1084, -37.6368 ], [ 145.1081, -37.6376 ], [ 145.1082, -37.638 ], [ 145.109, -37.6381 ], [ 145.1098, -37.6373 ], [ 145.1102, -37.6374 ], [ 145.1096, -37.6391 ], [ 145.1086, -37.6394 ], [ 145.1083, -37.64 ], [ 145.1077, -37.6401 ], [ 145.1066, -37.6396 ], [ 145.1045, -37.6394 ], [ 145.1023, -37.6384 ], [ 145.1019, -37.6386 ], [ 145.1026, -37.6397 ], [ 145.1016, -37.6402 ], [ 145.1018, -37.6407 ], [ 145.1046, -37.6405 ], [ 145.104, -37.6418 ], [ 145.103, -37.6428 ], [ 145.1035, -37.6433 ], [ 145.1034, -37.644 ], [ 145.1038, -37.6444 ], [ 145.1057, -37.6451 ], [ 145.1056, -37.6461 ], [ 145.1043, -37.6465 ], [ 145.1043, -37.6468 ], [ 145.1076, -37.6484 ], [ 145.1075, -37.6489 ], [ 145.1048, -37.6494 ], [ 145.1033, -37.6502 ], [ 145.1044, -37.6514 ], [ 145.1037, -37.652 ], [ 145.1043, -37.6526 ], [ 145.1068, -37.6527 ], [ 145.1076, -37.6534 ], [ 145.1066, -37.6541 ], [ 145.1049, -37.6542 ], [ 145.1045, -37.6537 ], [ 145.1024, -37.6527 ], [ 145.1019, -37.6548 ], [ 145.1024, -37.6553 ], [ 145.1042, -37.6551 ], [ 145.1061, -37.6561 ], [ 145.1078, -37.6582 ], [ 145.1072, -37.6586 ], [ 145.104, -37.6569 ], [ 145.1033, -37.6571 ], [ 145.1027, -37.6582 ], [ 145.1032, -37.6593 ], [ 145.1031, -37.6604 ], [ 145.1039, -37.661 ], [ 145.1038, -37.6613 ], [ 145.1016, -37.6615 ], [ 145.1006, -37.663 ], [ 145.0992, -37.6623 ], [ 145.0979, -37.6624 ], [ 145.0974, -37.6628 ], [ 145.0971, -37.6645 ], [ 145.0966, -37.6648 ], [ 145.0958, -37.6646 ], [ 145.0953, -37.6641 ], [ 145.0959, -37.663 ], [ 145.0957, -37.6621 ], [ 145.0949, -37.6618 ], [ 145.0945, -37.6625 ], [ 145.0821, -37.6537 ], [ 145.0814, -37.6505 ], [ 145.0703, -37.6494 ], [ 145.0685, -37.6496 ], [ 145.0678, -37.6492 ], [ 145.0662, -37.6494 ], [ 145.0659, -37.6479 ], [ 145.0645, -37.6459 ], [ 145.0641, -37.6435 ], [ 145.0627, -37.6437 ], [ 145.0632, -37.6424 ], [ 145.0632, -37.6406 ], [ 145.0641, -37.6388 ], [ 145.0638, -37.6373 ], [ 145.0604, -37.6329 ], [ 145.0606, -37.6314 ], [ 145.0629, -37.6312 ], [ 145.0637, -37.6302 ], [ 145.0645, -37.6264 ], [ 145.0442, -37.6245 ], [ 145.0441, -37.6235 ] ] ] } },
{ "type": "Feature", "properties": { "loc_pid": "locb87676ac9be6", "suburb": "South Wharf", "join_key": "SOUTH WHARF" }, "geometry": { "type": "Polygon", "coordinates": [ [ [ 144.9475, -37.8266 ], [ 144.948, -37.8261 ], [ 144.9489, -37.8261 ], [ 144.9485, -37.8257 ], [ 144.9483, -37.8234 ], [ 144.9534, -37.8237 ], [ 144.956, -37.8231 ], [ 144.9567, -37.8245 ], [ 144.956, -37.8247 ], [ 144.9562, -37.8253 ], [ 144.9531, -37.8274 ], [ 144.9524, -37.8276 ], [ 144.9499, -37.8271 ], [ 144.949, -37.8276 ], [ 144.9492, -37.8269 ], [ 144.9475, -37.8266 ] ] ] } },
{ "type": "Feature", "properties": { "loc_pid": "locc2ea2de6af6c", "suburb": "South Yarra", "join_key": "SOUTH YARRA" }, "geometry": { "type": "Polygon", "coordinates": [ [ [ 144.9758, -37.8352 ], [ 144.9759, -37.8349 ], [ 144.9767, -37.8349 ], [ 144.9786, -37.8352 ], [ 144.9789, -37.8337 ], [ 144.9837, -37.8343 ], [ 144.985, -37.8277 ], [ 144.9866, -37.8284 ], [ 144.9899, -37.8315 ], [ 144.9911, -37.8331 ], [ 144.9936, -37.8334 ], [ 144.9959, -37.8342 ], [ 144.9971, -37.8343 ], [ 145.001, -37.8335 ], [ 145.0032, -37.8345 ], [ 145.0038, -37.8345 ], [ 145.0042, -37.8342 ], [ 145.0043, -37.8335 ], [ 145.0038, -37.8316 ], [ 145.0044, -37.8312 ], [ 145.0063, -37.8315 ], [ 145.0032, -37.8481 ], [ 144.9803, -37.8451 ], [ 144.9775, -37.8374 ], [ 144.9763, -37.837 ], [ 144.9766, -37.8355 ], [ 144.9758, -37.8352 ] ] ] } },
{ "type": "Feature", "properties": { "loc_pid": "loc31f384e524fe", "suburb": "Southbank", "join_key": "SOUTHBANK" }, "geometry": { "type": "Polygon", "coordinates": [ [ [ 144.9496, -37.8302 ], [ 144.9469, -37.8268 ], [ 144.9491, -37.827 ], [ 144.949, -37.8276 ], [ 144.9499, -37.8271 ], [ 144.9524, -37.8276 ], [ 144.9531, -37.8274 ], [ 144.9562, -37.8253 ], [ 144.956, -37.8247 ], [ 144.9567, -37.8245 ], [ 144.956, -37.8231 ], [ 144.9612, -37.8206 ], [ 144.9683, -37.8192 ], [ 144.9713, -37.8261 ], [ 144.9713, -37.8299 ], [ 144.9658, -37.8315 ], [ 144.9627, -37.8286 ], [ 144.955, -37.8308 ], [ 144.9545, -37.8307 ], [ 144.9541, -37.8311 ], [ 144.9528, -37.8282 ], [ 144.9496, -37.8302 ] ] ] } },
{ "type": "Feature", "properties": { "loc_pid": "loc7ee7acc30be1", "suburb": "Spotswood", "join_key": "SPOTSWOOD" }, "geometry": { "type": "Polygon", "coordinates": [ [ [ 144.8671, -37.8243 ], [ 144.8691, -37.8242 ], [ 144.8757, -37.8247 ], [ 144.8812, -37.8254 ], [ 144.8813, -37.8247 ], [ 144.8843, -37.8247 ], [ 144.8857, -37.8229 ], [ 144.8862, -37.8226 ], [ 144.8871, -37.8226 ], [ 144.888, -37.823 ], [ 144.8889, -37.8247 ], [ 144.8916, -37.8256 ], [ 144.8931, -37.8255 ], [ 144.8938, -37.8264 ], [ 144.8949, -37.827 ], [ 144.8959, -37.8218 ], [ 144.9054, -37.8229 ], [ 144.9008, -37.8268 ], [ 144.8993, -37.8284 ], [ 144.8979, -37.8306 ], [ 144.897, -37.8346 ], [ 144.8971, -37.8383 ], [ 144.8936, -37.8385 ], [ 144.8916, -37.8381 ], [ 144.8914, -37.8378 ], [ 144.8838, -37.8371 ], [ 144.8831, -37.8359 ], [ 144.882, -37.8349 ], [ 144.8783, -37.8326 ], [ 144.8754, -37.8302 ], [ 144.8671, -37.8243 ] ] ] } },
{ "type": "Feature", "properties": { "loc_pid": "loc1d6e4fac2710", "suburb": "Springvale", "join_key": "SPRINGVALE" }, "geometry": { "type": "Polygon", "coordinates": [ [ [ 145.1366, -37.9605 ], [ 145.1402, -37.9424 ], [ 145.1401, -37.9399 ], [ 145.1419, -37.9315 ], [ 145.1427, -37.9258 ], [ 145.1434, -37.9246 ], [ 145.1567, -37.9331 ], [ 145.1834, -37.9365 ], [ 145.1831, -37.9383 ], [ 145.1848, -37.9385 ], [ 145.1869, -37.9399 ], [ 145.1872, -37.9414 ], [ 145.1863, -37.9451 ], [ 145.1858, -37.9457 ], [ 145.1846, -37.9463 ], [ 145.1831, -37.9466 ], [ 145.1816, -37.9464 ], [ 145.1807, -37.951 ], [ 145.1759, -37.9504 ], [ 145.1726, -37.9475 ], [ 145.1716, -37.9484 ], [ 145.17, -37.9572 ], [ 145.163, -37.9563 ], [ 145.1638, -37.9569 ], [ 145.1636, -37.958 ], [ 145.163, -37.9579 ], [ 145.1629, -37.9597 ], [ 145.1626, -37.9597 ], [ 145.1624, -37.9604 ], [ 145.1624, -37.9614 ], [ 145.1629, -37.9615 ], [ 145.1628, -37.9622 ], [ 145.1621, -37.9621 ], [ 145.1623, -37.9626 ], [ 145.162, -37.9626 ], [ 145.162, -37.9631 ], [ 145.1626, -37.9632 ], [ 145.1625, -37.9637 ], [ 145.1366, -37.9605 ] ] ] } },
{ "type": "Feature", "properties": { "loc_pid": "loc3b583afba248", "suburb": "Springvale South", "join_key": "SPRINGVALE SOUTH" }, "geometry": { "type": "Polygon", "coordinates": [ [ [ 145.1297, -37.9615 ], [ 145.1307, -37.9603 ], [ 145.1325, -37.96 ], [ 145.161, -37.9635 ], [ 145.1611, -37.9641 ], [ 145.1617, -37.9641 ], [ 145.1616, -37.9644 ], [ 145.1613, -37.9643 ], [ 145.1611, -37.9654 ], [ 145.162, -37.9655 ], [ 145.1618, -37.9665 ], [ 145.1612, -37.9664 ], [ 145.1611, -37.9673 ], [ 145.1605, -37.9673 ], [ 145.1604, -37.9681 ], [ 145.161, -37.9682 ], [ 145.1608, -37.969 ], [ 145.1602, -37.9689 ], [ 145.1601, -37.9698 ], [ 145.1606, -37.9699 ], [ 145.1606, -37.9703 ], [ 145.1601, -37.9702 ], [ 145.16, -37.9706 ], [ 145.1595, -37.9706 ], [ 145.1595, -37.9709 ], [ 145.1604, -37.971 ], [ 145.1603, -37.9713 ], [ 145.1594, -37.9712 ], [ 145.1593, -37.9716 ], [ 145.1602, -37.9722 ], [ 145.1595, -37.9745 ], [ 145.1607, -37.9747 ], [ 145.1605, -37.9754 ], [ 145.1614, -37.9756 ], [ 145.1613, -37.9762 ], [ 145.1597, -37.976 ], [ 145.1595, -37.9767 ], [ 145.1586, -37.9768 ], [ 145.1584, -37.9781 ], [ 145.1592, -37.9781 ], [ 145.1586, -37.9812 ], [ 145.1577, -37.9811 ], [ 145.1575, -37.9805 ], [ 145.1556, -37.9804 ], [ 145.1554, -37.9809 ], [ 145.156, -37.9809 ], [ 145.1555, -37.9836 ], [ 145.148, -37.9828 ], [ 145.1477, -37.9823 ], [ 145.1462, -37.9821 ], [ 145.146, -37.9832 ], [ 145.1442, -37.9816 ], [ 145.1409, -37.9774 ], [ 145.1375, -37.9717 ], [ 145.1356, -37.9675 ], [ 145.1349, -37.9672 ], [ 145.1329, -37.9636 ], [ 145.1321, -37.9628 ], [ 145.1297, -37.9615 ] ] ] } },
{ "type": "Feature", "properties": { "loc_pid": "loc34a55c4d0462", "suburb": "St Albans", "join_key": "ST ALBANS" }, "geometry": { "type": "Polygon", "coordinates": [ [ [ 144.7787, -37.7466 ], [ 144.782, -37.7276 ], [ 144.8018, -37.7282 ], [ 144.8152, -37.7296 ], [ 144.8327, -37.7504 ], [ 144.8236, -37.7569 ], [ 144.8219, -37.7588 ], [ 144.8198, -37.763 ], [ 144.8177, -37.7651 ], [ 144.8131, -37.7679 ], [ 144.8106, -37.7684 ], [ 144.8091, -37.7684 ], [ 144.8059, -37.7677 ], [ 144.8054, -37.7659 ], [ 144.8047, -37.765 ], [ 144.8027, -37.7646 ], [ 144.8004, -37.7633 ], [ 144.7999, -37.7627 ], [ 144.7997, -37.7614 ], [ 144.7989, -37.7612 ], [ 144.7975, -37.7597 ], [ 144.7969, -37.7595 ], [ 144.7964, -37.7585 ], [ 144.7966, -37.7578 ], [ 144.7978, -37.7569 ], [ 144.7952, -37.7521 ], [ 144.7938, -37.7508 ], [ 144.7925, -37.7479 ], [ 144.7787, -37.7466 ] ] ] } },
{ "type": "Feature", "properties": { "loc_pid": "loc574a25331b2f", "suburb": "St Andrews", "join_key": "ST ANDREWS" }, "geometry": { "type": "Polygon", "coordinates": [ [ [ 145.2428, -37.6082 ], [ 145.2434, -37.6079 ], [ 145.2429, -37.6076 ], [ 145.2431, -37.6072 ], [ 145.2439, -37.6069 ], [ 145.2433, -37.6062 ], [ 145.2444, -37.6058 ], [ 145.2455, -37.6061 ], [ 145.2458, -37.6043 ], [ 145.2461, -37.6044 ], [ 145.247, -37.5993 ], [ 145.2449, -37.5979 ], [ 145.2482, -37.5948 ], [ 145.2487, -37.5921 ], [ 145.2512, -37.5921 ], [ 145.2511, -37.5839 ], [ 145.2528, -37.5837 ], [ 145.2551, -37.5853 ], [ 145.2568, -37.5856 ], [ 145.2579, -37.5847 ], [ 145.2608, -37.5846 ], [ 145.2617, -37.5842 ], [ 145.26, -37.5823 ], [ 145.2583, -37.5814 ], [ 145.2576, -37.5774 ], [ 145.2549, -37.5755 ], [ 145.2557, -37.5709 ], [ 145.2592, -37.5712 ], [ 145.258, -37.5697 ], [ 145.2592, -37.5639 ], [ 145.2619, -37.5642 ], [ 145.263, -37.558 ], [ 145.2707, -37.5589 ], [ 145.2714, -37.5546 ], [ 145.2766, -37.5546 ], [ 145.2765, -37.5527 ], [ 145.2877, -37.5525 ], [ 145.2876, -37.5489 ], [ 145.2921, -37.5486 ], [ 145.2935, -37.5488 ], [ 145.2943, -37.5485 ], [ 145.2947, -37.5474 ], [ 145.2963, -37.5475 ], [ 145.301, -37.5465 ], [ 145.3063, -37.5447 ], [ 145.3051, -37.5503 ], [ 145.3072, -37.5503 ], [ 145.3082, -37.5482 ], [ 145.3095, -37.5474 ], [ 145.3185, -37.5485 ], [ 145.3198, -37.5417 ], [ 145.3209, -37.5418 ], [ 145.3211, -37.541 ], [ 145.3161, -37.5404 ], [ 145.3164, -37.54 ], [ 145.3166, -37.5374 ], [ 145.3327, -37.5392 ], [ 145.3309, -37.5495 ], [ 145.3256, -37.5489 ], [ 145.3233, -37.5542 ], [ 145.3201, -37.556 ], [ 145.3164, -37.5592 ], [ 145.3132, -37.56 ], [ 145.313, -37.5611 ], [ 145.3101, -37.563 ], [ 145.311, -37.5637 ], [ 145.3123, -37.5637 ], [ 145.3102, -37.5648 ], [ 145.3079, -37.5668 ], [ 145.3052, -37.5678 ], [ 145.3108, -37.5685 ], [ 145.3098, -37.5744 ], [ 145.3145, -37.5749 ], [ 145.3129, -37.5839 ], [ 145.3076, -37.5833 ], [ 145.3064, -37.5821 ], [ 145.305, -37.582 ], [ 145.3037, -37.5853 ], [ 145.299, -37.5841 ], [ 145.2976, -37.5846 ], [ 145.2965, -37.5844 ], [ 145.296, -37.585 ], [ 145.2953, -37.5888 ], [ 145.2974, -37.5884 ], [ 145.2991, -37.5892 ], [ 145.3022, -37.5893 ], [ 145.3027, -37.5898 ], [ 145.3038, -37.5898 ], [ 145.305, -37.5905 ], [ 145.3055, -37.5868 ], [ 145.3121, -37.5873 ], [ 145.3119, -37.5887 ], [ 145.3187, -37.5895 ], [ 145.3177, -37.5946 ], [ 145.3183, -37.5942 ], [ 145.3189, -37.5931 ], [ 145.3223, -37.5936 ], [ 145.3247, -37.5931 ], [ 145.3217, -37.6076 ], [ 145.3266, -37.608 ], [ 145.3265, -37.6091 ], [ 145.324, -37.6097 ], [ 145.3217, -37.612 ], [ 145.3208, -37.6111 ], [ 145.3168, -37.6137 ], [ 145.316, -37.6129 ], [ 145.3121, -37.6118 ], [ 145.3114, -37.615 ], [ 145.3126, -37.6156 ], [ 145.3117, -37.6156 ], [ 145.3096, -37.6169 ], [ 145.3079, -37.617 ], [ 145.3067, -37.6174 ], [ 145.3057, -37.6191 ], [ 145.3046, -37.6198 ], [ 145.303, -37.62 ], [ 145.3017, -37.6167 ], [ 145.2995, -37.6172 ], [ 145.2993, -37.6169 ], [ 145.2967, -37.6176 ], [ 145.2959, -37.6156 ], [ 145.2938, -37.6159 ], [ 145.2932, -37.6131 ], [ 145.2939, -37.6126 ], [ 145.2936, -37.611 ], [ 145.291, -37.611 ], [ 145.2903, -37.6107 ], [ 145.29, -37.61 ], [ 145.2878, -37.6109 ], [ 145.2857, -37.6093 ], [ 145.2859, -37.6081 ], [ 145.2851, -37.6076 ], [ 145.2843, -37.6059 ], [ 145.284, -37.6058 ], [ 145.2823, -37.6068 ], [ 145.2822, -37.6107 ], [ 145.2752, -37.6107 ], [ 145.2701, -37.608 ], [ 145.2701, -37.609 ], [ 145.2707, -37.6105 ], [ 145.2696, -37.6117 ], [ 145.2696, -37.6124 ], [ 145.269, -37.613 ], [ 145.2678, -37.6136 ], [ 145.2642, -37.6124 ], [ 145.264, -37.6144 ], [ 145.2648, -37.6157 ], [ 145.2636, -37.6194 ], [ 145.2628, -37.62 ], [ 145.2565, -37.6162 ], [ 145.256, -37.6168 ], [ 145.252, -37.6147 ], [ 145.2459, -37.6111 ], [ 145.2465, -37.6103 ], [ 145.2454, -37.6097 ], [ 145.2451, -37.61 ], [ 145.2428, -37.6082 ] ] ] } },
{ "type": "Feature", "properties": { "loc_pid": "loc125bace0de7f", "suburb": "St Andrews Beach", "join_key": "ST ANDREWS BEACH" }, "geometry": { "type": "Polygon", "coordinates": [ [ [ 144.8123, -38.4047 ], [ 144.8148, -38.4081 ], [ 144.8171, -38.409 ], [ 144.8174, -38.4087 ], [ 144.8189, -38.4088 ], [ 144.8244, -38.4106 ], [ 144.825, -38.4107 ], [ 144.825, -38.4099 ], [ 144.83, -38.4113 ], [ 144.8299, -38.4149 ], [ 144.8328, -38.4149 ], [ 144.8353, -38.416 ], [ 144.8369, -38.4163 ], [ 144.8394, -38.4177 ], [ 144.8391, -38.4234 ], [ 144.8406, -38.4243 ], [ 144.8426, -38.4246 ], [ 144.8422, -38.425 ], [ 144.8442, -38.426 ], [ 144.8445, -38.4267 ], [ 144.845, -38.4267 ], [ 144.845, -38.4281 ], [ 144.8494, -38.4318 ], [ 144.8501, -38.4326 ], [ 144.8504, -38.4339 ], [ 144.842, -38.4337 ], [ 144.8392, -38.4315 ], [ 144.8374, -38.4296 ], [ 144.8318, -38.4262 ], [ 144.8317, -38.4258 ], [ 144.8277, -38.422 ], [ 144.8246, -38.4201 ], [ 144.8229, -38.4184 ], [ 144.8214, -38.4174 ], [ 144.8186, -38.416 ], [ 144.8125, -38.4102 ], [ 144.8123, -38.4047 ] ] ] } },
{ "type": "Feature", "properties": { "loc_pid": "loc407183a9488a", "suburb": "St Helena", "join_key": "ST HELENA" }, "geometry": { "type": "Polygon", "coordinates": [ [ [ 145.1137, -37.6907 ], [ 145.1143, -37.6891 ], [ 145.1168, -37.6879 ], [ 145.1222, -37.6868 ], [ 145.1305, -37.6861 ], [ 145.1377, -37.6831 ], [ 145.1437, -37.6826 ], [ 145.1429, -37.6869 ], [ 145.1366, -37.6862 ], [ 145.1321, -37.6896 ], [ 145.1331, -37.6915 ], [ 145.1348, -37.6925 ], [ 145.1361, -37.6924 ], [ 145.136, -37.6928 ], [ 145.1353, -37.6928 ], [ 145.1356, -37.6932 ], [ 145.1353, -37.6936 ], [ 145.1359, -37.6941 ], [ 145.1362, -37.6951 ], [ 145.1367, -37.695 ], [ 145.1367, -37.6954 ], [ 145.136, -37.6954 ], [ 145.1362, -37.6966 ], [ 145.1358, -37.697 ], [ 145.1275, -37.6962 ], [ 145.1276, -37.6953 ], [ 145.1273, -37.6952 ], [ 145.1279, -37.6935 ], [ 145.1289, -37.6926 ], [ 145.1137, -37.6907 ] ] ] } },
{ "type": "Feature", "properties": { "loc_pid": "locfe955a87410d", "suburb": "St Kilda", "join_key": "ST KILDA" }, "geometry": { "type": "Polygon", "coordinates": [ [ [ 144.9707, -37.8536 ], [ 144.9743, -37.8522 ], [ 144.9753, -37.8536 ], [ 144.9759, -37.8537 ], [ 144.9771, -37.8535 ], [ 144.9789, -37.8525 ], [ 144.9795, -37.854 ], [ 144.9814, -37.8553 ], [ 144.9826, -37.8555 ], [ 144.9822, -37.8545 ], [ 144.9835, -37.8547 ], [ 144.9833, -37.8557 ], [ 144.9899, -37.8565 ], [ 144.9923, -37.8577 ], [ 144.9933, -37.8579 ], [ 144.9927, -37.8612 ], [ 144.9925, -37.8611 ], [ 144.9924, -37.8616 ], [ 144.9916, -37.8615 ], [ 144.9915, -37.8621 ], [ 144.9919, -37.8621 ], [ 144.9922, -37.8626 ], [ 144.9912, -37.8653 ], [ 144.9914, -37.8661 ], [ 144.9909, -37.8684 ], [ 144.9906, -37.8684 ], [ 144.9908, -37.8692 ], [ 144.9903, -37.871 ], [ 144.9906, -37.8712 ], [ 144.9902, -37.8721 ], [ 144.9897, -37.8721 ], [ 144.9886, -37.8705 ], [ 144.9878, -37.8708 ], [ 144.9875, -37.8703 ], [ 144.9861, -37.8709 ], [ 144.9862, -37.8712 ], [ 144.9857, -37.8714 ], [ 144.986, -37.8718 ], [ 144.9837, -37.8727 ], [ 144.9836, -37.8725 ], [ 144.9813, -37.8732 ], [ 144.9807, -37.8731 ], [ 144.9809, -37.8733 ], [ 144.9804, -37.8738 ], [ 144.9775, -37.8744 ], [ 144.9775, -37.875 ], [ 144.9768, -37.875 ], [ 144.9769, -37.8753 ], [ 144.9745, -37.8763 ], [ 144.9743, -37.8738 ], [ 144.9737, -37.8725 ], [ 144.9733, -37.8725 ], [ 144.9733, -37.872 ], [ 144.974, -37.8723 ], [ 144.9755, -37.8716 ], [ 144.9755, -37.8702 ], [ 144.9751, -37.8697 ], [ 144.9754, -37.8694 ], [ 144.9733, -37.8669 ], [ 144.9718, -37.8659 ], [ 144.9708, -37.8643 ], [ 144.971, -37.8634 ], [ 144.9723, -37.8629 ], [ 144.9728, -37.8622 ], [ 144.9725, -37.8609 ], [ 144.9732, -37.8616 ], [ 144.9754, -37.8601 ], [ 144.9756, -37.8603 ], [ 144.9757, -37.8599 ], [ 144.9767, -37.8593 ], [ 144.9762, -37.8588 ], [ 144.9765, -37.8582 ], [ 144.9707, -37.8536 ] ] ] } },
{ "type": "Feature", "properties": { "loc_pid": "loc695c9ddc8068", "suburb": "St Kilda East", "join_key": "ST KILDA EAST" }, "geometry": { "type": "Polygon", "coordinates": [ [ [ 144.9912, -37.8653 ], [ 144.9922, -37.8626 ], [ 144.9919, -37.8621 ], [ 144.9915, -37.8621 ], [ 144.9916, -37.8615 ], [ 144.9924, -37.8616 ], [ 144.9925, -37.8611 ], [ 144.9927, -37.8612 ], [ 144.9933, -37.8579 ], [ 145.0105, -37.8602 ], [ 145.0072, -37.8781 ], [ 144.998, -37.8769 ], [ 145.0, -37.8665 ], [ 144.9912, -37.8653 ] ] ] } },
{ "type": "Feature", "properties": { "loc_pid": "locac6f70db6abd", "suburb": "St Kilda West", "join_key": "ST KILDA WEST" }, "geometry": { "type": "Polygon", "coordinates": [ [ [ 144.9657, -37.8575 ], [ 144.9668, -37.8561 ], [ 144.9675, -37.8563 ], [ 144.967, -37.8559 ], [ 144.9677, -37.8551 ], [ 144.9682, -37.8553 ], [ 144.9678, -37.8549 ], [ 144.9684, -37.8543 ], [ 144.9699, -37.8543 ], [ 144.9696, -37.8539 ], [ 144.9708, -37.8536 ], [ 144.9765, -37.8582 ], [ 144.9762, -37.8588 ], [ 144.9767, -37.8593 ], [ 144.9757, -37.8599 ], [ 144.9756, -37.8603 ], [ 144.9754, -37.8601 ], [ 144.9732, -37.8616 ], [ 144.9725, -37.8609 ], [ 144.9727, -37.8624 ], [ 144.9723, -37.8629 ], [ 144.971, -37.8634 ], [ 144.971, -37.8625 ], [ 144.9701, -37.8606 ], [ 144.9691, -37.8601 ], [ 144.9672, -37.8598 ], [ 144.9668, -37.8582 ], [ 144.9657, -37.8575 ] ] ] } },
{ "type": "Feature", "properties": { "loc_pid": "loc731aac9d3e93", "suburb": "Strathmore", "join_key": "STRATHMORE" }, "geometry": { "type": "Polygon", "coordinates": [ [ [ 144.9017, -37.7192 ], [ 144.9023, -37.7168 ], [ 144.9036, -37.7169 ], [ 144.9043, -37.7158 ], [ 144.9049, -37.7158 ], [ 144.9049, -37.7169 ], [ 144.9055, -37.7174 ], [ 144.9079, -37.717 ], [ 144.9093, -37.7174 ], [ 144.9105, -37.7183 ], [ 144.9106, -37.7191 ], [ 144.9093, -37.7194 ], [ 144.9094, -37.7206 ], [ 144.9105, -37.722 ], [ 144.9114, -37.7215 ], [ 144.9113, -37.7208 ], [ 144.9123, -37.7208 ], [ 144.9132, -37.7218 ], [ 144.9133, -37.7227 ], [ 144.9146, -37.7231 ], [ 144.9145, -37.7238 ], [ 144.9158, -37.7241 ], [ 144.9162, -37.7237 ], [ 144.9169, -37.7236 ], [ 144.9183, -37.7241 ], [ 144.9202, -37.7258 ], [ 144.9207, -37.7258 ], [ 144.9222, -37.7273 ], [ 144.9225, -37.729 ], [ 144.9244, -37.7288 ], [ 144.9249, -37.7292 ], [ 144.9247, -37.7297 ], [ 144.9256, -37.7301 ], [ 144.9256, -37.7305 ], [ 144.9246, -37.731 ], [ 144.9243, -37.7321 ], [ 144.9246, -37.7327 ], [ 144.9256, -37.7331 ], [ 144.9286, -37.7353 ], [ 144.9288, -37.7374 ], [ 144.93, -37.7382 ], [ 144.9301, -37.7403 ], [ 144.9316, -37.7422 ], [ 144.9335, -37.7425 ], [ 144.9347, -37.7441 ], [ 144.9082, -37.7413 ], [ 144.904, -37.7346 ], [ 144.9053, -37.7347 ], [ 144.9113, -37.7326 ], [ 144.9167, -37.7322 ], [ 144.917, -37.7307 ], [ 144.9159, -37.7303 ], [ 144.9159, -37.7298 ], [ 144.9154, -37.7298 ], [ 144.9155, -37.7296 ], [ 144.9148, -37.7296 ], [ 144.9148, -37.7293 ], [ 144.9132, -37.7288 ], [ 144.9132, -37.7283 ], [ 144.9125, -37.7283 ], [ 144.9129, -37.7257 ], [ 144.9097, -37.7248 ], [ 144.9064, -37.723 ], [ 144.9052, -37.7231 ], [ 144.9049, -37.7209 ], [ 144.9032, -37.7196 ], [ 144.9017, -37.7192 ] ] ] } },
{ "type": "Feature", "properties": { "loc_pid": "loc9721f9d95eee", "suburb": "Strathmore Heights", "join_key": "STRATHMORE HEIGHTS" }, "geometry": { "type": "Polygon", "coordinates": [ [ [ 144.8885, -37.7108 ], [ 144.8906, -37.7101 ], [ 144.8981, -37.7092 ], [ 144.9013, -37.7124 ], [ 144.9017, -37.7137 ], [ 144.903, -37.7145 ], [ 144.9022, -37.7164 ], [ 144.9017, -37.7192 ], [ 144.8985, -37.7184 ], [ 144.8962, -37.7159 ], [ 144.8965, -37.7139 ], [ 144.8903, -37.7132 ], [ 144.8885, -37.7108 ] ] ] } },
{ "type": "Feature", "properties": { "loc_pid": "loc504fa57cb876", "suburb": "Strathtulloh", "join_key": "STRATHTULLOH" }, "geometry": { "type": "Polygon", "coordinates": [ [ [ 144.5754, -37.7467 ], [ 144.5764, -37.7462 ], [ 144.579, -37.7464 ], [ 144.5791, -37.745 ], [ 144.5803, -37.7439 ], [ 144.5802, -37.7433 ], [ 144.579, -37.7425 ], [ 144.5791, -37.742 ], [ 144.58, -37.7409 ], [ 144.5829, -37.7396 ], [ 144.5837, -37.7388 ], [ 144.5834, -37.7379 ], [ 144.5828, -37.7378 ], [ 144.5812, -37.7365 ], [ 144.5796, -37.7377 ], [ 144.5789, -37.7376 ], [ 144.5791, -37.7349 ], [ 144.577, -37.7337 ], [ 144.5772, -37.733 ], [ 144.5784, -37.7324 ], [ 144.5787, -37.7319 ], [ 144.5774, -37.7302 ], [ 144.5794, -37.729 ], [ 144.5788, -37.7274 ], [ 144.5806, -37.7273 ], [ 144.5804, -37.7264 ], [ 144.5794, -37.7261 ], [ 144.5793, -37.7257 ], [ 144.5805, -37.7257 ], [ 144.5809, -37.7248 ], [ 144.5818, -37.7247 ], [ 144.5824, -37.7237 ], [ 144.5828, -37.7216 ], [ 144.5821, -37.7207 ], [ 144.5828, -37.72 ], [ 144.5824, -37.7194 ], [ 144.5831, -37.7183 ], [ 144.5816, -37.7184 ], [ 144.5815, -37.7178 ], [ 144.5819, -37.7172 ], [ 144.5808, -37.7167 ], [ 144.5805, -37.7161 ], [ 144.5822, -37.716 ], [ 144.5822, -37.7155 ], [ 144.583, -37.7146 ], [ 144.5811, -37.7138 ], [ 144.5793, -37.7147 ], [ 144.5801, -37.7136 ], [ 144.5815, -37.7135 ], [ 144.5841, -37.7147 ], [ 144.6, -37.7165 ], [ 144.5992, -37.7207 ], [ 144.6175, -37.7227 ], [ 144.6123, -37.7517 ], [ 144.5768, -37.7482 ], [ 144.5767, -37.7474 ], [ 144.5754, -37.7467 ] ] ] } },
{ "type": "Feature", "properties": { "loc_pid": "loc00f0949ea0ad", "suburb": "Sunbury", "join_key": "SUNBURY" }, "geometry": { "type": "Polygon", "coordinates": [ [ [ 144.6325, -37.5298 ], [ 144.6381, -37.4995 ], [ 144.6443, -37.4955 ], [ 144.6461, -37.4956 ], [ 144.6478, -37.4965 ], [ 144.6484, -37.4961 ], [ 144.6504, -37.4961 ], [ 144.6512, -37.4964 ], [ 144.6515, -37.4971 ], [ 144.6512, -37.4979 ], [ 144.6525, -37.499 ], [ 144.6532, -37.4992 ], [ 144.6538, -37.4985 ], [ 144.655, -37.4995 ], [ 144.656, -37.4998 ], [ 144.6579, -37.4993 ], [ 144.6596, -37.4983 ], [ 144.6609, -37.4992 ], [ 144.6623, -37.4988 ], [ 144.6642, -37.4992 ], [ 144.6652, -37.501 ], [ 144.6665, -37.5023 ], [ 144.6672, -37.5021 ], [ 144.6672, -37.5013 ], [ 144.6681, -37.5002 ], [ 144.6682, -37.4991 ], [ 144.6688, -37.499 ], [ 144.6697, -37.4998 ], [ 144.6712, -37.4992 ], [ 144.6736, -37.5005 ], [ 144.6743, -37.5003 ], [ 144.6751, -37.4989 ], [ 144.6778, -37.4995 ], [ 144.6791, -37.4994 ], [ 144.6809, -37.4987 ], [ 144.6816, -37.498 ], [ 144.6807, -37.498 ], [ 144.6807, -37.497 ], [ 144.68, -37.4964 ], [ 144.6783, -37.4966 ], [ 144.6777, -37.4963 ], [ 144.678, -37.4947 ], [ 144.6785, -37.4941 ], [ 144.6819, -37.4933 ], [ 144.6831, -37.4925 ], [ 144.6837, -37.4926 ], [ 144.6843, -37.4956 ], [ 144.6853, -37.4954 ], [ 144.6862, -37.4942 ], [ 144.6859, -37.493 ], [ 144.6869, -37.4929 ], [ 144.6886, -37.4933 ], [ 144.689, -37.4931 ], [ 144.6887, -37.4922 ], [ 144.6881, -37.4919 ], [ 144.6884, -37.491 ], [ 144.6881, -37.4906 ], [ 144.6882, -37.4897 ], [ 144.6916, -37.4867 ], [ 144.692, -37.4866 ], [ 144.6926, -37.4874 ], [ 144.6921, -37.4885 ], [ 144.693, -37.4892 ], [ 144.6957, -37.4894 ], [ 144.6977, -37.4891 ], [ 144.6977, -37.4882 ], [ 144.6964, -37.4869 ], [ 144.6961, -37.4852 ], [ 144.697, -37.4848 ], [ 144.6988, -37.4849 ], [ 144.6999, -37.4846 ], [ 144.7006, -37.482 ], [ 144.7014, -37.4824 ], [ 144.7016, -37.485 ], [ 144.702, -37.4853 ], [ 144.7028, -37.4849 ], [ 144.7042, -37.4827 ], [ 144.7051, -37.4823 ], [ 144.7103, -37.482 ], [ 144.712, -37.4826 ], [ 144.7132, -37.4834 ], [ 144.7135, -37.4841 ], [ 144.7134, -37.4846 ], [ 144.7119, -37.486 ], [ 144.7119, -37.4873 ], [ 144.7125, -37.4877 ], [ 144.713, -37.4877 ], [ 144.7149, -37.4866 ], [ 144.7169, -37.4877 ], [ 144.7183, -37.4876 ], [ 144.7186, -37.4873 ], [ 144.7186, -37.486 ], [ 144.7189, -37.4859 ], [ 144.7198, -37.4834 ], [ 144.7206, -37.4832 ], [ 144.7219, -37.4836 ], [ 144.7264, -37.4866 ], [ 144.7292, -37.4872 ], [ 144.7319, -37.4872 ], [ 144.7349, -37.4912 ], [ 144.7366, -37.4926 ], [ 144.739, -37.4936 ], [ 144.7401, -37.4936 ], [ 144.7407, -37.4931 ], [ 144.7405, -37.492 ], [ 144.7393, -37.49 ], [ 144.7395, -37.4892 ], [ 144.7407, -37.4891 ], [ 144.7421, -37.4897 ], [ 144.7437, -37.491 ], [ 144.7457, -37.492 ], [ 144.7463, -37.4939 ], [ 144.7483, -37.4947 ], [ 144.7487, -37.4954 ], [ 144.7505, -37.4964 ], [ 144.7518, -37.4964 ], [ 144.7522, -37.497 ], [ 144.7555, -37.496 ], [ 144.7575, -37.4948 ], [ 144.7587, -37.4972 ], [ 144.7597, -37.5012 ], [ 144.7611, -37.5014 ], [ 144.7605, -37.4996 ], [ 144.7627, -37.4995 ], [ 144.7635, -37.5006 ], [ 144.7663, -37.5027 ], [ 144.7659, -37.5046 ], [ 144.7664, -37.5053 ], [ 144.7691, -37.506 ], [ 144.77, -37.5066 ], [ 144.7698, -37.5076 ], [ 144.7683, -37.5092 ], [ 144.7693, -37.5106 ], [ 144.7691, -37.5132 ], [ 144.7699, -37.5142 ], [ 144.7702, -37.5157 ], [ 144.7684, -37.517 ], [ 144.7683, -37.5177 ], [ 144.77, -37.5195 ], [ 144.7701, -37.5205 ], [ 144.7678, -37.5213 ], [ 144.7676, -37.522 ], [ 144.7693, -37.5229 ], [ 144.7701, -37.5259 ], [ 144.7727, -37.5266 ], [ 144.7727, -37.5271 ], [ 144.7713, -37.5279 ], [ 144.7711, -37.5283 ], [ 144.7712, -37.5292 ], [ 144.7717, -37.5299 ], [ 144.7733, -37.5303 ], [ 144.7764, -37.5298 ], [ 144.7769, -37.5303 ], [ 144.7764, -37.5329 ], [ 144.7755, -37.5344 ], [ 144.7771, -37.5355 ], [ 144.7771, -37.536 ], [ 144.7765, -37.5365 ], [ 144.7757, -37.5364 ], [ 144.7756, -37.5367 ], [ 144.7762, -37.5375 ], [ 144.7785, -37.5382 ], [ 144.7786, -37.5385 ], [ 144.7779, -37.5388 ], [ 144.7771, -37.5401 ], [ 144.7762, -37.5405 ], [ 144.7761, -37.5412 ], [ 144.777, -37.5417 ], [ 144.7791, -37.5417 ], [ 144.7793, -37.5419 ], [ 144.7788, -37.5433 ], [ 144.7779, -37.5443 ], [ 144.7768, -37.5448 ], [ 144.7775, -37.5458 ], [ 144.7779, -37.5458 ], [ 144.7782, -37.5465 ], [ 144.777, -37.5468 ], [ 144.7756, -37.5464 ], [ 144.7754, -37.5468 ], [ 144.776, -37.5485 ], [ 144.7766, -37.5487 ], [ 144.7773, -37.5496 ], [ 144.7771, -37.5504 ], [ 144.7758, -37.5512 ], [ 144.7741, -37.5516 ], [ 144.7732, -37.5529 ], [ 144.771, -37.5524 ], [ 144.7702, -37.5531 ], [ 144.7702, -37.5535 ], [ 144.7711, -37.5542 ], [ 144.7704, -37.5553 ], [ 144.7707, -37.557 ], [ 144.7703, -37.558 ], [ 144.7717, -37.558 ], [ 144.7721, -37.5592 ], [ 144.7733, -37.5609 ], [ 144.7732, -37.5619 ], [ 144.7716, -37.5633 ], [ 144.7705, -37.5661 ], [ 144.7706, -37.5663 ], [ 144.772, -37.5663 ], [ 144.7729, -37.566 ], [ 144.7744, -37.5667 ], [ 144.7761, -37.5669 ], [ 144.7769, -37.5675 ], [ 144.7775, -37.5687 ], [ 144.7773, -37.571 ], [ 144.7763, -37.5719 ], [ 144.7754, -37.5721 ], [ 144.7732, -37.5742 ], [ 144.7732, -37.5749 ], [ 144.7746, -37.5754 ], [ 144.7749, -37.5762 ], [ 144.7743, -37.5774 ], [ 144.7727, -37.578 ], [ 144.772, -37.5792 ], [ 144.7728, -37.5799 ], [ 144.7741, -37.5804 ], [ 144.7743, -37.5817 ], [ 144.7735, -37.5825 ], [ 144.7702, -37.584 ], [ 144.7684, -37.584 ], [ 144.7682, -37.5837 ], [ 144.7601, -37.5826 ], [ 144.76, -37.5986 ], [ 144.764, -37.6016 ], [ 144.7696, -37.6066 ], [ 144.7757, -37.6103 ], [ 144.7805, -37.6151 ], [ 144.7797, -37.6171 ], [ 144.7797, -37.6184 ], [ 144.777, -37.621 ], [ 144.7767, -37.6228 ], [ 144.772, -37.6247 ], [ 144.7699, -37.6248 ], [ 144.7689, -37.6242 ], [ 144.7701, -37.6231 ], [ 144.7706, -37.6219 ], [ 144.77, -37.6212 ], [ 144.7676, -37.6222 ], [ 144.7638, -37.6228 ], [ 144.7629, -37.6226 ], [ 144.7614, -37.6217 ], [ 144.7591, -37.6194 ], [ 144.7577, -37.6187 ], [ 144.7564, -37.6189 ], [ 144.7554, -37.621 ], [ 144.7549, -37.6214 ], [ 144.7516, -37.6214 ], [ 144.7514, -37.6208 ], [ 144.7519, -37.6183 ], [ 144.7517, -37.6168 ], [ 144.7485, -37.6187 ], [ 144.7095, -37.6142 ], [ 144.7038, -37.6081 ], [ 144.6958, -37.5984 ], [ 144.6951, -37.5981 ], [ 144.6879, -37.5887 ], [ 144.6838, -37.5821 ], [ 144.6742, -37.5699 ], [ 144.6674, -37.5622 ], [ 144.663, -37.5579 ], [ 144.6595, -37.5558 ], [ 144.6567, -37.5533 ], [ 144.6486, -37.5429 ], [ 144.6463, -37.5411 ], [ 144.6419, -37.5386 ], [ 144.6325, -37.5298 ] ] ] } },
{ "type": "Feature", "properties": { "loc_pid": "loc61addd636cfb", "suburb": "Sunshine", "join_key": "SUNSHINE" }, "geometry": { "type": "Polygon", "coordinates": [ [ [ 144.8153, -37.7851 ], [ 144.8153, -37.7841 ], [ 144.8273, -37.7854 ], [ 144.8279, -37.7818 ], [ 144.8239, -37.7765 ], [ 144.8472, -37.7791 ], [ 144.8448, -37.7936 ], [ 144.8444, -37.7938 ], [ 144.8444, -37.7944 ], [ 144.8438, -37.7952 ], [ 144.8423, -37.7957 ], [ 144.8418, -37.7963 ], [ 144.842, -37.797 ], [ 144.8425, -37.7973 ], [ 144.8392, -37.7969 ], [ 144.8437, -37.8029 ], [ 144.8386, -37.8023 ], [ 144.833, -37.8029 ], [ 144.8321, -37.8012 ], [ 144.8305, -37.8013 ], [ 144.8299, -37.8006 ], [ 144.8299, -37.7994 ], [ 144.8312, -37.7993 ], [ 144.8326, -37.7987 ], [ 144.8319, -37.7976 ], [ 144.8308, -37.797 ], [ 144.8296, -37.7975 ], [ 144.8272, -37.7993 ], [ 144.8251, -37.7997 ], [ 144.8224, -37.8014 ], [ 144.8219, -37.8013 ], [ 144.8213, -37.8003 ], [ 144.8214, -37.7998 ], [ 144.8208, -37.7991 ], [ 144.8212, -37.7983 ], [ 144.8217, -37.7982 ], [ 144.8225, -37.7974 ], [ 144.8225, -37.797 ], [ 144.8216, -37.7965 ], [ 144.8216, -37.7959 ], [ 144.823, -37.7947 ], [ 144.8234, -37.7938 ], [ 144.8254, -37.7938 ], [ 144.8261, -37.7934 ], [ 144.8263, -37.7926 ], [ 144.8255, -37.7919 ], [ 144.8254, -37.7913 ], [ 144.8264, -37.7908 ], [ 144.8261, -37.7903 ], [ 144.8263, -37.789 ], [ 144.8244, -37.7861 ], [ 144.8213, -37.7871 ], [ 144.8184, -37.7868 ], [ 144.8176, -37.7864 ], [ 144.8165, -37.7864 ], [ 144.8161, -37.7856 ], [ 144.8153, -37.7851 ] ] ] } },
{ "type": "Feature", "properties": { "loc_pid": "loc37017194a2d7", "suburb": "Sunshine North", "join_key": "SUNSHINE NORTH" }, "geometry": { "type": "Polygon", "coordinates": [ [ [ 144.8161, -37.7661 ], [ 144.8177, -37.7651 ], [ 144.8194, -37.7635 ], [ 144.8206, -37.7618 ], [ 144.8219, -37.7588 ], [ 144.8236, -37.7569 ], [ 144.8343, -37.7491 ], [ 144.8392, -37.7461 ], [ 144.8393, -37.7469 ], [ 144.8403, -37.7475 ], [ 144.8447, -37.7465 ], [ 144.8452, -37.7466 ], [ 144.8452, -37.747 ], [ 144.8467, -37.7479 ], [ 144.8485, -37.7512 ], [ 144.8496, -37.7548 ], [ 144.8494, -37.7564 ], [ 144.8483, -37.7591 ], [ 144.8484, -37.7601 ], [ 144.8494, -37.7612 ], [ 144.8506, -37.7614 ], [ 144.8524, -37.7623 ], [ 144.8539, -37.7624 ], [ 144.8543, -37.7645 ], [ 144.8541, -37.7655 ], [ 144.8532, -37.7669 ], [ 144.8512, -37.7685 ], [ 144.851, -37.7693 ], [ 144.8513, -37.7698 ], [ 144.8506, -37.7734 ], [ 144.8482, -37.7731 ], [ 144.8471, -37.7791 ], [ 144.8239, -37.7765 ], [ 144.8161, -37.7661 ] ] ] } },
{ "type": "Feature", "properties": { "loc_pid": "loc46443686a430", "suburb": "Sunshine West", "join_key": "SUNSHINE WEST" }, "geometry": { "type": "Polygon", "coordinates": [ [ [ 144.7877, -37.7963 ], [ 144.7875, -37.7905 ], [ 144.7884, -37.7869 ], [ 144.7913, -37.7816 ], [ 144.8153, -37.7841 ], [ 144.8153, -37.7851 ], [ 144.8161, -37.7856 ], [ 144.8165, -37.7864 ], [ 144.8176, -37.7864 ], [ 144.8184, -37.7868 ], [ 144.8205, -37.7871 ], [ 144.8223, -37.7869 ], [ 144.8235, -37.7862 ], [ 144.8244, -37.7861 ], [ 144.8263, -37.789 ], [ 144.8261, -37.7903 ], [ 144.8264, -37.7908 ], [ 144.8254, -37.7913 ], [ 144.8255, -37.7919 ], [ 144.8262, -37.7924 ], [ 144.8263, -37.7931 ], [ 144.8254, -37.7938 ], [ 144.8234, -37.7938 ], [ 144.823, -37.7947 ], [ 144.8217, -37.7957 ], [ 144.8216, -37.7965 ], [ 144.8225, -37.797 ], [ 144.8225, -37.7974 ], [ 144.8208, -37.7989 ], [ 144.8214, -37.7998 ], [ 144.8214, -37.8005 ], [ 144.8219, -37.8013 ], [ 144.8224, -37.8014 ], [ 144.8251, -37.7997 ], [ 144.8276, -37.7991 ], [ 144.8296, -37.7975 ], [ 144.8308, -37.797 ], [ 144.8319, -37.7976 ], [ 144.8326, -37.7987 ], [ 144.8312, -37.7993 ], [ 144.8299, -37.7994 ], [ 144.8299, -37.8006 ], [ 144.8305, -37.8013 ], [ 144.8319, -37.8011 ], [ 144.8323, -37.8014 ], [ 144.8328, -37.8027 ], [ 144.8348, -37.8057 ], [ 144.8345, -37.8066 ], [ 144.833, -37.8082 ], [ 144.8314, -37.8093 ], [ 144.8307, -37.8105 ], [ 144.8292, -37.811 ], [ 144.8285, -37.8116 ], [ 144.8281, -37.8135 ], [ 144.8289, -37.8147 ], [ 144.8288, -37.8157 ], [ 144.8282, -37.8163 ], [ 144.8265, -37.8169 ], [ 144.8081, -37.8153 ], [ 144.8075, -37.8055 ], [ 144.8066, -37.8033 ], [ 144.805, -37.8019 ], [ 144.8034, -37.8012 ], [ 144.7943, -37.8002 ], [ 144.7918, -37.7996 ], [ 144.7899, -37.7988 ], [ 144.7884, -37.7975 ], [ 144.7877, -37.7963 ] ] ] } },
{ "type": "Feature", "properties": { "loc_pid": "loc4add9dd25668", "suburb": "Surrey Hills", "join_key": "SURREY HILLS" }, "geometry": { "type": "Polygon", "coordinates": [ [ [ 145.0857, -37.8341 ], [ 145.0869, -37.8273 ], [ 145.0874, -37.8269 ], [ 145.0869, -37.8269 ], [ 145.0873, -37.8267 ], [ 145.0876, -37.8257 ], [ 145.0876, -37.8253 ], [ 145.0867, -37.8252 ], [ 145.0869, -37.8243 ], [ 145.0865, -37.8243 ], [ 145.0871, -37.8227 ], [ 145.0866, -37.8224 ], [ 145.0867, -37.8215 ], [ 145.0873, -37.8216 ], [ 145.0871, -37.8211 ], [ 145.0875, -37.8205 ], [ 145.0875, -37.8202 ], [ 145.0871, -37.8201 ], [ 145.0874, -37.8193 ], [ 145.0864, -37.819 ], [ 145.0865, -37.8186 ], [ 145.0871, -37.8184 ], [ 145.0872, -37.8174 ], [ 145.0879, -37.8169 ], [ 145.0884, -37.8142 ], [ 145.0878, -37.8141 ], [ 145.0878, -37.8137 ], [ 145.0899, -37.8138 ], [ 145.0902, -37.8132 ], [ 145.0898, -37.8132 ], [ 145.0899, -37.813 ], [ 145.0909, -37.8133 ], [ 145.0908, -37.8137 ], [ 145.0919, -37.8134 ], [ 145.0919, -37.813 ], [ 145.0923, -37.8129 ], [ 145.092, -37.8135 ], [ 145.0932, -37.8139 ], [ 145.0936, -37.8136 ], [ 145.0962, -37.8142 ], [ 145.1022, -37.8148 ], [ 145.1021, -37.8153 ], [ 145.1017, -37.8153 ], [ 145.1001, -37.8239 ], [ 145.1018, -37.8233 ], [ 145.1042, -37.8233 ], [ 145.1061, -37.8241 ], [ 145.1135, -37.8249 ], [ 145.1114, -37.8375 ], [ 145.1111, -37.8377 ], [ 145.0983, -37.836 ], [ 145.0982, -37.8363 ], [ 145.0976, -37.8362 ], [ 145.0972, -37.8365 ], [ 145.0949, -37.8363 ], [ 145.0938, -37.8361 ], [ 145.0938, -37.8356 ], [ 145.0929, -37.8357 ], [ 145.0918, -37.8352 ], [ 145.0917, -37.8347 ], [ 145.091, -37.8347 ], [ 145.091, -37.8349 ], [ 145.0892, -37.8344 ], [ 145.0877, -37.8343 ], [ 145.0875, -37.8345 ], [ 145.0875, -37.8343 ], [ 145.0857, -37.8341 ] ] ] } },
{ "type": "Feature", "properties": { "loc_pid": "loc4b34c45998d4", "suburb": "Sydenham", "join_key": "SYDENHAM" }, "geometry": { "type": "Polygon", "coordinates": [ [ [ 144.7554, -37.6989 ], [ 144.7583, -37.681 ], [ 144.7821, -37.7112 ], [ 144.7606, -37.7088 ], [ 144.7609, -37.7067 ], [ 144.7563, -37.7062 ], [ 144.7564, -37.7033 ], [ 144.7554, -37.6989 ] ] ] } },
{ "type": "Feature", "properties": { "loc_pid": "loc819a06b032e3", "suburb": "Tarneit", "join_key": "TARNEIT" }, "geometry": { "type": "Polygon", "coordinates": [ [ [ 144.6147, -37.8421 ], [ 144.6179, -37.8259 ], [ 144.654, -37.8298 ], [ 144.6595, -37.8009 ], [ 144.7049, -37.806 ], [ 144.7085, -37.8068 ], [ 144.7092, -37.808 ], [ 144.71, -37.8084 ], [ 144.7109, -37.8093 ], [ 144.7109, -37.8099 ], [ 144.7118, -37.8105 ], [ 144.7122, -37.8118 ], [ 144.7104, -37.813 ], [ 144.7095, -37.8128 ], [ 144.7088, -37.8131 ], [ 144.707, -37.8156 ], [ 144.7062, -37.8162 ], [ 144.706, -37.8168 ], [ 144.7066, -37.8193 ], [ 144.7056, -37.8193 ], [ 144.7046, -37.8199 ], [ 144.7046, -37.8219 ], [ 144.7053, -37.8236 ], [ 144.7045, -37.825 ], [ 144.7032, -37.826 ], [ 144.7028, -37.8268 ], [ 144.705, -37.8286 ], [ 144.7045, -37.8289 ], [ 144.7039, -37.8331 ], [ 144.7028, -37.8343 ], [ 144.7027, -37.8353 ], [ 144.7042, -37.8379 ], [ 144.7046, -37.8398 ], [ 144.7051, -37.8402 ], [ 144.7061, -37.8401 ], [ 144.707, -37.8407 ], [ 144.7069, -37.8415 ], [ 144.7057, -37.843 ], [ 144.7061, -37.8445 ], [ 144.7068, -37.845 ], [ 144.7104, -37.845 ], [ 144.7114, -37.8447 ], [ 144.7136, -37.8465 ], [ 144.714, -37.8477 ], [ 144.7132, -37.8487 ], [ 144.7133, -37.8513 ], [ 144.6694, -37.8464 ], [ 144.6651, -37.8717 ], [ 144.6509, -37.8704 ], [ 144.6537, -37.869 ], [ 144.6538, -37.8682 ], [ 144.6534, -37.8674 ], [ 144.6518, -37.8675 ], [ 144.6482, -37.8704 ], [ 144.6467, -37.8704 ], [ 144.6463, -37.8702 ], [ 144.6463, -37.8697 ], [ 144.6471, -37.8678 ], [ 144.647, -37.8665 ], [ 144.6467, -37.8663 ], [ 144.6433, -37.8667 ], [ 144.6397, -37.8656 ], [ 144.6383, -37.8656 ], [ 144.6366, -37.8677 ], [ 144.635, -37.8676 ], [ 144.6331, -37.8639 ], [ 144.6318, -37.8635 ], [ 144.6297, -37.8613 ], [ 144.6284, -37.8611 ], [ 144.627, -37.8615 ], [ 144.625, -37.861 ], [ 144.6246, -37.8604 ], [ 144.6237, -37.8604 ], [ 144.6232, -37.86 ], [ 144.6224, -37.8581 ], [ 144.6234, -37.858 ], [ 144.625, -37.8572 ], [ 144.6245, -37.8566 ], [ 144.625, -37.8563 ], [ 144.625, -37.8556 ], [ 144.6243, -37.8556 ], [ 144.6238, -37.8552 ], [ 144.6241, -37.8544 ], [ 144.6238, -37.853 ], [ 144.6233, -37.8522 ], [ 144.6215, -37.8513 ], [ 144.6202, -37.852 ], [ 144.6195, -37.852 ], [ 144.6188, -37.8515 ], [ 144.6185, -37.849 ], [ 144.6169, -37.8472 ], [ 144.617, -37.8459 ], [ 144.6166, -37.8455 ], [ 144.6174, -37.8452 ], [ 144.6178, -37.8446 ], [ 144.6179, -37.8434 ], [ 144.6147, -37.8421 ] ] ] } },
{ "type": "Feature", "properties": { "loc_pid": "locc91f4a31a1bc", "suburb": "Taylors Hill", "join_key": "TAYLORS HILL" }, "geometry": { "type": "Polygon", "coordinates": [ [ [ 144.7385, -37.7224 ], [ 144.7419, -37.7044 ], [ 144.7609, -37.7067 ], [ 144.7606, -37.7088 ], [ 144.7681, -37.7096 ], [ 144.7641, -37.7253 ], [ 144.7497, -37.7239 ], [ 144.7385, -37.7224 ] ] ] } },
{ "type": "Feature", "properties": { "loc_pid": "locf065e41cfac9", "suburb": "Taylors Lakes", "join_key": "TAYLORS LAKES" }, "geometry": { "type": "Polygon", "coordinates": [ [ [ 144.765, -37.6895 ], [ 144.7752, -37.679 ], [ 144.7976, -37.6929 ], [ 144.7929, -37.6977 ], [ 144.7911, -37.6986 ], [ 144.7909, -37.6995 ], [ 144.8019, -37.7019 ], [ 144.8016, -37.7041 ], [ 144.8061, -37.7038 ], [ 144.8076, -37.7047 ], [ 144.8079, -37.7055 ], [ 144.8089, -37.7063 ], [ 144.8096, -37.7064 ], [ 144.8106, -37.708 ], [ 144.8116, -37.7087 ], [ 144.8104, -37.7117 ], [ 144.8107, -37.7132 ], [ 144.8123, -37.7143 ], [ 144.8038, -37.7133 ], [ 144.7841, -37.7116 ], [ 144.7821, -37.7112 ], [ 144.765, -37.6895 ] ] ] } },
{ "type": "Feature", "properties": { "loc_pid": "loc438dbf96a52e", "suburb": "Tecoma", "join_key": "TECOMA" }, "geometry": { "type": "Polygon", "coordinates": [ [ [ 145.3318, -37.9238 ], [ 145.3318, -37.9234 ], [ 145.3351, -37.9205 ], [ 145.3363, -37.9197 ], [ 145.3374, -37.9195 ], [ 145.337, -37.9183 ], [ 145.3378, -37.9176 ], [ 145.3379, -37.917 ], [ 145.3395, -37.9159 ], [ 145.3393, -37.9158 ], [ 145.3405, -37.9136 ], [ 145.3408, -37.9103 ], [ 145.3405, -37.9084 ], [ 145.3396, -37.9083 ], [ 145.3395, -37.9072 ], [ 145.3378, -37.9064 ], [ 145.3378, -37.9061 ], [ 145.3389, -37.9053 ], [ 145.3386, -37.9044 ], [ 145.3392, -37.9041 ], [ 145.3389, -37.9037 ], [ 145.3391, -37.9034 ], [ 145.3415, -37.9025 ], [ 145.3427, -37.8993 ], [ 145.3417, -37.899 ], [ 145.3415, -37.8986 ], [ 145.342, -37.8984 ], [ 145.342, -37.8974 ], [ 145.3415, -37.8973 ], [ 145.3421, -37.8953 ], [ 145.3426, -37.8954 ], [ 145.3428, -37.895 ], [ 145.3439, -37.8952 ], [ 145.3428, -37.8902 ], [ 145.3455, -37.8898 ], [ 145.3471, -37.8942 ], [ 145.3506, -37.896 ], [ 145.3513, -37.8983 ], [ 145.3518, -37.902 ], [ 145.3494, -37.9014 ], [ 145.3487, -37.9035 ], [ 145.3499, -37.9037 ], [ 145.3485, -37.9076 ], [ 145.3476, -37.9074 ], [ 145.3474, -37.909 ], [ 145.3469, -37.9087 ], [ 145.3456, -37.91 ], [ 145.3431, -37.9111 ], [ 145.3427, -37.9121 ], [ 145.3429, -37.9126 ], [ 145.3434, -37.9128 ], [ 145.3432, -37.9138 ], [ 145.3427, -37.914 ], [ 145.34, -37.9172 ], [ 145.3417, -37.9185 ], [ 145.3407, -37.9189 ], [ 145.34, -37.9186 ], [ 145.3394, -37.9194 ], [ 145.339, -37.9192 ], [ 145.3388, -37.9194 ], [ 145.3392, -37.9201 ], [ 145.3385, -37.9209 ], [ 145.3375, -37.9208 ], [ 145.3365, -37.9213 ], [ 145.3367, -37.9224 ], [ 145.3363, -37.9225 ], [ 145.3365, -37.9229 ], [ 145.3361, -37.923 ], [ 145.3358, -37.9238 ], [ 145.3352, -37.9237 ], [ 145.3351, -37.9239 ], [ 145.3347, -37.9235 ], [ 145.3345, -37.9239 ], [ 145.3341, -37.9236 ], [ 145.3335, -37.9238 ], [ 145.3332, -37.9235 ], [ 145.3318, -37.9238 ] ] ] } },
{ "type": "Feature", "properties": { "loc_pid": "loc406d1f7b5fe3", "suburb": "Templestowe", "join_key": "TEMPLESTOWE" }, "geometry": { "type": "Polygon", "coordinates": [ [ [ 145.1175, -37.7527 ], [ 145.1195, -37.7522 ], [ 145.1209, -37.7524 ], [ 145.1214, -37.7522 ], [ 145.1219, -37.7515 ], [ 145.1219, -37.75 ], [ 145.1228, -37.7492 ], [ 145.1241, -37.7506 ], [ 145.1256, -37.7512 ], [ 145.1261, -37.7511 ], [ 145.1253, -37.7494 ], [ 145.1231, -37.7475 ], [ 145.1225, -37.7475 ], [ 145.1211, -37.7486 ], [ 145.1202, -37.7478 ], [ 145.1199, -37.7448 ], [ 145.1218, -37.7412 ], [ 145.123, -37.7404 ], [ 145.1261, -37.7403 ], [ 145.1313, -37.7424 ], [ 145.1333, -37.7428 ], [ 145.1339, -37.7425 ], [ 145.135, -37.7411 ], [ 145.1367, -37.7404 ], [ 145.1376, -37.7384 ], [ 145.1386, -37.7383 ], [ 145.1417, -37.7389 ], [ 145.1451, -37.7387 ], [ 145.1484, -37.7372 ], [ 145.1491, -37.7376 ], [ 145.1493, -37.7383 ], [ 145.1501, -37.7384 ], [ 145.151, -37.7364 ], [ 145.1518, -37.7356 ], [ 145.1537, -37.7342 ], [ 145.1549, -37.734 ], [ 145.1558, -37.7341 ], [ 145.1612, -37.7375 ], [ 145.1622, -37.7378 ], [ 145.1628, -37.7374 ], [ 145.1644, -37.7345 ], [ 145.1652, -37.7342 ], [ 145.17, -37.735 ], [ 145.1707, -37.7347 ], [ 145.1743, -37.7352 ], [ 145.1757, -37.7349 ], [ 145.1763, -37.7351 ], [ 145.1767, -37.7357 ], [ 145.1768, -37.7381 ], [ 145.177, -37.7384 ], [ 145.1777, -37.7384 ], [ 145.1777, -37.7389 ], [ 145.1755, -37.75 ], [ 145.1691, -37.7492 ], [ 145.1644, -37.7752 ], [ 145.1462, -37.7731 ], [ 145.1451, -37.7786 ], [ 145.1436, -37.7778 ], [ 145.1434, -37.7773 ], [ 145.1403, -37.7772 ], [ 145.1395, -37.7768 ], [ 145.1368, -37.774 ], [ 145.1354, -37.7733 ], [ 145.1353, -37.7712 ], [ 145.1359, -37.77 ], [ 145.1332, -37.7685 ], [ 145.1324, -37.7674 ], [ 145.1316, -37.7674 ], [ 145.1283, -37.7662 ], [ 145.1282, -37.765 ], [ 145.1268, -37.7631 ], [ 145.1266, -37.7616 ], [ 145.125, -37.7604 ], [ 145.1247, -37.7583 ], [ 145.1237, -37.7583 ], [ 145.1224, -37.7569 ], [ 145.1218, -37.7567 ], [ 145.122, -37.7563 ], [ 145.121, -37.7564 ], [ 145.1194, -37.7555 ], [ 145.1194, -37.7547 ], [ 145.1178, -37.7542 ], [ 145.1183, -37.7534 ], [ 145.1175, -37.7527 ] ] ] } },
{ "type": "Feature", "properties": { "loc_pid": "loc5d01e4efc615", "suburb": "Templestowe Lower", "join_key": "TEMPLESTOWE LOWER" }, "geometry": { "type": "Polygon", "coordinates": [ [ [ 145.0928, -37.7579 ], [ 145.0938, -37.7524 ], [ 145.0952, -37.7506 ], [ 145.0954, -37.7496 ], [ 145.0959, -37.7491 ], [ 145.0983, -37.749 ], [ 145.1015, -37.7523 ], [ 145.1043, -37.7538 ], [ 145.1086, -37.7553 ], [ 145.11, -37.7555 ], [ 145.1115, -37.7551 ], [ 145.1131, -37.7552 ], [ 145.1147, -37.7533 ], [ 145.1177, -37.7528 ], [ 145.1183, -37.7534 ], [ 145.1178, -37.7542 ], [ 145.1194, -37.7547 ], [ 145.1194, -37.7555 ], [ 145.121, -37.7564 ], [ 145.122, -37.7563 ], [ 145.1218, -37.7567 ], [ 145.1224, -37.7569 ], [ 145.1237, -37.7583 ], [ 145.1247, -37.7583 ], [ 145.125, -37.7604 ], [ 145.1266, -37.7616 ], [ 145.127, -37.7636 ], [ 145.1282, -37.765 ], [ 145.1282, -37.7661 ], [ 145.129, -37.7666 ], [ 145.1304, -37.7668 ], [ 145.1315, -37.7673 ], [ 145.1232, -37.7796 ], [ 145.1211, -37.7781 ], [ 145.1212, -37.7774 ], [ 145.1207, -37.7773 ], [ 145.1208, -37.7769 ], [ 145.1203, -37.7768 ], [ 145.1203, -37.777 ], [ 145.1195, -37.7765 ], [ 145.1198, -37.7739 ], [ 145.1178, -37.7737 ], [ 145.1175, -37.7753 ], [ 145.1165, -37.7749 ], [ 145.1166, -37.7744 ], [ 145.1162, -37.7751 ], [ 145.1143, -37.7739 ], [ 145.1142, -37.7742 ], [ 145.1136, -37.7742 ], [ 145.1047, -37.7729 ], [ 145.1047, -37.7724 ], [ 145.1018, -37.772 ], [ 145.0991, -37.7705 ], [ 145.1004, -37.7695 ], [ 145.1, -37.7694 ], [ 145.1012, -37.763 ], [ 145.0982, -37.7622 ], [ 145.0983, -37.7618 ], [ 145.0971, -37.7609 ], [ 145.0971, -37.7604 ], [ 145.0954, -37.7595 ], [ 145.0955, -37.759 ], [ 145.0933, -37.7584 ], [ 145.0934, -37.758 ], [ 145.0928, -37.7579 ] ] ] } },
{ "type": "Feature", "properties": { "loc_pid": "loce47e16b2ae23", "suburb": "The Basin", "join_key": "THE BASIN" }, "geometry": { "type": "Polygon", "coordinates": [ [ [ 145.2989, -37.8529 ], [ 145.2992, -37.8522 ], [ 145.2994, -37.8524 ], [ 145.3015, -37.8516 ], [ 145.3015, -37.8513 ], [ 145.3022, -37.8511 ], [ 145.302, -37.8508 ], [ 145.3027, -37.8509 ], [ 145.3035, -37.8505 ], [ 145.3048, -37.8504 ], [ 145.3064, -37.8497 ], [ 145.307, -37.85 ], [ 145.3178, -37.8449 ], [ 145.3202, -37.8449 ], [ 145.323, -37.8462 ], [ 145.3328, -37.8474 ], [ 145.3321, -37.851 ], [ 145.3352, -37.8514 ], [ 145.3362, -37.851 ], [ 145.3385, -37.8524 ], [ 145.3348, -37.8567 ], [ 145.333, -37.8575 ], [ 145.3339, -37.8578 ], [ 145.3267, -37.8665 ], [ 145.3265, -37.8666 ], [ 145.3265, -37.866 ], [ 145.3246, -37.8658 ], [ 145.3242, -37.8671 ], [ 145.3245, -37.8658 ], [ 145.3215, -37.8654 ], [ 145.3213, -37.8657 ], [ 145.3188, -37.8656 ], [ 145.3183, -37.8654 ], [ 145.3185, -37.8651 ], [ 145.3167, -37.8648 ], [ 145.3168, -37.8629 ], [ 145.3164, -37.8628 ], [ 145.3135, -37.8634 ], [ 145.3137, -37.8645 ], [ 145.3059, -37.8635 ], [ 145.3061, -37.8629 ], [ 145.3069, -37.8627 ], [ 145.3071, -37.8614 ], [ 145.3074, -37.8614 ], [ 145.3067, -37.8606 ], [ 145.3059, -37.8612 ], [ 145.3059, -37.861 ], [ 145.3039, -37.8609 ], [ 145.3033, -37.8603 ], [ 145.304, -37.8596 ], [ 145.305, -37.8594 ], [ 145.3052, -37.8591 ], [ 145.2989, -37.8529 ] ] ] } },
{ "type": "Feature", "properties": { "loc_pid": "loc8f565e81c655", "suburb": "Thomastown", "join_key": "THOMASTOWN" }, "geometry": { "type": "Polygon", "coordinates": [ [ [ 144.9706, -37.688 ], [ 144.9714, -37.6865 ], [ 144.9713, -37.6842 ], [ 144.9728, -37.6826 ], [ 144.9724, -37.6812 ], [ 144.9733, -37.6807 ], [ 144.9738, -37.6809 ], [ 144.9745, -37.6803 ], [ 144.9737, -37.6799 ], [ 144.9741, -37.6789 ], [ 144.9722, -37.6773 ], [ 144.9723, -37.6771 ], [ 144.9746, -37.676 ], [ 144.9759, -37.676 ], [ 144.9761, -37.6766 ], [ 144.9769, -37.677 ], [ 144.9778, -37.6767 ], [ 144.9776, -37.6761 ], [ 144.977, -37.6759 ], [ 144.9764, -37.6749 ], [ 144.9749, -37.6739 ], [ 144.975, -37.6735 ], [ 144.9763, -37.6727 ], [ 144.9764, -37.6721 ], [ 144.9758, -37.6716 ], [ 144.9743, -37.6717 ], [ 144.9739, -37.6714 ], [ 144.974, -37.6691 ], [ 144.9743, -37.6691 ], [ 144.9747, -37.67 ], [ 144.976, -37.6706 ], [ 144.9776, -37.6695 ], [ 144.9863, -37.6706 ], [ 144.9864, -37.6701 ], [ 144.997, -37.6712 ], [ 144.999, -37.6717 ], [ 145.0015, -37.6718 ], [ 145.0012, -37.6723 ], [ 145.0017, -37.6725 ], [ 145.0025, -37.6716 ], [ 145.0097, -37.6723 ], [ 145.0095, -37.6727 ], [ 145.0105, -37.6728 ], [ 145.0105, -37.673 ], [ 145.0146, -37.6733 ], [ 145.0147, -37.6729 ], [ 145.0155, -37.673 ], [ 145.0152, -37.6748 ], [ 145.0298, -37.6765 ], [ 145.03, -37.6755 ], [ 145.0307, -37.6756 ], [ 145.0308, -37.675 ], [ 145.0314, -37.675 ], [ 145.0313, -37.6754 ], [ 145.0324, -37.6755 ], [ 145.0326, -37.6752 ], [ 145.0333, -37.6752 ], [ 145.0363, -37.6755 ], [ 145.0368, -37.6756 ], [ 145.0367, -37.676 ], [ 145.0376, -37.6761 ], [ 145.0382, -37.6761 ], [ 145.0383, -37.6757 ], [ 145.0391, -37.6758 ], [ 145.0391, -37.6762 ], [ 145.0405, -37.6764 ], [ 145.042, -37.6772 ], [ 145.0425, -37.6778 ], [ 145.0418, -37.6782 ], [ 145.0417, -37.6787 ], [ 145.0423, -37.6801 ], [ 145.0417, -37.6809 ], [ 145.0415, -37.6829 ], [ 145.0402, -37.684 ], [ 145.0418, -37.6851 ], [ 145.0419, -37.6862 ], [ 145.0424, -37.6869 ], [ 145.0429, -37.6871 ], [ 145.0435, -37.6867 ], [ 145.0438, -37.6853 ], [ 145.0453, -37.6862 ], [ 145.0455, -37.6854 ], [ 145.046, -37.685 ], [ 145.0478, -37.6851 ], [ 145.0486, -37.6843 ], [ 145.0501, -37.6843 ], [ 145.0504, -37.6847 ], [ 145.051, -37.6847 ], [ 145.0519, -37.6853 ], [ 145.0516, -37.6855 ], [ 145.0516, -37.6873 ], [ 145.0504, -37.6875 ], [ 145.0499, -37.6882 ], [ 145.0473, -37.688 ], [ 145.0471, -37.6891 ], [ 145.0436, -37.6903 ], [ 145.0431, -37.6908 ], [ 145.0411, -37.6952 ], [ 145.0348, -37.6964 ], [ 145.0325, -37.6973 ], [ 145.0052, -37.6942 ], [ 144.9721, -37.691 ], [ 144.9734, -37.6902 ], [ 144.9736, -37.6892 ], [ 144.973, -37.6887 ], [ 144.9713, -37.6888 ], [ 144.9706, -37.688 ] ] ] } },
{ "type": "Feature", "properties": { "loc_pid": "loc82b861dfb765", "suburb": "Thornbury", "join_key": "THORNBURY" }, "geometry": { "type": "Polygon", "coordinates": [ [ [ 144.9792, -37.7543 ], [ 144.98, -37.753 ], [ 144.9805, -37.753 ], [ 144.9818, -37.7522 ], [ 144.9808, -37.7503 ], [ 145.0064, -37.7528 ], [ 145.0314, -37.7557 ], [ 145.0322, -37.7563 ], [ 145.0323, -37.7569 ], [ 145.0312, -37.7575 ], [ 145.0305, -37.7575 ], [ 145.0302, -37.7571 ], [ 145.0291, -37.7577 ], [ 145.0292, -37.7588 ], [ 145.03, -37.7602 ], [ 145.0286, -37.7612 ], [ 145.0279, -37.7624 ], [ 145.0278, -37.7636 ], [ 145.0279, -37.7641 ], [ 145.0304, -37.7647 ], [ 145.031, -37.7655 ], [ 145.0312, -37.7666 ], [ 144.9998, -37.7633 ], [ 144.9999, -37.7627 ], [ 144.9964, -37.7622 ], [ 144.9963, -37.7628 ], [ 144.9933, -37.7625 ], [ 144.9935, -37.7619 ], [ 144.9921, -37.762 ], [ 144.9921, -37.7616 ], [ 144.9914, -37.7615 ], [ 144.9879, -37.7611 ], [ 144.9878, -37.7615 ], [ 144.987, -37.7613 ], [ 144.9867, -37.7609 ], [ 144.9857, -37.7608 ], [ 144.9859, -37.7596 ], [ 144.9808, -37.7589 ], [ 144.9802, -37.758 ], [ 144.9795, -37.7551 ], [ 144.9797, -37.7547 ], [ 144.9792, -37.7543 ] ] ] } },
{ "type": "Feature", "properties": { "loc_pid": "loc08859c84b2aa", "suburb": "Thornhill Park", "join_key": "THORNHILL PARK" }, "geometry": { "type": "Polygon", "coordinates": [ [ [ 144.6123, -37.7517 ], [ 144.6202, -37.7078 ], [ 144.621, -37.7024 ], [ 144.6371, -37.7139 ], [ 144.6332, -37.739 ], [ 144.6319, -37.7455 ], [ 144.6307, -37.7455 ], [ 144.6295, -37.7539 ], [ 144.6123, -37.7517 ] ] ] } },
{ "type": "Feature", "properties": { "loc_pid": "locfd2b1f4a0ddc", "suburb": "Toolern Vale", "join_key": "TOOLERN VALE" }, "geometry": { "type": "Polygon", "coordinates": [ [ [ 144.5193, -37.628 ], [ 144.5197, -37.6274 ], [ 144.5219, -37.6262 ], [ 144.523, -37.6243 ], [ 144.5229, -37.6227 ], [ 144.5233, -37.6225 ], [ 144.5241, -37.6229 ], [ 144.5243, -37.6218 ], [ 144.5258, -37.6206 ], [ 144.5274, -37.6181 ], [ 144.5265, -37.6171 ], [ 144.5265, -37.6166 ], [ 144.5277, -37.6159 ], [ 144.5278, -37.6153 ], [ 144.5279, -37.6141 ], [ 144.5269, -37.6143 ], [ 144.5259, -37.6124 ], [ 144.5258, -37.6117 ], [ 144.5262, -37.6109 ], [ 144.5239, -37.6096 ], [ 144.5256, -37.6081 ], [ 144.5236, -37.6076 ], [ 144.5245, -37.6059 ], [ 144.523, -37.6057 ], [ 144.5225, -37.6052 ], [ 144.5226, -37.6045 ], [ 144.5233, -37.6029 ], [ 144.5246, -37.603 ], [ 144.5258, -37.6009 ], [ 144.5271, -37.602 ], [ 144.5283, -37.6019 ], [ 144.5284, -37.6013 ], [ 144.5274, -37.5997 ], [ 144.5283, -37.599 ], [ 144.5275, -37.5983 ], [ 144.5288, -37.5974 ], [ 144.5298, -37.5951 ], [ 144.5301, -37.5949 ], [ 144.5308, -37.5955 ], [ 144.532, -37.5949 ], [ 144.5326, -37.5942 ], [ 144.5342, -37.5916 ], [ 144.5341, -37.5912 ], [ 144.5336, -37.591 ], [ 144.5334, -37.5902 ], [ 144.5343, -37.5906 ], [ 144.5349, -37.5905 ], [ 144.5364, -37.5894 ], [ 144.5361, -37.5882 ], [ 144.5343, -37.5884 ], [ 144.5388, -37.5836 ], [ 144.5385, -37.5823 ], [ 144.5387, -37.5812 ], [ 144.538, -37.5787 ], [ 144.5388, -37.5777 ], [ 144.5388, -37.5772 ], [ 144.538, -37.5767 ], [ 144.538, -37.5761 ], [ 144.5394, -37.575 ], [ 144.5391, -37.5744 ], [ 144.5397, -37.5743 ], [ 144.5408, -37.5748 ], [ 144.5415, -37.574 ], [ 144.5425, -37.5742 ], [ 144.5427, -37.5732 ], [ 144.5437, -37.5721 ], [ 144.5444, -37.5721 ], [ 144.5451, -37.5712 ], [ 144.545, -37.5697 ], [ 144.5454, -37.5694 ], [ 144.5462, -37.5697 ], [ 144.547, -37.5682 ], [ 144.547, -37.5673 ], [ 144.5479, -37.5673 ], [ 144.5479, -37.5661 ], [ 144.549, -37.566 ], [ 144.5485, -37.5653 ], [ 144.5486, -37.5648 ], [ 144.5498, -37.5639 ], [ 144.5509, -37.5637 ], [ 144.5509, -37.5621 ], [ 144.5514, -37.5612 ], [ 144.5521, -37.5611 ], [ 144.5531, -37.5615 ], [ 144.5537, -37.5607 ], [ 144.556, -37.5597 ], [ 144.5563, -37.559 ], [ 144.5558, -37.5578 ], [ 144.556, -37.5563 ], [ 144.5565, -37.5563 ], [ 144.5568, -37.5567 ], [ 144.5576, -37.5563 ], [ 144.5586, -37.5563 ], [ 144.5585, -37.5557 ], [ 144.5594, -37.5556 ], [ 144.5602, -37.5539 ], [ 144.5612, -37.5533 ], [ 144.5612, -37.5523 ], [ 144.5729, -37.5538 ], [ 144.5745, -37.5484 ], [ 144.5737, -37.5443 ], [ 144.5887, -37.5461 ], [ 144.5867, -37.5553 ], [ 144.6268, -37.5601 ], [ 144.6262, -37.5628 ], [ 144.6264, -37.5631 ], [ 144.626, -37.5634 ], [ 144.6261, -37.5647 ], [ 144.6255, -37.5652 ], [ 144.6246, -37.5654 ], [ 144.6246, -37.5663 ], [ 144.6235, -37.5682 ], [ 144.6241, -37.5684 ], [ 144.6244, -37.5691 ], [ 144.6246, -37.569 ], [ 144.6243, -37.5707 ], [ 144.6248, -37.571 ], [ 144.6251, -37.5722 ], [ 144.6259, -37.5721 ], [ 144.6257, -37.5727 ], [ 144.6266, -37.574 ], [ 144.6264, -37.5748 ], [ 144.6277, -37.5762 ], [ 144.6287, -37.5759 ], [ 144.6297, -37.5763 ], [ 144.6297, -37.5771 ], [ 144.6303, -37.5774 ], [ 144.6305, -37.578 ], [ 144.6304, -37.5786 ], [ 144.6316, -37.5792 ], [ 144.6317, -37.5809 ], [ 144.6312, -37.5819 ], [ 144.6319, -37.5821 ], [ 144.6316, -37.5824 ], [ 144.6319, -37.5833 ], [ 144.6312, -37.5842 ], [ 144.632, -37.5856 ], [ 144.6318, -37.586 ], [ 144.6308, -37.5864 ], [ 144.6306, -37.5869 ], [ 144.6329, -37.5902 ], [ 144.6336, -37.5904 ], [ 144.6344, -37.5901 ], [ 144.6346, -37.5903 ], [ 144.6348, -37.5907 ], [ 144.6339, -37.5918 ], [ 144.6356, -37.5939 ], [ 144.6363, -37.5955 ], [ 144.6392, -37.5969 ], [ 144.6406, -37.5966 ], [ 144.6404, -37.5983 ], [ 144.6447, -37.6009 ], [ 144.6451, -37.6014 ], [ 144.6451, -37.6035 ], [ 144.6454, -37.604 ], [ 144.648, -37.6058 ], [ 144.6495, -37.6051 ], [ 144.651, -37.605 ], [ 144.6515, -37.6051 ], [ 144.6522, -37.6059 ], [ 144.6518, -37.6071 ], [ 144.6521, -37.6082 ], [ 144.6546, -37.6104 ], [ 144.6541, -37.6116 ], [ 144.6545, -37.6136 ], [ 144.6556, -37.6143 ], [ 144.6566, -37.6145 ], [ 144.6567, -37.6153 ], [ 144.658, -37.6161 ], [ 144.6584, -37.6171 ], [ 144.6583, -37.6185 ], [ 144.6595, -37.6201 ], [ 144.6588, -37.6226 ], [ 144.6591, -37.623 ], [ 144.6605, -37.6234 ], [ 144.66, -37.6248 ], [ 144.6611, -37.6265 ], [ 144.6611, -37.6271 ], [ 144.6601, -37.6286 ], [ 144.6591, -37.6324 ], [ 144.6585, -37.6327 ], [ 144.6573, -37.6327 ], [ 144.6551, -37.634 ], [ 144.6556, -37.6355 ], [ 144.6556, -37.637 ], [ 144.6545, -37.6372 ], [ 144.6545, -37.638 ], [ 144.6559, -37.6384 ], [ 144.6561, -37.6387 ], [ 144.6569, -37.6382 ], [ 144.6576, -37.6383 ], [ 144.6572, -37.6392 ], [ 144.6558, -37.6397 ], [ 144.6561, -37.64 ], [ 144.6561, -37.6414 ], [ 144.6555, -37.6419 ], [ 144.6541, -37.6418 ], [ 144.6529, -37.6424 ], [ 144.6523, -37.6424 ], [ 144.6521, -37.6428 ], [ 144.6517, -37.6427 ], [ 144.6517, -37.6433 ], [ 144.6524, -37.6444 ], [ 144.6514, -37.6445 ], [ 144.6507, -37.6451 ], [ 144.6487, -37.6483 ], [ 144.6481, -37.6481 ], [ 144.6475, -37.647 ], [ 144.645, -37.6477 ], [ 144.644, -37.6484 ], [ 144.6427, -37.648 ], [ 144.6423, -37.6494 ], [ 144.6436, -37.651 ], [ 144.6439, -37.652 ], [ 144.6437, -37.6526 ], [ 144.6085, -37.6485 ], [ 144.6085, -37.6483 ], [ 144.6032, -37.6476 ], [ 144.5849, -37.6454 ], [ 144.5838, -37.6453 ], [ 144.5836, -37.6462 ], [ 144.5758, -37.6452 ], [ 144.5761, -37.643 ], [ 144.573, -37.6338 ], [ 144.5545, -37.6365 ], [ 144.554, -37.6381 ], [ 144.5552, -37.6428 ], [ 144.5379, -37.6406 ], [ 144.5388, -37.6385 ], [ 144.5376, -37.6374 ], [ 144.5195, -37.6353 ], [ 144.5202, -37.6337 ], [ 144.5198, -37.6295 ], [ 144.5216, -37.6295 ], [ 144.5217, -37.6293 ], [ 144.5203, -37.6283 ], [ 144.5193, -37.628 ] ] ] } },
{ "type": "Feature", "properties": { "loc_pid": "loc7e96c43cdd6c", "suburb": "Toorak", "join_key": "TOORAK" }, "geometry": { "type": "Polygon", "coordinates": [ [ [ 145.0032, -37.8481 ], [ 145.0064, -37.8316 ], [ 145.0078, -37.8319 ], [ 145.0092, -37.8336 ], [ 145.0097, -37.8336 ], [ 145.0104, -37.8329 ], [ 145.0108, -37.8314 ], [ 145.0125, -37.8305 ], [ 145.0139, -37.8307 ], [ 145.0166, -37.8322 ], [ 145.0193, -37.8316 ], [ 145.0217, -37.8323 ], [ 145.0229, -37.8342 ], [ 145.0246, -37.8345 ], [ 145.0281, -37.8377 ], [ 145.0308, -37.8378 ], [ 145.0316, -37.8373 ], [ 145.0327, -37.8373 ], [ 145.0323, -37.8397 ], [ 145.0317, -37.8399 ], [ 145.0311, -37.8432 ], [ 145.0315, -37.8434 ], [ 145.0314, -37.8441 ], [ 145.0309, -37.8442 ], [ 145.0309, -37.8446 ], [ 145.0299, -37.8457 ], [ 145.0308, -37.8458 ], [ 145.0307, -37.8467 ], [ 145.0302, -37.8466 ], [ 145.0302, -37.8479 ], [ 145.0299, -37.8482 ], [ 145.0307, -37.8483 ], [ 145.0306, -37.8489 ], [ 145.0298, -37.8488 ], [ 145.0297, -37.849 ], [ 145.0305, -37.8493 ], [ 145.0304, -37.8496 ], [ 145.0299, -37.8496 ], [ 145.0297, -37.8503 ], [ 145.0303, -37.8506 ], [ 145.0302, -37.8508 ], [ 145.0296, -37.8507 ], [ 145.0299, -37.8516 ], [ 145.0032, -37.8481 ] ] ] } },
{ "type": "Feature", "properties": { "loc_pid": "loca529180576a5", "suburb": "Tootgarook", "join_key": "TOOTGAROOK" }, "geometry": { "type": "Polygon", "coordinates": [ [ [ 144.8395, -38.3819 ], [ 144.8415, -38.3797 ], [ 144.8419, -38.3774 ], [ 144.8401, -38.3719 ], [ 144.8399, -38.3697 ], [ 144.8437, -38.3695 ], [ 144.8443, -38.3691 ], [ 144.8456, -38.3693 ], [ 144.8524, -38.3679 ], [ 144.853, -38.3682 ], [ 144.8538, -38.3678 ], [ 144.8554, -38.3678 ], [ 144.8575, -38.3671 ], [ 144.8601, -38.3669 ], [ 144.8634, -38.366 ], [ 144.858, -38.3787 ], [ 144.8578, -38.383 ], [ 144.8566, -38.386 ], [ 144.8565, -38.3878 ], [ 144.8516, -38.3872 ], [ 144.8516, -38.3875 ], [ 144.8498, -38.3881 ], [ 144.8425, -38.3889 ], [ 144.8403, -38.3888 ], [ 144.8404, -38.3875 ], [ 144.84, -38.3872 ], [ 144.84, -38.3866 ], [ 144.8407, -38.3846 ], [ 144.8403, -38.3827 ], [ 144.8395, -38.3819 ] ] ] } },
{ "type": "Feature", "properties": { "loc_pid": "loc4291fa503e5c", "suburb": "Tottenham", "join_key": "TOTTENHAM" }, "geometry": { "type": "Polygon", "coordinates": [ [ [ 144.8392, -37.7969 ], [ 144.8607, -37.7994 ], [ 144.8602, -37.8027 ], [ 144.862, -37.8031 ], [ 144.8608, -37.8102 ], [ 144.8604, -37.8102 ], [ 144.8599, -37.813 ], [ 144.8602, -37.8137 ], [ 144.8559, -37.8149 ], [ 144.8443, -37.8036 ], [ 144.8392, -37.7969 ] ] ] } },
{ "type": "Feature", "properties": { "loc_pid": "locc40c10b3741d", "suburb": "Travancore", "join_key": "TRAVANCORE" }, "geometry": { "type": "Polygon", "coordinates": [ [ [ 144.9299, -37.7778 ], [ 144.9304, -37.7775 ], [ 144.9301, -37.777 ], [ 144.9371, -37.7778 ], [ 144.9389, -37.7814 ], [ 144.9393, -37.7837 ], [ 144.9404, -37.7866 ], [ 144.9402, -37.7869 ], [ 144.9399, -37.787 ], [ 144.9377, -37.7843 ], [ 144.9334, -37.7822 ], [ 144.9299, -37.7778 ] ] ] } },
{ "type": "Feature", "properties": { "loc_pid": "locf0acc5d27c08", "suburb": "Tremont", "join_key": "TREMONT" }, "geometry": { "type": "Polygon", "coordinates": [ [ [ 145.3022, -37.8642 ], [ 145.3038, -37.8634 ], [ 145.3039, -37.8629 ], [ 145.306, -37.8632 ], [ 145.3061, -37.8636 ], [ 145.3137, -37.8645 ], [ 145.3135, -37.8634 ], [ 145.3164, -37.8628 ], [ 145.3168, -37.8629 ], [ 145.3167, -37.8648 ], [ 145.3185, -37.8651 ], [ 145.3183, -37.8654 ], [ 145.3188, -37.8656 ], [ 145.3213, -37.8657 ], [ 145.3215, -37.8654 ], [ 145.3245, -37.8658 ], [ 145.3242, -37.8671 ], [ 145.3246, -37.8658 ], [ 145.3265, -37.866 ], [ 145.3266, -37.8666 ], [ 145.3218, -37.8724 ], [ 145.3206, -37.8724 ], [ 145.3202, -37.875 ], [ 145.3219, -37.8751 ], [ 145.3231, -37.8779 ], [ 145.3256, -37.88 ], [ 145.327, -37.8819 ], [ 145.329, -37.8825 ], [ 145.3305, -37.8838 ], [ 145.3302, -37.8841 ], [ 145.3314, -37.8847 ], [ 145.3309, -37.8853 ], [ 145.3312, -37.8855 ], [ 145.3306, -37.8861 ], [ 145.3312, -37.8862 ], [ 145.3322, -37.889 ], [ 145.3278, -37.8895 ], [ 145.3277, -37.8922 ], [ 145.3283, -37.8938 ], [ 145.3201, -37.8926 ], [ 145.3175, -37.8919 ], [ 145.3159, -37.8926 ], [ 145.3157, -37.8922 ], [ 145.3138, -37.8928 ], [ 145.3119, -37.8927 ], [ 145.3122, -37.8912 ], [ 145.3107, -37.8908 ], [ 145.3098, -37.8901 ], [ 145.3099, -37.8896 ], [ 145.3083, -37.8895 ], [ 145.308, -37.8894 ], [ 145.3081, -37.8887 ], [ 145.3057, -37.8883 ], [ 145.306, -37.8877 ], [ 145.3054, -37.8878 ], [ 145.3055, -37.8874 ], [ 145.3052, -37.8873 ], [ 145.3052, -37.8878 ], [ 145.3045, -37.8877 ], [ 145.3037, -37.8856 ], [ 145.3048, -37.8856 ], [ 145.3049, -37.8845 ], [ 145.304, -37.8844 ], [ 145.3051, -37.8825 ], [ 145.305, -37.882 ], [ 145.3042, -37.8815 ], [ 145.3048, -37.8812 ], [ 145.3062, -37.8812 ], [ 145.3064, -37.8804 ], [ 145.3051, -37.8803 ], [ 145.3053, -37.8792 ], [ 145.3058, -37.8783 ], [ 145.3061, -37.8761 ], [ 145.3078, -37.8763 ], [ 145.3085, -37.871 ], [ 145.3066, -37.8696 ], [ 145.3059, -37.8685 ], [ 145.3053, -37.8683 ], [ 145.3054, -37.8677 ], [ 145.3034, -37.8664 ], [ 145.3022, -37.8642 ] ] ] } },
{ "type": "Feature", "properties": { "loc_pid": "loc7a8cc16cce19", "suburb": "Truganina", "join_key": "TRUGANINA" }, "geometry": { "type": "Polygon", "coordinates": [ [ [ 144.6595, -37.8009 ], [ 144.6633, -37.777 ], [ 144.6678, -37.7447 ], [ 144.669, -37.7448 ], [ 144.671, -37.7348 ], [ 144.6819, -37.7386 ], [ 144.6862, -37.7398 ], [ 144.7037, -37.7466 ], [ 144.7068, -37.7475 ], [ 144.7237, -37.7508 ], [ 144.722, -37.7602 ], [ 144.7211, -37.7598 ], [ 144.7163, -37.7928 ], [ 144.7528, -37.796 ], [ 144.751, -37.8105 ], [ 144.7692, -37.812 ], [ 144.7656, -37.8387 ], [ 144.7611, -37.844 ], [ 144.7465, -37.854 ], [ 144.7312, -37.8527 ], [ 144.7305, -37.8581 ], [ 144.7318, -37.863 ], [ 144.7213, -37.8687 ], [ 144.7204, -37.8684 ], [ 144.7172, -37.8684 ], [ 144.7165, -37.8674 ], [ 144.717, -37.8658 ], [ 144.718, -37.8646 ], [ 144.7211, -37.8634 ], [ 144.7211, -37.8624 ], [ 144.7176, -37.8584 ], [ 144.7169, -37.858 ], [ 144.7153, -37.858 ], [ 144.7148, -37.8576 ], [ 144.7138, -37.8549 ], [ 144.7125, -37.8539 ], [ 144.7119, -37.8529 ], [ 144.7118, -37.8522 ], [ 144.7133, -37.8514 ], [ 144.7132, -37.8487 ], [ 144.714, -37.8477 ], [ 144.7136, -37.8465 ], [ 144.7114, -37.8447 ], [ 144.7104, -37.845 ], [ 144.7068, -37.845 ], [ 144.7061, -37.8445 ], [ 144.7057, -37.843 ], [ 144.7069, -37.8415 ], [ 144.707, -37.8407 ], [ 144.7061, -37.8401 ], [ 144.7051, -37.8402 ], [ 144.7046, -37.8398 ], [ 144.7042, -37.8379 ], [ 144.7027, -37.8353 ], [ 144.7028, -37.8343 ], [ 144.7039, -37.8331 ], [ 144.7045, -37.8289 ], [ 144.705, -37.8286 ], [ 144.7028, -37.8268 ], [ 144.7032, -37.826 ], [ 144.7045, -37.825 ], [ 144.7053, -37.8236 ], [ 144.7046, -37.8219 ], [ 144.7046, -37.8199 ], [ 144.7056, -37.8193 ], [ 144.7066, -37.8193 ], [ 144.706, -37.8166 ], [ 144.7086, -37.8133 ], [ 144.7095, -37.8128 ], [ 144.7104, -37.813 ], [ 144.7122, -37.8118 ], [ 144.7118, -37.8105 ], [ 144.7109, -37.8099 ], [ 144.7109, -37.8093 ], [ 144.7092, -37.808 ], [ 144.7085, -37.8068 ], [ 144.7049, -37.806 ], [ 144.6595, -37.8009 ] ] ] } },
{ "type": "Feature", "properties": { "loc_pid": "loc8fef59c1c585", "suburb": "Tullamarine", "join_key": "TULLAMARINE" }, "geometry": { "type": "Polygon", "coordinates": [ [ [ 144.8474, -37.7111 ], [ 144.848, -37.7048 ], [ 144.8512, -37.7051 ], [ 144.8518, -37.7018 ], [ 144.8566, -37.7034 ], [ 144.8576, -37.7042 ], [ 144.8582, -37.704 ], [ 144.8601, -37.7056 ], [ 144.8615, -37.7061 ], [ 144.8696, -37.707 ], [ 144.8712, -37.6979 ], [ 144.8694, -37.6977 ], [ 144.8686, -37.6922 ], [ 144.8742, -37.6928 ], [ 144.8678, -37.6866 ], [ 144.8699, -37.6854 ], [ 144.8709, -37.6863 ], [ 144.8716, -37.6818 ], [ 144.8813, -37.6896 ], [ 144.8858, -37.6949 ], [ 144.8876, -37.6981 ], [ 144.8908, -37.7101 ], [ 144.8869, -37.7115 ], [ 144.8718, -37.7203 ], [ 144.8679, -37.7238 ], [ 144.8671, -37.723 ], [ 144.8664, -37.7229 ], [ 144.8663, -37.7223 ], [ 144.8656, -37.7229 ], [ 144.8654, -37.7226 ], [ 144.8648, -37.7228 ], [ 144.8643, -37.7225 ], [ 144.8638, -37.7215 ], [ 144.8626, -37.7206 ], [ 144.8627, -37.7202 ], [ 144.8618, -37.72 ], [ 144.8609, -37.7189 ], [ 144.8603, -37.7189 ], [ 144.8603, -37.7175 ], [ 144.8607, -37.7171 ], [ 144.8592, -37.7164 ], [ 144.8596, -37.7155 ], [ 144.8589, -37.715 ], [ 144.8594, -37.7124 ], [ 144.8474, -37.7111 ] ] ] } },
{ "type": "Feature", "properties": { "loc_pid": "loc85eb5f11b3d4", "suburb": "Tyabb", "join_key": "TYABB" }, "geometry": { "type": "Polygon", "coordinates": [ [ [ 145.1456, -38.2586 ], [ 145.1483, -38.2473 ], [ 145.1556, -38.2484 ], [ 145.1559, -38.2472 ], [ 145.1696, -38.2493 ], [ 145.1692, -38.251 ], [ 145.1906, -38.2511 ], [ 145.1908, -38.2509 ], [ 145.2047, -38.2527 ], [ 145.2152, -38.2529 ], [ 145.2154, -38.2527 ], [ 145.2337, -38.2527 ], [ 145.2337, -38.255 ], [ 145.2384, -38.255 ], [ 145.2384, -38.2544 ], [ 145.2415, -38.2544 ], [ 145.2439, -38.2567 ], [ 145.2422, -38.2582 ], [ 145.2421, -38.2587 ], [ 145.2403, -38.2604 ], [ 145.2395, -38.2617 ], [ 145.238, -38.2628 ], [ 145.2369, -38.2646 ], [ 145.233, -38.2667 ], [ 145.2319, -38.2681 ], [ 145.2299, -38.2693 ], [ 145.2264, -38.2724 ], [ 145.1898, -38.2723 ], [ 145.1884, -38.2854 ], [ 145.185, -38.2845 ], [ 145.1456, -38.2847 ], [ 145.1456, -38.2586 ] ] ] } },
{ "type": "Feature", "properties": { "loc_pid": "loc645cc36e078e", "suburb": "Upper Ferntree Gully", "join_key": "UPPER FERNTREE GULLY" }, "geometry": { "type": "Polygon", "coordinates": [ [ [ 145.2946, -37.9006 ], [ 145.2956, -37.8994 ], [ 145.2958, -37.8986 ], [ 145.2963, -37.8984 ], [ 145.2964, -37.8977 ], [ 145.3009, -37.8926 ], [ 145.3004, -37.8918 ], [ 145.3014, -37.8913 ], [ 145.3005, -37.8907 ], [ 145.301, -37.8899 ], [ 145.3035, -37.8911 ], [ 145.3041, -37.8902 ], [ 145.3045, -37.8902 ], [ 145.3026, -37.8887 ], [ 145.3026, -37.8882 ], [ 145.3034, -37.8877 ], [ 145.3052, -37.8879 ], [ 145.3052, -37.8873 ], [ 145.3055, -37.8874 ], [ 145.3054, -37.8878 ], [ 145.306, -37.8877 ], [ 145.3057, -37.8883 ], [ 145.3081, -37.8887 ], [ 145.308, -37.8894 ], [ 145.3099, -37.8896 ], [ 145.3098, -37.8901 ], [ 145.3107, -37.8908 ], [ 145.3122, -37.8912 ], [ 145.3119, -37.8927 ], [ 145.3138, -37.8928 ], [ 145.3157, -37.8922 ], [ 145.3159, -37.8926 ], [ 145.3175, -37.8919 ], [ 145.3201, -37.8926 ], [ 145.3273, -37.8937 ], [ 145.3275, -37.8957 ], [ 145.327, -37.8957 ], [ 145.3259, -37.8972 ], [ 145.3257, -37.8969 ], [ 145.3249, -37.8968 ], [ 145.3248, -37.8972 ], [ 145.3242, -37.8976 ], [ 145.3238, -37.8974 ], [ 145.3234, -37.898 ], [ 145.3244, -37.8984 ], [ 145.3243, -37.8994 ], [ 145.3241, -37.9005 ], [ 145.3235, -37.9002 ], [ 145.3228, -37.9014 ], [ 145.3191, -37.9009 ], [ 145.3169, -37.9009 ], [ 145.3169, -37.9014 ], [ 145.3165, -37.9011 ], [ 145.3163, -37.902 ], [ 145.3149, -37.9018 ], [ 145.3148, -37.902 ], [ 145.3138, -37.9019 ], [ 145.3136, -37.9022 ], [ 145.3116, -37.9016 ], [ 145.3112, -37.9021 ], [ 145.3124, -37.9025 ], [ 145.3108, -37.91 ], [ 145.3073, -37.9082 ], [ 145.305, -37.9057 ], [ 145.2955, -37.9051 ], [ 145.2959, -37.9031 ], [ 145.2946, -37.9006 ] ] ] } },
{ "type": "Feature", "properties": { "loc_pid": "loc991c414cb6c9", "suburb": "Upper Plenty", "join_key": "UPPER PLENTY" }, "geometry": { "type": "Polygon", "coordinates": [ [ [ 145.0186, -37.4442 ], [ 145.026, -37.4018 ], [ 145.0263, -37.4016 ], [ 145.0269, -37.3982 ], [ 145.038, -37.3994 ], [ 145.04, -37.3999 ], [ 145.0459, -37.3986 ], [ 145.0468, -37.3973 ], [ 145.0498, -37.395 ], [ 145.0524, -37.3938 ], [ 145.0541, -37.3938 ], [ 145.0549, -37.3935 ], [ 145.057, -37.3905 ], [ 145.0599, -37.3896 ], [ 145.0608, -37.3888 ], [ 145.0618, -37.387 ], [ 145.0641, -37.3875 ], [ 145.0658, -37.3884 ], [ 145.0677, -37.3879 ], [ 145.0681, -37.3869 ], [ 145.0693, -37.3859 ], [ 145.0704, -37.3857 ], [ 145.0718, -37.3847 ], [ 145.0749, -37.3812 ], [ 145.0776, -37.3798 ], [ 145.0787, -37.3802 ], [ 145.0789, -37.3821 ], [ 145.0782, -37.384 ], [ 145.0782, -37.3859 ], [ 145.0772, -37.3877 ], [ 145.0771, -37.389 ], [ 145.0761, -37.3914 ], [ 145.0764, -37.3923 ], [ 145.0753, -37.4 ], [ 145.0842, -37.404 ], [ 145.0836, -37.4047 ], [ 145.0824, -37.4051 ], [ 145.0823, -37.4061 ], [ 145.0818, -37.4061 ], [ 145.0816, -37.4064 ], [ 145.082, -37.4067 ], [ 145.082, -37.4077 ], [ 145.081, -37.4095 ], [ 145.0908, -37.4115 ], [ 145.1013, -37.4141 ], [ 145.096, -37.418 ], [ 145.0951, -37.4195 ], [ 145.0928, -37.4198 ], [ 145.0918, -37.4211 ], [ 145.0874, -37.4232 ], [ 145.0862, -37.424 ], [ 145.0855, -37.425 ], [ 145.0793, -37.4263 ], [ 145.0795, -37.4275 ], [ 145.0788, -37.4285 ], [ 145.0795, -37.4295 ], [ 145.0792, -37.4301 ], [ 145.0794, -37.4314 ], [ 145.0789, -37.4324 ], [ 145.0806, -37.4349 ], [ 145.0824, -37.4354 ], [ 145.0818, -37.4372 ], [ 145.0822, -37.4381 ], [ 145.0813, -37.4388 ], [ 145.0808, -37.4398 ], [ 145.0781, -37.4389 ], [ 145.0758, -37.4386 ], [ 145.0749, -37.4386 ], [ 145.0732, -37.4395 ], [ 145.0714, -37.439 ], [ 145.0678, -37.4386 ], [ 145.0675, -37.4413 ], [ 145.0669, -37.4421 ], [ 145.0683, -37.445 ], [ 145.0679, -37.4461 ], [ 145.0691, -37.4471 ], [ 145.0698, -37.4484 ], [ 145.0716, -37.4491 ], [ 145.073, -37.4507 ], [ 145.0553, -37.4483 ], [ 145.0186, -37.4442 ] ] ] } },
{ "type": "Feature", "properties": { "loc_pid": "loca860484b6389", "suburb": "Upwey", "join_key": "UPWEY" }, "geometry": { "type": "Polygon", "coordinates": [ [ [ 145.3108, -37.91 ], [ 145.3124, -37.9025 ], [ 145.3112, -37.9021 ], [ 145.3116, -37.9016 ], [ 145.3136, -37.9022 ], [ 145.3138, -37.9019 ], [ 145.3148, -37.902 ], [ 145.3149, -37.9018 ], [ 145.3163, -37.902 ], [ 145.3165, -37.9011 ], [ 145.3169, -37.9014 ], [ 145.3169, -37.9009 ], [ 145.3191, -37.9009 ], [ 145.3228, -37.9014 ], [ 145.3235, -37.9002 ], [ 145.3241, -37.9005 ], [ 145.3244, -37.8984 ], [ 145.3234, -37.898 ], [ 145.3238, -37.8974 ], [ 145.3242, -37.8976 ], [ 145.3248, -37.8972 ], [ 145.3249, -37.8968 ], [ 145.3257, -37.8969 ], [ 145.3259, -37.8972 ], [ 145.3269, -37.8958 ], [ 145.3276, -37.8955 ], [ 145.3273, -37.8937 ], [ 145.3283, -37.8938 ], [ 145.3277, -37.8922 ], [ 145.3278, -37.8895 ], [ 145.3321, -37.889 ], [ 145.3328, -37.8899 ], [ 145.3428, -37.8902 ], [ 145.3439, -37.8952 ], [ 145.3428, -37.895 ], [ 145.3426, -37.8954 ], [ 145.3421, -37.8953 ], [ 145.3415, -37.8973 ], [ 145.342, -37.8974 ], [ 145.342, -37.8984 ], [ 145.3415, -37.8986 ], [ 145.3417, -37.899 ], [ 145.3427, -37.8993 ], [ 145.3415, -37.9025 ], [ 145.3391, -37.9034 ], [ 145.3389, -37.9037 ], [ 145.3392, -37.9041 ], [ 145.3386, -37.9044 ], [ 145.3389, -37.9053 ], [ 145.3378, -37.9061 ], [ 145.3378, -37.9064 ], [ 145.3395, -37.9072 ], [ 145.3396, -37.9083 ], [ 145.3405, -37.9084 ], [ 145.3408, -37.9118 ], [ 145.3405, -37.9136 ], [ 145.3393, -37.9158 ], [ 145.3395, -37.9159 ], [ 145.3379, -37.917 ], [ 145.3378, -37.9176 ], [ 145.337, -37.9183 ], [ 145.3374, -37.9195 ], [ 145.3363, -37.9197 ], [ 145.3351, -37.9205 ], [ 145.3349, -37.9196 ], [ 145.3342, -37.9199 ], [ 145.3338, -37.9186 ], [ 145.3318, -37.9192 ], [ 145.3317, -37.92 ], [ 145.3307, -37.9199 ], [ 145.3308, -37.9192 ], [ 145.3292, -37.9189 ], [ 145.328, -37.9191 ], [ 145.3279, -37.9186 ], [ 145.324, -37.9192 ], [ 145.3252, -37.9205 ], [ 145.325, -37.9213 ], [ 145.3244, -37.921 ], [ 145.3241, -37.9199 ], [ 145.3232, -37.9191 ], [ 145.3237, -37.919 ], [ 145.3156, -37.9138 ], [ 145.3128, -37.9111 ], [ 145.3108, -37.91 ] ] ] } },
{ "type": "Feature", "properties": { "loc_pid": "loc46b3ff1e6b9a", "suburb": "Vermont", "join_key": "VERMONT" }, "geometry": { "type": "Polygon", "coordinates": [ [ [ 145.1823, -37.8458 ], [ 145.1839, -37.8378 ], [ 145.1849, -37.8379 ], [ 145.1852, -37.8363 ], [ 145.1848, -37.8362 ], [ 145.1848, -37.8357 ], [ 145.1843, -37.8356 ], [ 145.1843, -37.8322 ], [ 145.1854, -37.8314 ], [ 145.1873, -37.8318 ], [ 145.1873, -37.8315 ], [ 145.1891, -37.8318 ], [ 145.1888, -37.8309 ], [ 145.19, -37.831 ], [ 145.1911, -37.8305 ], [ 145.193, -37.8306 ], [ 145.193, -37.8312 ], [ 145.1949, -37.8313 ], [ 145.1949, -37.8306 ], [ 145.199, -37.8305 ], [ 145.199, -37.8311 ], [ 145.2005, -37.8311 ], [ 145.2005, -37.8309 ], [ 145.2029, -37.831 ], [ 145.2029, -37.8306 ], [ 145.2062, -37.8308 ], [ 145.2088, -37.8306 ], [ 145.2088, -37.8303 ], [ 145.2122, -37.8303 ], [ 145.2127, -37.831 ], [ 145.2133, -37.8309 ], [ 145.2133, -37.8324 ], [ 145.2157, -37.8324 ], [ 145.216, -37.8345 ], [ 145.2152, -37.8347 ], [ 145.2152, -37.8354 ], [ 145.2153, -37.8357 ], [ 145.2166, -37.8354 ], [ 145.2166, -37.8382 ], [ 145.2145, -37.8394 ], [ 145.2125, -37.8421 ], [ 145.2122, -37.8432 ], [ 145.211, -37.8447 ], [ 145.2107, -37.8456 ], [ 145.2101, -37.8459 ], [ 145.2107, -37.8472 ], [ 145.2102, -37.8469 ], [ 145.21, -37.8472 ], [ 145.2093, -37.8471 ], [ 145.2073, -37.8463 ], [ 145.2055, -37.8462 ], [ 145.2054, -37.8466 ], [ 145.1989, -37.8465 ], [ 145.1991, -37.8458 ], [ 145.1864, -37.8463 ], [ 145.1823, -37.8458 ] ] ] } },
{ "type": "Feature", "properties": { "loc_pid": "loc137c40f435ae", "suburb": "Vermont South", "join_key": "VERMONT SOUTH" }, "geometry": { "type": "Polygon", "coordinates": [ [ [ 145.1688, -37.8606 ], [ 145.1692, -37.8553 ], [ 145.1708, -37.8454 ], [ 145.1788, -37.8454 ], [ 145.1864, -37.8463 ], [ 145.1991, -37.8458 ], [ 145.1989, -37.8465 ], [ 145.2054, -37.8466 ], [ 145.2055, -37.8462 ], [ 145.2073, -37.8463 ], [ 145.21, -37.8472 ], [ 145.21, -37.8477 ], [ 145.2107, -37.8475 ], [ 145.21, -37.8484 ], [ 145.2101, -37.8488 ], [ 145.2104, -37.8488 ], [ 145.2098, -37.8497 ], [ 145.21, -37.8505 ], [ 145.2092, -37.8504 ], [ 145.2092, -37.8511 ], [ 145.2097, -37.8513 ], [ 145.2091, -37.8515 ], [ 145.2089, -37.8519 ], [ 145.2087, -37.8514 ], [ 145.2081, -37.8518 ], [ 145.2086, -37.8519 ], [ 145.2089, -37.8525 ], [ 145.2087, -37.8527 ], [ 145.2082, -37.8523 ], [ 145.2078, -37.8527 ], [ 145.2071, -37.8525 ], [ 145.2074, -37.8522 ], [ 145.2068, -37.8523 ], [ 145.2068, -37.8537 ], [ 145.2062, -37.8538 ], [ 145.2059, -37.8542 ], [ 145.2064, -37.8545 ], [ 145.2061, -37.8548 ], [ 145.2067, -37.8547 ], [ 145.2067, -37.8551 ], [ 145.2062, -37.8552 ], [ 145.2068, -37.8555 ], [ 145.2066, -37.8558 ], [ 145.2071, -37.8556 ], [ 145.2071, -37.8559 ], [ 145.2076, -37.8561 ], [ 145.2069, -37.8564 ], [ 145.2066, -37.856 ], [ 145.2062, -37.8565 ], [ 145.2063, -37.856 ], [ 145.2059, -37.856 ], [ 145.206, -37.8565 ], [ 145.2056, -37.8564 ], [ 145.2057, -37.8567 ], [ 145.2049, -37.8573 ], [ 145.204, -37.8572 ], [ 145.204, -37.8568 ], [ 145.2036, -37.8569 ], [ 145.2023, -37.8585 ], [ 145.2015, -37.8583 ], [ 145.2011, -37.8588 ], [ 145.2007, -37.8586 ], [ 145.2003, -37.8594 ], [ 145.1998, -37.8593 ], [ 145.1996, -37.8598 ], [ 145.2014, -37.861 ], [ 145.2014, -37.8612 ], [ 145.2011, -37.861 ], [ 145.201, -37.8621 ], [ 145.2004, -37.8614 ], [ 145.2, -37.8618 ], [ 145.1997, -37.8616 ], [ 145.1994, -37.8618 ], [ 145.1993, -37.8622 ], [ 145.1986, -37.8626 ], [ 145.1994, -37.863 ], [ 145.199, -37.8635 ], [ 145.1976, -37.8634 ], [ 145.198, -37.8636 ], [ 145.1979, -37.8639 ], [ 145.1973, -37.8638 ], [ 145.197, -37.8642 ], [ 145.1967, -37.8641 ], [ 145.1971, -37.8648 ], [ 145.1971, -37.865 ], [ 145.1967, -37.8649 ], [ 145.1967, -37.8652 ], [ 145.1962, -37.8651 ], [ 145.1964, -37.8646 ], [ 145.196, -37.8646 ], [ 145.1959, -37.8649 ], [ 145.1953, -37.8648 ], [ 145.1957, -37.8652 ], [ 145.1691, -37.862 ], [ 145.1688, -37.8606 ] ] ] } },
{ "type": "Feature", "properties": { "loc_pid": "loc0971566e0102", "suburb": "Viewbank", "join_key": "VIEWBANK" }, "geometry": { "type": "Polygon", "coordinates": [ [ [ 145.0798, -37.7344 ], [ 145.0807, -37.7339 ], [ 145.0803, -37.7335 ], [ 145.0816, -37.7327 ], [ 145.0822, -37.7325 ], [ 145.0828, -37.7327 ], [ 145.0826, -37.7319 ], [ 145.0838, -37.7321 ], [ 145.085, -37.7317 ], [ 145.0855, -37.7308 ], [ 145.0861, -37.7305 ], [ 145.087, -37.7309 ], [ 145.0899, -37.7299 ], [ 145.0913, -37.7296 ], [ 145.0915, -37.7299 ], [ 145.0955, -37.7291 ], [ 145.0955, -37.7288 ], [ 145.0971, -37.7285 ], [ 145.0995, -37.7289 ], [ 145.0998, -37.727 ], [ 145.1001, -37.727 ], [ 145.1015, -37.7272 ], [ 145.1014, -37.729 ], [ 145.1028, -37.7289 ], [ 145.1031, -37.7293 ], [ 145.1041, -37.729 ], [ 145.1041, -37.7296 ], [ 145.1073, -37.7301 ], [ 145.106, -37.7311 ], [ 145.1055, -37.7322 ], [ 145.1039, -37.7322 ], [ 145.1039, -37.7331 ], [ 145.1043, -37.7336 ], [ 145.1072, -37.7344 ], [ 145.1077, -37.7339 ], [ 145.1086, -37.7338 ], [ 145.109, -37.7345 ], [ 145.1083, -37.7353 ], [ 145.107, -37.7358 ], [ 145.1074, -37.7371 ], [ 145.1079, -37.737 ], [ 145.1075, -37.7383 ], [ 145.1068, -37.7381 ], [ 145.1065, -37.7375 ], [ 145.1059, -37.739 ], [ 145.1041, -37.74 ], [ 145.1022, -37.7406 ], [ 145.1022, -37.7412 ], [ 145.1018, -37.7414 ], [ 145.1026, -37.742 ], [ 145.1023, -37.7424 ], [ 145.1029, -37.7424 ], [ 145.1027, -37.7433 ], [ 145.103, -37.7436 ], [ 145.1028, -37.7445 ], [ 145.102, -37.7453 ], [ 145.1015, -37.7454 ], [ 145.1012, -37.7448 ], [ 145.1007, -37.7451 ], [ 145.101, -37.7464 ], [ 145.1015, -37.7466 ], [ 145.1014, -37.7471 ], [ 145.1008, -37.7475 ], [ 145.0994, -37.7477 ], [ 145.099, -37.747 ], [ 145.0986, -37.747 ], [ 145.0982, -37.749 ], [ 145.0956, -37.7492 ], [ 145.0952, -37.7506 ], [ 145.0932, -37.7534 ], [ 145.0923, -37.7542 ], [ 145.0909, -37.7543 ], [ 145.0877, -37.7528 ], [ 145.0855, -37.753 ], [ 145.0846, -37.7518 ], [ 145.0822, -37.7513 ], [ 145.0824, -37.751 ], [ 145.082, -37.7505 ], [ 145.0828, -37.7501 ], [ 145.0837, -37.749 ], [ 145.0846, -37.7466 ], [ 145.0859, -37.7459 ], [ 145.0862, -37.7451 ], [ 145.0856, -37.7443 ], [ 145.084, -37.7438 ], [ 145.0836, -37.7427 ], [ 145.0833, -37.7429 ], [ 145.0825, -37.7417 ], [ 145.0809, -37.7401 ], [ 145.0807, -37.7402 ], [ 145.0803, -37.7379 ], [ 145.0806, -37.7366 ], [ 145.0799, -37.7353 ], [ 145.0804, -37.735 ], [ 145.0798, -37.7344 ] ] ] } },
{ "type": "Feature", "properties": { "loc_pid": "locc605118e951a", "suburb": "Wallan", "join_key": "WALLAN" }, "geometry": { "type": "Polygon", "coordinates": [ [ [ 144.895, -37.4277 ], [ 144.8958, -37.4266 ], [ 144.8955, -37.4253 ], [ 144.8958, -37.4246 ], [ 144.8951, -37.4244 ], [ 144.8956, -37.4238 ], [ 144.8968, -37.424 ], [ 144.8983, -37.4237 ], [ 144.9003, -37.424 ], [ 144.9023, -37.4238 ], [ 144.9028, -37.4232 ], [ 144.9029, -37.4221 ], [ 144.9041, -37.4202 ], [ 144.9033, -37.4197 ], [ 144.9022, -37.418 ], [ 144.9019, -37.4186 ], [ 144.9013, -37.4185 ], [ 144.9015, -37.4165 ], [ 144.9003, -37.4161 ], [ 144.8988, -37.4163 ], [ 144.8985, -37.4159 ], [ 144.8988, -37.4152 ], [ 144.9024, -37.4146 ], [ 144.9036, -37.4141 ], [ 144.9037, -37.4134 ], [ 144.9019, -37.4125 ], [ 144.902, -37.4092 ], [ 144.9014, -37.4085 ], [ 144.9006, -37.4087 ], [ 144.8993, -37.4082 ], [ 144.8985, -37.4075 ], [ 144.8989, -37.407 ], [ 144.9007, -37.4062 ], [ 144.9022, -37.4068 ], [ 144.9041, -37.4066 ], [ 144.9043, -37.4061 ], [ 144.9033, -37.4048 ], [ 144.9036, -37.4042 ], [ 144.9066, -37.4022 ], [ 144.9071, -37.4013 ], [ 144.9086, -37.3932 ], [ 144.9094, -37.393 ], [ 144.9115, -37.3817 ], [ 144.9117, -37.3814 ], [ 144.9139, -37.3807 ], [ 144.9141, -37.3793 ], [ 144.9153, -37.3769 ], [ 144.9149, -37.3753 ], [ 144.9151, -37.3747 ], [ 144.9187, -37.3723 ], [ 144.9188, -37.3699 ], [ 144.924, -37.3709 ], [ 144.9267, -37.3699 ], [ 144.9268, -37.3733 ], [ 144.9281, -37.3759 ], [ 144.9304, -37.3767 ], [ 144.9329, -37.3766 ], [ 144.9364, -37.377 ], [ 144.9373, -37.3724 ], [ 144.9628, -37.3756 ], [ 144.9624, -37.3749 ], [ 144.9674, -37.3741 ], [ 144.9688, -37.3744 ], [ 144.9718, -37.3767 ], [ 144.9925, -37.3793 ], [ 144.9928, -37.3793 ], [ 144.9936, -37.3752 ], [ 144.996, -37.3773 ], [ 145.0017, -37.3794 ], [ 145.0037, -37.3806 ], [ 145.0048, -37.3809 ], [ 145.0042, -37.3845 ], [ 145.0035, -37.3844 ], [ 145.0029, -37.388 ], [ 145.0249, -37.3905 ], [ 145.0255, -37.3869 ], [ 145.0262, -37.387 ], [ 145.0252, -37.3921 ], [ 145.0235, -37.3956 ], [ 145.0219, -37.3976 ], [ 145.0269, -37.3982 ], [ 145.0232, -37.4175 ], [ 145.0187, -37.4443 ], [ 144.9015, -37.4309 ], [ 144.9015, -37.4303 ], [ 144.9007, -37.4295 ], [ 144.9004, -37.4284 ], [ 144.8994, -37.4276 ], [ 144.8984, -37.4273 ], [ 144.8969, -37.428 ], [ 144.8954, -37.4282 ], [ 144.895, -37.4277 ] ] ] } },
{ "type": "Feature", "properties": { "loc_pid": "loc5ca016a59345", "suburb": "Wandin North", "join_key": "WANDIN NORTH" }, "geometry": { "type": "Polygon", "coordinates": [ [ [ 145.4041, -37.7671 ], [ 145.408, -37.7675 ], [ 145.4117, -37.7478 ], [ 145.4277, -37.7511 ], [ 145.4274, -37.7517 ], [ 145.4279, -37.7524 ], [ 145.4273, -37.7531 ], [ 145.4278, -37.7531 ], [ 145.4273, -37.7534 ], [ 145.4277, -37.7536 ], [ 145.4276, -37.7543 ], [ 145.4284, -37.7549 ], [ 145.4287, -37.7567 ], [ 145.4281, -37.7573 ], [ 145.4276, -37.7592 ], [ 145.4273, -37.7593 ], [ 145.4277, -37.7598 ], [ 145.4264, -37.7607 ], [ 145.4272, -37.7612 ], [ 145.4274, -37.7619 ], [ 145.4262, -37.7624 ], [ 145.4263, -37.7635 ], [ 145.4259, -37.7635 ], [ 145.4259, -37.7639 ], [ 145.4253, -37.7644 ], [ 145.4256, -37.7661 ], [ 145.4254, -37.7675 ], [ 145.4444, -37.7675 ], [ 145.4435, -37.7715 ], [ 145.4435, -37.7739 ], [ 145.444, -37.7753 ], [ 145.4425, -37.7763 ], [ 145.4405, -37.7791 ], [ 145.4418, -37.7789 ], [ 145.446, -37.7794 ], [ 145.4446, -37.7861 ], [ 145.4439, -37.7864 ], [ 145.4492, -37.7926 ], [ 145.4486, -37.793 ], [ 145.4497, -37.7934 ], [ 145.4513, -37.7933 ], [ 145.454, -37.7941 ], [ 145.4565, -37.7943 ], [ 145.457, -37.7949 ], [ 145.4271, -37.8111 ], [ 145.418, -37.8007 ], [ 145.4187, -37.8004 ], [ 145.4133, -37.7944 ], [ 145.4127, -37.7948 ], [ 145.41, -37.7891 ], [ 145.4106, -37.7889 ], [ 145.4083, -37.7861 ], [ 145.4092, -37.7849 ], [ 145.4094, -37.7826 ], [ 145.4105, -37.7813 ], [ 145.409, -37.7805 ], [ 145.4078, -37.7809 ], [ 145.4041, -37.7671 ] ] ] } },
{ "type": "Feature", "properties": { "loc_pid": "loc4a341f4d3e02", "suburb": "Wantirna", "join_key": "WANTIRNA" }, "geometry": { "type": "Polygon", "coordinates": [ [ [ 145.2004, -37.8591 ], [ 145.2007, -37.8586 ], [ 145.2011, -37.8588 ], [ 145.2015, -37.8583 ], [ 145.2023, -37.8585 ], [ 145.2036, -37.8569 ], [ 145.204, -37.8568 ], [ 145.204, -37.8572 ], [ 145.2049, -37.8573 ], [ 145.2057, -37.8567 ], [ 145.2056, -37.8564 ], [ 145.206, -37.8565 ], [ 145.2059, -37.856 ], [ 145.2063, -37.856 ], [ 145.2062, -37.8565 ], [ 145.2066, -37.856 ], [ 145.2069, -37.8564 ], [ 145.2076, -37.8561 ], [ 145.2071, -37.8559 ], [ 145.2071, -37.8556 ], [ 145.2066, -37.8558 ], [ 145.2068, -37.8555 ], [ 145.2062, -37.8552 ], [ 145.2067, -37.8551 ], [ 145.2067, -37.8547 ], [ 145.2061, -37.8548 ], [ 145.2064, -37.8545 ], [ 145.2059, -37.8543 ], [ 145.2062, -37.8538 ], [ 145.2068, -37.8537 ], [ 145.2068, -37.8523 ], [ 145.2074, -37.8522 ], [ 145.2071, -37.8525 ], [ 145.2078, -37.8527 ], [ 145.2082, -37.8523 ], [ 145.2087, -37.8527 ], [ 145.2089, -37.8525 ], [ 145.2086, -37.8519 ], [ 145.2081, -37.8518 ], [ 145.2087, -37.8514 ], [ 145.2088, -37.8519 ], [ 145.2091, -37.8518 ], [ 145.2091, -37.8515 ], [ 145.2097, -37.8513 ], [ 145.2092, -37.8511 ], [ 145.2092, -37.8504 ], [ 145.21, -37.8505 ], [ 145.2098, -37.8497 ], [ 145.2104, -37.8488 ], [ 145.2101, -37.8488 ], [ 145.21, -37.8484 ], [ 145.2107, -37.8475 ], [ 145.21, -37.8477 ], [ 145.2099, -37.8473 ], [ 145.2101, -37.8469 ], [ 145.2108, -37.8471 ], [ 145.2101, -37.8459 ], [ 145.2107, -37.8456 ], [ 145.211, -37.8447 ], [ 145.2122, -37.8432 ], [ 145.2125, -37.8421 ], [ 145.2143, -37.8396 ], [ 145.2164, -37.8382 ], [ 145.2231, -37.8379 ], [ 145.2266, -37.8393 ], [ 145.2275, -37.8394 ], [ 145.2281, -37.8391 ], [ 145.229, -37.8397 ], [ 145.2293, -37.8397 ], [ 145.2293, -37.8393 ], [ 145.2297, -37.8397 ], [ 145.2303, -37.8395 ], [ 145.2304, -37.8403 ], [ 145.2308, -37.8403 ], [ 145.2307, -37.8397 ], [ 145.231, -37.8397 ], [ 145.231, -37.8401 ], [ 145.2326, -37.8403 ], [ 145.2325, -37.8397 ], [ 145.2328, -37.8394 ], [ 145.2363, -37.8395 ], [ 145.2368, -37.8401 ], [ 145.2373, -37.8393 ], [ 145.2381, -37.8388 ], [ 145.2384, -37.8448 ], [ 145.2405, -37.8445 ], [ 145.2405, -37.8452 ], [ 145.2485, -37.8434 ], [ 145.248, -37.8443 ], [ 145.247, -37.844 ], [ 145.2459, -37.8461 ], [ 145.2453, -37.8474 ], [ 145.2463, -37.8477 ], [ 145.2352, -37.869 ], [ 145.207, -37.8597 ], [ 145.2004, -37.8591 ] ] ] } },
{ "type": "Feature", "properties": { "loc_pid": "loc37efd432abe4", "suburb": "Wantirna South", "join_key": "WANTIRNA SOUTH" }, "geometry": { "type": "Polygon", "coordinates": [ [ [ 145.1909, -37.879 ], [ 145.1916, -37.8784 ], [ 145.1914, -37.878 ], [ 145.192, -37.8777 ], [ 145.1914, -37.8775 ], [ 145.1912, -37.8768 ], [ 145.1927, -37.8757 ], [ 145.1923, -37.8753 ], [ 145.1927, -37.8748 ], [ 145.1923, -37.8749 ], [ 145.1918, -37.8744 ], [ 145.1924, -37.8745 ], [ 145.1922, -37.874 ], [ 145.1934, -37.8743 ], [ 145.1934, -37.8739 ], [ 145.1927, -37.8739 ], [ 145.1935, -37.8735 ], [ 145.1931, -37.8735 ], [ 145.1931, -37.8725 ], [ 145.1921, -37.8719 ], [ 145.1923, -37.8715 ], [ 145.1926, -37.8715 ], [ 145.1926, -37.8718 ], [ 145.1933, -37.8716 ], [ 145.1933, -37.8708 ], [ 145.1929, -37.8709 ], [ 145.1929, -37.8706 ], [ 145.1938, -37.8701 ], [ 145.1936, -37.8692 ], [ 145.1948, -37.8687 ], [ 145.1947, -37.8685 ], [ 145.194, -37.8688 ], [ 145.194, -37.8684 ], [ 145.1947, -37.8681 ], [ 145.195, -37.8676 ], [ 145.1943, -37.8673 ], [ 145.1951, -37.867 ], [ 145.1946, -37.8669 ], [ 145.195, -37.8666 ], [ 145.1949, -37.8664 ], [ 145.1942, -37.8662 ], [ 145.1955, -37.8661 ], [ 145.1954, -37.8657 ], [ 145.1951, -37.8659 ], [ 145.1947, -37.8656 ], [ 145.1948, -37.8653 ], [ 145.1957, -37.8652 ], [ 145.1953, -37.8648 ], [ 145.1959, -37.8649 ], [ 145.196, -37.8646 ], [ 145.1964, -37.8646 ], [ 145.1963, -37.8652 ], [ 145.1967, -37.8652 ], [ 145.1967, -37.8649 ], [ 145.1971, -37.865 ], [ 145.1967, -37.8641 ], [ 145.197, -37.8642 ], [ 145.1973, -37.8638 ], [ 145.1979, -37.8639 ], [ 145.198, -37.8636 ], [ 145.1976, -37.8634 ], [ 145.199, -37.8635 ], [ 145.1994, -37.8628 ], [ 145.1986, -37.8628 ], [ 145.1986, -37.8626 ], [ 145.1997, -37.8616 ], [ 145.2, -37.8618 ], [ 145.2004, -37.8614 ], [ 145.201, -37.8621 ], [ 145.2011, -37.861 ], [ 145.2014, -37.8612 ], [ 145.2014, -37.861 ], [ 145.1996, -37.8598 ], [ 145.1998, -37.8593 ], [ 145.2003, -37.8594 ], [ 145.2006, -37.8591 ], [ 145.207, -37.8597 ], [ 145.2352, -37.869 ], [ 145.2439, -37.8522 ], [ 145.2475, -37.8533 ], [ 145.2482, -37.8543 ], [ 145.2486, -37.8536 ], [ 145.2514, -37.8546 ], [ 145.2522, -37.8551 ], [ 145.2521, -37.8556 ], [ 145.2543, -37.8563 ], [ 145.2535, -37.8578 ], [ 145.2545, -37.8581 ], [ 145.2544, -37.8585 ], [ 145.2541, -37.8589 ], [ 145.253, -37.8587 ], [ 145.2522, -37.8603 ], [ 145.2524, -37.8612 ], [ 145.252, -37.8613 ], [ 145.2522, -37.8618 ], [ 145.2527, -37.8616 ], [ 145.2529, -37.8621 ], [ 145.2524, -37.8622 ], [ 145.2526, -37.8626 ], [ 145.2531, -37.8624 ], [ 145.2536, -37.8632 ], [ 145.2527, -37.8649 ], [ 145.2532, -37.8651 ], [ 145.253, -37.8654 ], [ 145.2526, -37.8652 ], [ 145.2524, -37.866 ], [ 145.2539, -37.8665 ], [ 145.2528, -37.8687 ], [ 145.2506, -37.868 ], [ 145.2504, -37.8683 ], [ 145.2498, -37.8694 ], [ 145.252, -37.8701 ], [ 145.2516, -37.8709 ], [ 145.2494, -37.8702 ], [ 145.2479, -37.8731 ], [ 145.2489, -37.8734 ], [ 145.2479, -37.8738 ], [ 145.2479, -37.8775 ], [ 145.2462, -37.8798 ], [ 145.2479, -37.8809 ], [ 145.2479, -37.8819 ], [ 145.242, -37.8824 ], [ 145.242, -37.882 ], [ 145.2411, -37.8819 ], [ 145.2411, -37.8829 ], [ 145.2399, -37.8829 ], [ 145.2399, -37.8878 ], [ 145.2329, -37.8877 ], [ 145.233, -37.8888 ], [ 145.2322, -37.8885 ], [ 145.2322, -37.8888 ], [ 145.2299, -37.8886 ], [ 145.2299, -37.889 ], [ 145.2286, -37.889 ], [ 145.2286, -37.8886 ], [ 145.2221, -37.8886 ], [ 145.2216, -37.8888 ], [ 145.2162, -37.8886 ], [ 145.2157, -37.8887 ], [ 145.2157, -37.889 ], [ 145.2145, -37.889 ], [ 145.2145, -37.8883 ], [ 145.1961, -37.8882 ], [ 145.1959, -37.8877 ], [ 145.1953, -37.8879 ], [ 145.1955, -37.8875 ], [ 145.195, -37.8873 ], [ 145.1954, -37.8874 ], [ 145.1955, -37.8866 ], [ 145.1959, -37.8867 ], [ 145.196, -37.8861 ], [ 145.1954, -37.8863 ], [ 145.1951, -37.8857 ], [ 145.1943, -37.8857 ], [ 145.1946, -37.8849 ], [ 145.1952, -37.8851 ], [ 145.1955, -37.8849 ], [ 145.1945, -37.8845 ], [ 145.1951, -37.8844 ], [ 145.1949, -37.8841 ], [ 145.1954, -37.8838 ], [ 145.1947, -37.8836 ], [ 145.1954, -37.8833 ], [ 145.1945, -37.8829 ], [ 145.1942, -37.8821 ], [ 145.194, -37.8825 ], [ 145.1935, -37.8823 ], [ 145.1931, -37.8825 ], [ 145.193, -37.8814 ], [ 145.1924, -37.8815 ], [ 145.1924, -37.8809 ], [ 145.192, -37.881 ], [ 145.1917, -37.8807 ], [ 145.1916, -37.881 ], [ 145.191, -37.881 ], [ 145.1912, -37.8808 ], [ 145.1909, -37.8804 ], [ 145.1917, -37.8803 ], [ 145.1921, -37.8789 ], [ 145.1918, -37.8788 ], [ 145.1916, -37.8793 ], [ 145.1909, -37.879 ] ] ] } },
{ "type": "Feature", "properties": { "loc_pid": "locac65b599176b", "suburb": "Warburton", "join_key": "WARBURTON" }, "geometry": { "type": "Polygon", "coordinates": [ [ [ 145.6286, -37.6495 ], [ 145.7303, -37.653 ], [ 145.73, -37.6534 ], [ 145.7303, -37.6547 ], [ 145.7307, -37.6551 ], [ 145.7316, -37.6553 ], [ 145.7317, -37.6557 ], [ 145.7329, -37.6565 ], [ 145.7322, -37.6581 ], [ 145.7332, -37.6591 ], [ 145.7343, -37.659 ], [ 145.7355, -37.6583 ], [ 145.736, -37.6579 ], [ 145.7361, -37.657 ], [ 145.7373, -37.6564 ], [ 145.7385, -37.6566 ], [ 145.74, -37.6563 ], [ 145.7426, -37.6571 ], [ 145.7427, -37.6584 ], [ 145.7441, -37.6591 ], [ 145.7441, -37.6594 ], [ 145.7428, -37.6592 ], [ 145.7416, -37.6582 ], [ 145.7407, -37.6581 ], [ 145.7385, -37.6603 ], [ 145.7378, -37.6618 ], [ 145.7376, -37.6642 ], [ 145.7382, -37.6665 ], [ 145.7399, -37.6674 ], [ 145.7414, -37.6674 ], [ 145.7426, -37.6685 ], [ 145.7425, -37.6688 ], [ 145.7415, -37.6692 ], [ 145.7421, -37.6717 ], [ 145.7397, -37.6739 ], [ 145.7398, -37.6745 ], [ 145.7414, -37.6756 ], [ 145.7406, -37.6759 ], [ 145.7406, -37.6769 ], [ 145.7402, -37.677 ], [ 145.7397, -37.678 ], [ 145.7391, -37.6799 ], [ 145.7385, -37.6801 ], [ 145.7377, -37.6799 ], [ 145.7331, -37.6771 ], [ 145.7304, -37.6763 ], [ 145.7273, -37.6764 ], [ 145.7253, -37.6769 ], [ 145.7231, -37.6789 ], [ 145.7224, -37.6802 ], [ 145.7225, -37.6843 ], [ 145.7221, -37.6848 ], [ 145.7206, -37.6852 ], [ 145.7202, -37.6858 ], [ 145.7188, -37.6863 ], [ 145.7177, -37.6879 ], [ 145.7184, -37.6899 ], [ 145.7205, -37.6897 ], [ 145.7213, -37.6902 ], [ 145.7215, -37.6911 ], [ 145.7212, -37.6933 ], [ 145.7218, -37.6941 ], [ 145.7219, -37.6952 ], [ 145.7209, -37.6964 ], [ 145.7206, -37.6973 ], [ 145.721, -37.6983 ], [ 145.7206, -37.6996 ], [ 145.7223, -37.7016 ], [ 145.7224, -37.7057 ], [ 145.7228, -37.707 ], [ 145.7238, -37.7081 ], [ 145.7237, -37.7087 ], [ 145.7289, -37.7209 ], [ 145.7331, -37.7232 ], [ 145.7315, -37.7249 ], [ 145.731, -37.7249 ], [ 145.7312, -37.7263 ], [ 145.7295, -37.7268 ], [ 145.7294, -37.7281 ], [ 145.7289, -37.7282 ], [ 145.7288, -37.7296 ], [ 145.728, -37.7309 ], [ 145.7282, -37.7321 ], [ 145.7276, -37.7331 ], [ 145.7262, -37.7334 ], [ 145.726, -37.7343 ], [ 145.7267, -37.7358 ], [ 145.7266, -37.7361 ], [ 145.7259, -37.7361 ], [ 145.7256, -37.7373 ], [ 145.7252, -37.7372 ], [ 145.7237, -37.743 ], [ 145.7223, -37.7428 ], [ 145.7207, -37.744 ], [ 145.7194, -37.744 ], [ 145.7193, -37.7432 ], [ 145.7167, -37.7424 ], [ 145.7153, -37.7483 ], [ 145.7179, -37.7495 ], [ 145.7212, -37.7519 ], [ 145.7221, -37.7521 ], [ 145.7214, -37.7539 ], [ 145.7225, -37.7546 ], [ 145.7193, -37.7671 ], [ 145.7183, -37.7679 ], [ 145.7379, -37.7716 ], [ 145.7477, -37.773 ], [ 145.7469, -37.7759 ], [ 145.7784, -37.7811 ], [ 145.7887, -37.8171 ], [ 145.7714, -37.8153 ], [ 145.771, -37.8176 ], [ 145.7434, -37.8132 ], [ 145.7299, -37.8192 ], [ 145.6744, -37.7811 ], [ 145.6711, -37.7809 ], [ 145.6686, -37.7767 ], [ 145.6678, -37.7759 ], [ 145.6667, -37.7754 ], [ 145.6665, -37.7745 ], [ 145.6673, -37.7734 ], [ 145.6658, -37.7717 ], [ 145.6665, -37.7682 ], [ 145.6656, -37.7673 ], [ 145.6575, -37.7656 ], [ 145.66, -37.7582 ], [ 145.6656, -37.7591 ], [ 145.6666, -37.7547 ], [ 145.6658, -37.7547 ], [ 145.666, -37.7536 ], [ 145.6686, -37.7434 ], [ 145.667, -37.7375 ], [ 145.6688, -37.731 ], [ 145.6656, -37.7303 ], [ 145.6468, -37.7275 ], [ 145.6469, -37.7266 ], [ 145.6484, -37.7254 ], [ 145.6522, -37.7247 ], [ 145.6528, -37.7242 ], [ 145.633, -37.7213 ], [ 145.6358, -37.7094 ], [ 145.6286, -37.6495 ] ] ] } },
{ "type": "Feature", "properties": { "loc_pid": "loc8b861551a212", "suburb": "Warrandyte", "join_key": "WARRANDYTE" }, "geometry": { "type": "Polygon", "coordinates": [ [ [ 145.1755, -37.75 ], [ 145.1777, -37.7384 ], [ 145.1791, -37.738 ], [ 145.1798, -37.7374 ], [ 145.1786, -37.7349 ], [ 145.1784, -37.7337 ], [ 145.1805, -37.7321 ], [ 145.1808, -37.7304 ], [ 145.1813, -37.7298 ], [ 145.1824, -37.7298 ], [ 145.1847, -37.7309 ], [ 145.1879, -37.7303 ], [ 145.1892, -37.7319 ], [ 145.1902, -37.7323 ], [ 145.1927, -37.7316 ], [ 145.1939, -37.7318 ], [ 145.1944, -37.7326 ], [ 145.1941, -37.7331 ], [ 145.1918, -37.7349 ], [ 145.1921, -37.7361 ], [ 145.192, -37.7383 ], [ 145.1929, -37.7391 ], [ 145.1974, -37.7414 ], [ 145.1983, -37.741 ], [ 145.1987, -37.7403 ], [ 145.1987, -37.7379 ], [ 145.1981, -37.7358 ], [ 145.1984, -37.7337 ], [ 145.2009, -37.7307 ], [ 145.2014, -37.7304 ], [ 145.203, -37.7304 ], [ 145.2053, -37.7311 ], [ 145.2069, -37.7311 ], [ 145.2097, -37.7297 ], [ 145.2111, -37.7296 ], [ 145.2124, -37.7297 ], [ 145.2135, -37.7302 ], [ 145.2147, -37.731 ], [ 145.2154, -37.7319 ], [ 145.2149, -37.7341 ], [ 145.2114, -37.7358 ], [ 145.2072, -37.7372 ], [ 145.2032, -37.7372 ], [ 145.2015, -37.7386 ], [ 145.2015, -37.7394 ], [ 145.2024, -37.7403 ], [ 145.205, -37.7418 ], [ 145.2064, -37.7417 ], [ 145.2098, -37.7407 ], [ 145.2122, -37.7395 ], [ 145.2144, -37.7394 ], [ 145.2163, -37.7389 ], [ 145.2187, -37.7368 ], [ 145.2205, -37.7361 ], [ 145.2244, -37.7363 ], [ 145.2256, -37.7361 ], [ 145.2274, -37.737 ], [ 145.2292, -37.7385 ], [ 145.2302, -37.7387 ], [ 145.2306, -37.7377 ], [ 145.2287, -37.7366 ], [ 145.2287, -37.7361 ], [ 145.2278, -37.7351 ], [ 145.2271, -37.7334 ], [ 145.2273, -37.7326 ], [ 145.2289, -37.7316 ], [ 145.236, -37.7314 ], [ 145.2386, -37.7335 ], [ 145.2393, -37.7348 ], [ 145.242, -37.7361 ], [ 145.2421, -37.7368 ], [ 145.2429, -37.7368 ], [ 145.2429, -37.7379 ], [ 145.2422, -37.738 ], [ 145.2422, -37.7386 ], [ 145.2432, -37.7387 ], [ 145.2445, -37.7396 ], [ 145.2439, -37.7406 ], [ 145.244, -37.7414 ], [ 145.2446, -37.7415 ], [ 145.2459, -37.7429 ], [ 145.2456, -37.7436 ], [ 145.2449, -37.7441 ], [ 145.2448, -37.7448 ], [ 145.2477, -37.7453 ], [ 145.2483, -37.7461 ], [ 145.2478, -37.747 ], [ 145.2479, -37.7477 ], [ 145.247, -37.7479 ], [ 145.2467, -37.7488 ], [ 145.2458, -37.749 ], [ 145.2439, -37.7516 ], [ 145.2429, -37.7515 ], [ 145.2424, -37.7544 ], [ 145.2341, -37.7536 ], [ 145.232, -37.7576 ], [ 145.234, -37.7593 ], [ 145.2341, -37.7617 ], [ 145.2339, -37.7621 ], [ 145.2323, -37.7627 ], [ 145.2319, -37.7637 ], [ 145.2213, -37.7625 ], [ 145.2216, -37.7616 ], [ 145.2191, -37.7609 ], [ 145.2193, -37.7596 ], [ 145.2182, -37.7595 ], [ 145.2183, -37.7599 ], [ 145.2176, -37.7604 ], [ 145.2171, -37.7604 ], [ 145.217, -37.7599 ], [ 145.2163, -37.7599 ], [ 145.2159, -37.7622 ], [ 145.2044, -37.7608 ], [ 145.2018, -37.7725 ], [ 145.1989, -37.7717 ], [ 145.1996, -37.7709 ], [ 145.1999, -37.7691 ], [ 145.1987, -37.7659 ], [ 145.1959, -37.7656 ], [ 145.1961, -37.7647 ], [ 145.1924, -37.7643 ], [ 145.1925, -37.7623 ], [ 145.1863, -37.7616 ], [ 145.1859, -37.7654 ], [ 145.1842, -37.7655 ], [ 145.1839, -37.7651 ], [ 145.1833, -37.7651 ], [ 145.1826, -37.7643 ], [ 145.1825, -37.7635 ], [ 145.1829, -37.763 ], [ 145.1819, -37.7629 ], [ 145.1821, -37.7624 ], [ 145.1815, -37.7619 ], [ 145.1821, -37.7613 ], [ 145.182, -37.7603 ], [ 145.1825, -37.7596 ], [ 145.183, -37.7596 ], [ 145.1825, -37.7593 ], [ 145.1829, -37.7583 ], [ 145.1824, -37.7575 ], [ 145.1817, -37.7574 ], [ 145.1812, -37.7568 ], [ 145.1808, -37.757 ], [ 145.1808, -37.7566 ], [ 145.1804, -37.7567 ], [ 145.1806, -37.7564 ], [ 145.1803, -37.7563 ], [ 145.1805, -37.7558 ], [ 145.1812, -37.7558 ], [ 145.181, -37.7553 ], [ 145.1815, -37.7553 ], [ 145.1815, -37.7549 ], [ 145.1818, -37.755 ], [ 145.1819, -37.7546 ], [ 145.1815, -37.7543 ], [ 145.1818, -37.7535 ], [ 145.1814, -37.753 ], [ 145.1803, -37.7526 ], [ 145.1808, -37.7522 ], [ 145.1804, -37.7514 ], [ 145.1796, -37.7516 ], [ 145.1788, -37.7512 ], [ 145.1784, -37.7514 ], [ 145.178, -37.7512 ], [ 145.1779, -37.7506 ], [ 145.1774, -37.7507 ], [ 145.1774, -37.7504 ], [ 145.1769, -37.7502 ], [ 145.1755, -37.75 ] ] ] } },
{ "type": "Feature", "properties": { "loc_pid": "locba769f27c374", "suburb": "Warrandyte South", "join_key": "WARRANDYTE SOUTH" }, "geometry": { "type": "Polygon", "coordinates": [ [ [ 145.2295, -37.7715 ], [ 145.2304, -37.7695 ], [ 145.2297, -37.7675 ], [ 145.2304, -37.7655 ], [ 145.2316, -37.7646 ], [ 145.2323, -37.7627 ], [ 145.2339, -37.7621 ], [ 145.2341, -37.7617 ], [ 145.234, -37.7593 ], [ 145.232, -37.7576 ], [ 145.2341, -37.7536 ], [ 145.2424, -37.7544 ], [ 145.2429, -37.7515 ], [ 145.2439, -37.7516 ], [ 145.2453, -37.7495 ], [ 145.2458, -37.749 ], [ 145.2467, -37.7488 ], [ 145.247, -37.7479 ], [ 145.248, -37.7477 ], [ 145.2493, -37.7481 ], [ 145.2497, -37.7472 ], [ 145.2507, -37.7472 ], [ 145.2506, -37.7466 ], [ 145.2513, -37.7453 ], [ 145.2522, -37.7454 ], [ 145.2532, -37.745 ], [ 145.2537, -37.7456 ], [ 145.2546, -37.7457 ], [ 145.2548, -37.7466 ], [ 145.2541, -37.7474 ], [ 145.2541, -37.7486 ], [ 145.2536, -37.7495 ], [ 145.255, -37.7509 ], [ 145.2553, -37.7517 ], [ 145.255, -37.7529 ], [ 145.2559, -37.7537 ], [ 145.256, -37.7544 ], [ 145.2569, -37.7551 ], [ 145.2565, -37.7558 ], [ 145.2575, -37.7575 ], [ 145.2577, -37.7592 ], [ 145.2582, -37.7602 ], [ 145.2578, -37.7609 ], [ 145.2581, -37.7615 ], [ 145.2579, -37.7632 ], [ 145.2583, -37.7632 ], [ 145.2586, -37.7651 ], [ 145.2571, -37.765 ], [ 145.2534, -37.7662 ], [ 145.2406, -37.7648 ], [ 145.2387, -37.7754 ], [ 145.2374, -37.7746 ], [ 145.2382, -37.7741 ], [ 145.238, -37.7736 ], [ 145.2374, -37.7742 ], [ 145.236, -37.7744 ], [ 145.2355, -37.7742 ], [ 145.2349, -37.7746 ], [ 145.2342, -37.7741 ], [ 145.2319, -37.7735 ], [ 145.2317, -37.7739 ], [ 145.2303, -37.7738 ], [ 145.2295, -37.7715 ] ] ] } },
{ "type": "Feature", "properties": { "loc_pid": "locae68612e5fe1", "suburb": "Warranwood", "join_key": "WARRANWOOD" }, "geometry": { "type": "Polygon", "coordinates": [ [ [ 145.2378, -37.7792 ], [ 145.2406, -37.7648 ], [ 145.2534, -37.7662 ], [ 145.2571, -37.765 ], [ 145.2588, -37.7651 ], [ 145.2591, -37.7652 ], [ 145.2588, -37.7668 ], [ 145.2632, -37.7673 ], [ 145.2627, -37.7702 ], [ 145.2622, -37.7703 ], [ 145.2621, -37.7707 ], [ 145.2625, -37.7713 ], [ 145.2619, -37.7745 ], [ 145.2574, -37.774 ], [ 145.2561, -37.7813 ], [ 145.2378, -37.7792 ] ] ] } },
{ "type": "Feature", "properties": { "loc_pid": "loc6abb7485886c", "suburb": "Waterways", "join_key": "WATERWAYS" }, "geometry": { "type": "Polygon", "coordinates": [ [ [ 145.1194, -38.0163 ], [ 145.1208, -38.0093 ], [ 145.1359, -38.0111 ], [ 145.1408, -38.0107 ], [ 145.1393, -38.0188 ], [ 145.1374, -38.0213 ], [ 145.1194, -38.0163 ] ] ] } },
{ "type": "Feature", "properties": { "loc_pid": "loc06cc48b309e5", "suburb": "Watsonia", "join_key": "WATSONIA" }, "geometry": { "type": "Polygon", "coordinates": [ [ [ 145.0746, -37.7165 ], [ 145.0754, -37.7113 ], [ 145.0754, -37.711 ], [ 145.0746, -37.711 ], [ 145.075, -37.7082 ], [ 145.0764, -37.7083 ], [ 145.0765, -37.7078 ], [ 145.0759, -37.7077 ], [ 145.0759, -37.7073 ], [ 145.0769, -37.7018 ], [ 145.0898, -37.7032 ], [ 145.0873, -37.708 ], [ 145.088, -37.7082 ], [ 145.0879, -37.7084 ], [ 145.0895, -37.7086 ], [ 145.0892, -37.7102 ], [ 145.0896, -37.7102 ], [ 145.0896, -37.7106 ], [ 145.0914, -37.7108 ], [ 145.0929, -37.7114 ], [ 145.0939, -37.7099 ], [ 145.094, -37.709 ], [ 145.0956, -37.7092 ], [ 145.0954, -37.7102 ], [ 145.0945, -37.7116 ], [ 145.095, -37.7117 ], [ 145.0945, -37.7125 ], [ 145.0936, -37.7122 ], [ 145.0932, -37.7128 ], [ 145.094, -37.7132 ], [ 145.0938, -37.7135 ], [ 145.0933, -37.7133 ], [ 145.0931, -37.7137 ], [ 145.0929, -37.7136 ], [ 145.0933, -37.7149 ], [ 145.0926, -37.7166 ], [ 145.0919, -37.7173 ], [ 145.0919, -37.7177 ], [ 145.0916, -37.7176 ], [ 145.0911, -37.7181 ], [ 145.0816, -37.7171 ], [ 145.0816, -37.7169 ], [ 145.0809, -37.7169 ], [ 145.0808, -37.7172 ], [ 145.0791, -37.7171 ], [ 145.0776, -37.7165 ], [ 145.0765, -37.7164 ], [ 145.0763, -37.7167 ], [ 145.076, -37.7164 ], [ 145.076, -37.7167 ], [ 145.0754, -37.7166 ], [ 145.0755, -37.7163 ], [ 145.0746, -37.7165 ] ] ] } },
{ "type": "Feature", "properties": { "loc_pid": "locd8a8ad3be01a", "suburb": "Watsonia North", "join_key": "WATSONIA NORTH" }, "geometry": { "type": "Polygon", "coordinates": [ [ [ 145.0772, -37.6919 ], [ 145.0777, -37.6894 ], [ 145.0791, -37.6894 ], [ 145.0775, -37.6892 ], [ 145.0774, -37.6884 ], [ 145.0778, -37.6876 ], [ 145.0887, -37.6909 ], [ 145.0913, -37.6924 ], [ 145.0927, -37.6947 ], [ 145.0898, -37.7032 ], [ 145.0795, -37.7021 ], [ 145.081, -37.6929 ], [ 145.0808, -37.6922 ], [ 145.08, -37.6921 ], [ 145.0789, -37.6923 ], [ 145.0787, -37.6928 ], [ 145.0779, -37.6928 ], [ 145.0772, -37.6919 ] ] ] } },
{ "type": "Feature", "properties": { "loc_pid": "loc5cf81f7c879c", "suburb": "Wattle Glen", "join_key": "WATTLE GLEN" }, "geometry": { "type": "Polygon", "coordinates": [ [ [ 145.1664, -37.6577 ], [ 145.1666, -37.6569 ], [ 145.1672, -37.6569 ], [ 145.169, -37.6556 ], [ 145.1692, -37.6558 ], [ 145.1699, -37.6547 ], [ 145.1693, -37.6543 ], [ 145.1703, -37.6531 ], [ 145.1729, -37.6521 ], [ 145.1733, -37.6496 ], [ 145.1757, -37.6498 ], [ 145.1755, -37.6509 ], [ 145.187, -37.6521 ], [ 145.1876, -37.6525 ], [ 145.1874, -37.6534 ], [ 145.1857, -37.6534 ], [ 145.1853, -37.6538 ], [ 145.1859, -37.6545 ], [ 145.1878, -37.6548 ], [ 145.187, -37.6568 ], [ 145.1872, -37.657 ], [ 145.189, -37.6549 ], [ 145.191, -37.655 ], [ 145.1917, -37.6521 ], [ 145.194, -37.6523 ], [ 145.1942, -37.6511 ], [ 145.1964, -37.6513 ], [ 145.1957, -37.6548 ], [ 145.1953, -37.6549 ], [ 145.196, -37.6578 ], [ 145.1966, -37.6583 ], [ 145.1987, -37.6554 ], [ 145.2001, -37.6561 ], [ 145.2017, -37.6538 ], [ 145.205, -37.6553 ], [ 145.2056, -37.6539 ], [ 145.205, -37.6536 ], [ 145.2056, -37.6522 ], [ 145.2081, -37.6533 ], [ 145.2073, -37.6545 ], [ 145.211, -37.6553 ], [ 145.2084, -37.662 ], [ 145.2053, -37.6612 ], [ 145.2043, -37.6639 ], [ 145.2025, -37.6638 ], [ 145.2013, -37.6632 ], [ 145.2009, -37.6649 ], [ 145.2013, -37.6648 ], [ 145.2034, -37.6665 ], [ 145.2033, -37.667 ], [ 145.2, -37.6667 ], [ 145.1983, -37.6734 ], [ 145.1988, -37.674 ], [ 145.2004, -37.6739 ], [ 145.2002, -37.675 ], [ 145.2025, -37.6754 ], [ 145.2023, -37.6763 ], [ 145.1999, -37.6761 ], [ 145.1984, -37.6825 ], [ 145.1996, -37.6822 ], [ 145.1964, -37.6859 ], [ 145.1953, -37.6858 ], [ 145.194, -37.6868 ], [ 145.1917, -37.6895 ], [ 145.1883, -37.6893 ], [ 145.1881, -37.6903 ], [ 145.1833, -37.6897 ], [ 145.1797, -37.6861 ], [ 145.1806, -37.6834 ], [ 145.1824, -37.6731 ], [ 145.1784, -37.6726 ], [ 145.1755, -37.669 ], [ 145.1763, -37.6687 ], [ 145.1766, -37.6677 ], [ 145.1757, -37.6676 ], [ 145.1754, -37.6671 ], [ 145.175, -37.6672 ], [ 145.175, -37.6665 ], [ 145.1745, -37.666 ], [ 145.1725, -37.6661 ], [ 145.1726, -37.6671 ], [ 145.172, -37.6672 ], [ 145.1718, -37.6677 ], [ 145.1714, -37.666 ], [ 145.1725, -37.6641 ], [ 145.1718, -37.6626 ], [ 145.1723, -37.6627 ], [ 145.1715, -37.6607 ], [ 145.1688, -37.6596 ], [ 145.1691, -37.658 ], [ 145.1664, -37.6577 ] ] ] } },
{ "type": "Feature", "properties": { "loc_pid": "locbeeb46e9ccb4", "suburb": "Weir Views", "join_key": "WEIR VIEWS" }, "geometry": { "type": "Polygon", "coordinates": [ [ [ 144.5412, -37.7167 ], [ 144.5478, -37.7159 ], [ 144.5499, -37.7153 ], [ 144.5622, -37.7168 ], [ 144.5619, -37.7184 ], [ 144.5822, -37.7206 ], [ 144.5821, -37.7209 ], [ 144.5828, -37.7213 ], [ 144.5824, -37.7237 ], [ 144.5818, -37.7247 ], [ 144.5809, -37.7248 ], [ 144.5805, -37.7257 ], [ 144.5793, -37.7257 ], [ 144.5794, -37.7261 ], [ 144.5804, -37.7264 ], [ 144.5806, -37.7273 ], [ 144.5788, -37.7274 ], [ 144.5794, -37.729 ], [ 144.5774, -37.7302 ], [ 144.5787, -37.7319 ], [ 144.5784, -37.7324 ], [ 144.5772, -37.733 ], [ 144.577, -37.7337 ], [ 144.5791, -37.7349 ], [ 144.5789, -37.7376 ], [ 144.5796, -37.7377 ], [ 144.5812, -37.7365 ], [ 144.5828, -37.7378 ], [ 144.5834, -37.7379 ], [ 144.5837, -37.7388 ], [ 144.5829, -37.7396 ], [ 144.58, -37.7409 ], [ 144.5791, -37.742 ], [ 144.579, -37.7425 ], [ 144.5802, -37.7433 ], [ 144.5803, -37.7439 ], [ 144.5791, -37.745 ], [ 144.579, -37.7464 ], [ 144.5764, -37.7462 ], [ 144.5754, -37.7466 ], [ 144.5756, -37.747 ], [ 144.5767, -37.7474 ], [ 144.5768, -37.7482 ], [ 144.5751, -37.7482 ], [ 144.5745, -37.7479 ], [ 144.5732, -37.7471 ], [ 144.5721, -37.7457 ], [ 144.5713, -37.7454 ], [ 144.57, -37.7442 ], [ 144.5664, -37.7378 ], [ 144.5652, -37.7325 ], [ 144.5645, -37.7316 ], [ 144.5629, -37.7306 ], [ 144.5622, -37.7292 ], [ 144.5621, -37.7276 ], [ 144.5615, -37.7259 ], [ 144.5606, -37.7248 ], [ 144.5583, -37.7233 ], [ 144.5568, -37.7215 ], [ 144.556, -37.7211 ], [ 144.5551, -37.7212 ], [ 144.5542, -37.7225 ], [ 144.5528, -37.7224 ], [ 144.5478, -37.7199 ], [ 144.5448, -37.7198 ], [ 144.5437, -37.7195 ], [ 144.5412, -37.7167 ] ] ] } },
{ "type": "Feature", "properties": { "loc_pid": "loc29a798d6921b", "suburb": "Werribee", "join_key": "WERRIBEE" }, "geometry": { "type": "Polygon", "coordinates": [ [ [ 144.579, -37.9398 ], [ 144.5804, -37.9314 ], [ 144.5822, -37.9307 ], [ 144.5816, -37.9298 ], [ 144.5911, -37.9261 ], [ 144.5878, -37.9257 ], [ 144.5878, -37.9255 ], [ 144.593, -37.8976 ], [ 144.6295, -37.9018 ], [ 144.6311, -37.9005 ], [ 144.6314, -37.8987 ], [ 144.6319, -37.8981 ], [ 144.6316, -37.8948 ], [ 144.6327, -37.8898 ], [ 144.6336, -37.8881 ], [ 144.6348, -37.887 ], [ 144.6403, -37.8877 ], [ 144.6426, -37.8879 ], [ 144.6414, -37.8861 ], [ 144.6404, -37.8837 ], [ 144.6413, -37.8813 ], [ 144.6426, -37.8802 ], [ 144.6423, -37.8788 ], [ 144.6442, -37.8786 ], [ 144.6466, -37.8798 ], [ 144.6488, -37.8799 ], [ 144.652, -37.8775 ], [ 144.6525, -37.8758 ], [ 144.6514, -37.8744 ], [ 144.6521, -37.8741 ], [ 144.6522, -37.8737 ], [ 144.6506, -37.8711 ], [ 144.6509, -37.8704 ], [ 144.6651, -37.8717 ], [ 144.6645, -37.8756 ], [ 144.6829, -37.8776 ], [ 144.6805, -37.8916 ], [ 144.7074, -37.8806 ], [ 144.7117, -37.8791 ], [ 144.7189, -37.8772 ], [ 144.719, -37.878 ], [ 144.7125, -37.8797 ], [ 144.7103, -37.8812 ], [ 144.7094, -37.8824 ], [ 144.709, -37.8847 ], [ 144.7101, -37.8906 ], [ 144.7079, -37.8971 ], [ 144.7072, -37.8982 ], [ 144.6944, -37.907 ], [ 144.6928, -37.9078 ], [ 144.6326, -37.9283 ], [ 144.6274, -37.9297 ], [ 144.6221, -37.9333 ], [ 144.6002, -37.9453 ], [ 144.5973, -37.9419 ], [ 144.579, -37.9398 ] ] ] } },
{ "type": "Feature", "properties": { "loc_pid": "loc620b77ab764b", "suburb": "Werribee South", "join_key": "WERRIBEE SOUTH" }, "geometry": { "type": "Polygon", "coordinates": [ [ [ 144.6574, -37.9198 ], [ 144.6928, -37.9078 ], [ 144.6944, -37.907 ], [ 144.7041, -37.9003 ], [ 144.7068, -37.9009 ], [ 144.7082, -37.9008 ], [ 144.7094, -37.9003 ], [ 144.7141, -37.8965 ], [ 144.7155, -37.8961 ], [ 144.7169, -37.8961 ], [ 144.7136, -37.9148 ], [ 144.7149, -37.915 ], [ 144.7155, -37.9156 ], [ 144.7156, -37.9169 ], [ 144.7178, -37.9194 ], [ 144.7252, -37.9238 ], [ 144.7281, -37.9267 ], [ 144.7281, -37.9271 ], [ 144.7428, -37.9288 ], [ 144.7405, -37.9414 ], [ 144.7374, -37.9422 ], [ 144.7345, -37.9436 ], [ 144.7337, -37.9441 ], [ 144.7335, -37.9452 ], [ 144.7319, -37.9469 ], [ 144.7297, -37.9479 ], [ 144.7291, -37.9487 ], [ 144.7269, -37.9495 ], [ 144.7233, -37.9515 ], [ 144.7229, -37.9524 ], [ 144.7213, -37.9534 ], [ 144.721, -37.9541 ], [ 144.7215, -37.9549 ], [ 144.7196, -37.956 ], [ 144.7186, -37.9574 ], [ 144.7169, -37.9585 ], [ 144.7165, -37.9593 ], [ 144.7137, -37.9618 ], [ 144.7117, -37.9627 ], [ 144.7074, -37.9654 ], [ 144.7074, -37.9659 ], [ 144.7068, -37.9662 ], [ 144.7053, -37.9689 ], [ 144.7033, -37.9702 ], [ 144.7027, -37.971 ], [ 144.7016, -37.9714 ], [ 144.7013, -37.9718 ], [ 144.6998, -37.9721 ], [ 144.6991, -37.9732 ], [ 144.6944, -37.9745 ], [ 144.6936, -37.9742 ], [ 144.6939, -37.9745 ], [ 144.6926, -37.9749 ], [ 144.6904, -37.9751 ], [ 144.6901, -37.9744 ], [ 144.688, -37.9736 ], [ 144.6873, -37.9737 ], [ 144.6857, -37.9729 ], [ 144.6832, -37.9729 ], [ 144.6782, -37.974 ], [ 144.6767, -37.9739 ], [ 144.6727, -37.9729 ], [ 144.6711, -37.9721 ], [ 144.6698, -37.9698 ], [ 144.6682, -37.9679 ], [ 144.6681, -37.9652 ], [ 144.6674, -37.9615 ], [ 144.6685, -37.9592 ], [ 144.6689, -37.9544 ], [ 144.6641, -37.9504 ], [ 144.664, -37.9498 ], [ 144.6647, -37.9474 ], [ 144.6679, -37.9458 ], [ 144.6699, -37.9442 ], [ 144.6703, -37.9418 ], [ 144.672, -37.94 ], [ 144.672, -37.9389 ], [ 144.6712, -37.9387 ], [ 144.6689, -37.9397 ], [ 144.6678, -37.941 ], [ 144.6675, -37.943 ], [ 144.6665, -37.9436 ], [ 144.6657, -37.9432 ], [ 144.6638, -37.9391 ], [ 144.6634, -37.936 ], [ 144.6612, -37.9342 ], [ 144.6611, -37.9336 ], [ 144.6616, -37.9329 ], [ 144.6623, -37.9327 ], [ 144.663, -37.9329 ], [ 144.6673, -37.9294 ], [ 144.6681, -37.9279 ], [ 144.6681, -37.9262 ], [ 144.6677, -37.9256 ], [ 144.6667, -37.9251 ], [ 144.6642, -37.9253 ], [ 144.6621, -37.9248 ], [ 144.6595, -37.9229 ], [ 144.6574, -37.9198 ] ] ] } },
{ "type": "Feature", "properties": { "loc_pid": "loc71a7f701b292", "suburb": "Wesburn", "join_key": "WESBURN" }, "geometry": { "type": "Polygon", "coordinates": [ [ [ 145.6011, -37.7439 ], [ 145.6059, -37.7188 ], [ 145.6143, -37.7198 ], [ 145.6133, -37.7213 ], [ 145.6133, -37.7221 ], [ 145.6139, -37.7239 ], [ 145.6149, -37.7248 ], [ 145.6157, -37.7247 ], [ 145.6171, -37.7228 ], [ 145.6172, -37.7211 ], [ 145.618, -37.7194 ], [ 145.6185, -37.713 ], [ 145.6191, -37.7119 ], [ 145.6201, -37.712 ], [ 145.6213, -37.7127 ], [ 145.6227, -37.7149 ], [ 145.6238, -37.7158 ], [ 145.6261, -37.7166 ], [ 145.6276, -37.7167 ], [ 145.6289, -37.7155 ], [ 145.63, -37.7155 ], [ 145.6318, -37.7148 ], [ 145.6336, -37.7152 ], [ 145.6346, -37.7145 ], [ 145.633, -37.7213 ], [ 145.6528, -37.7242 ], [ 145.6522, -37.7247 ], [ 145.6486, -37.7253 ], [ 145.6469, -37.7266 ], [ 145.6468, -37.7305 ], [ 145.6455, -37.7326 ], [ 145.6458, -37.734 ], [ 145.6449, -37.7353 ], [ 145.643, -37.7366 ], [ 145.643, -37.7374 ], [ 145.6297, -37.7352 ], [ 145.6282, -37.7406 ], [ 145.634, -37.7414 ], [ 145.6309, -37.7563 ], [ 145.6338, -37.7566 ], [ 145.6408, -37.7583 ], [ 145.6488, -37.7593 ], [ 145.6491, -37.759 ], [ 145.6508, -37.7593 ], [ 145.6509, -37.7596 ], [ 145.6591, -37.7607 ], [ 145.6575, -37.7656 ], [ 145.6656, -37.7673 ], [ 145.6665, -37.7682 ], [ 145.6658, -37.7717 ], [ 145.6673, -37.7734 ], [ 145.6665, -37.7745 ], [ 145.6667, -37.7754 ], [ 145.6678, -37.7759 ], [ 145.6686, -37.7767 ], [ 145.6711, -37.7809 ], [ 145.6744, -37.7811 ], [ 145.7299, -37.8192 ], [ 145.7188, -37.8242 ], [ 145.688, -37.818 ], [ 145.6738, -37.8161 ], [ 145.6555, -37.8113 ], [ 145.6536, -37.8088 ], [ 145.6551, -37.8041 ], [ 145.6548, -37.8028 ], [ 145.6511, -37.7954 ], [ 145.6495, -37.7939 ], [ 145.6398, -37.7891 ], [ 145.6407, -37.7857 ], [ 145.6413, -37.7852 ], [ 145.6403, -37.7843 ], [ 145.6417, -37.7832 ], [ 145.6397, -37.7817 ], [ 145.6404, -37.7812 ], [ 145.6382, -37.7795 ], [ 145.6387, -37.779 ], [ 145.6371, -37.7778 ], [ 145.6351, -37.7776 ], [ 145.6356, -37.7742 ], [ 145.6346, -37.7734 ], [ 145.631, -37.7731 ], [ 145.6314, -37.7705 ], [ 145.6174, -37.7688 ], [ 145.6169, -37.7703 ], [ 145.6158, -37.7718 ], [ 145.6163, -37.7723 ], [ 145.6153, -37.7725 ], [ 145.6146, -37.772 ], [ 145.6153, -37.7708 ], [ 145.6132, -37.7713 ], [ 145.6117, -37.7713 ], [ 145.6099, -37.77 ], [ 145.6084, -37.7703 ], [ 145.609, -37.769 ], [ 145.6088, -37.7686 ], [ 145.6082, -37.7684 ], [ 145.6078, -37.7688 ], [ 145.6069, -37.7687 ], [ 145.612, -37.7452 ], [ 145.6093, -37.7455 ], [ 145.6078, -37.7451 ], [ 145.6074, -37.7447 ], [ 145.6051, -37.7444 ], [ 145.6041, -37.7448 ], [ 145.603, -37.7448 ], [ 145.6022, -37.7441 ], [ 145.6011, -37.7439 ] ] ] } },
{ "type": "Feature", "properties": { "loc_pid": "loca818c5eaa373", "suburb": "West Footscray", "join_key": "WEST FOOTSCRAY" }, "geometry": { "type": "Polygon", "coordinates": [ [ [ 144.8599, -37.813 ], [ 144.8604, -37.8102 ], [ 144.8608, -37.8102 ], [ 144.862, -37.8031 ], [ 144.8602, -37.8027 ], [ 144.8606, -37.7999 ], [ 144.8607, -37.7994 ], [ 144.8621, -37.7995 ], [ 144.8639, -37.7895 ], [ 144.8789, -37.7912 ], [ 144.8794, -37.7904 ], [ 144.8827, -37.7908 ], [ 144.8814, -37.7979 ], [ 144.8799, -37.7977 ], [ 144.8793, -37.8012 ], [ 144.8866, -37.8019 ], [ 144.8701, -37.8109 ], [ 144.8602, -37.8137 ], [ 144.8599, -37.813 ] ] ] } },
{ "type": "Feature", "properties": { "loc_pid": "loc0b8afd71fce1", "suburb": "West Melbourne", "join_key": "WEST MELBOURNE" }, "geometry": { "type": "Polygon", "coordinates": [ [ [ 144.9048, -37.8234 ], [ 144.9061, -37.8222 ], [ 144.9066, -37.821 ], [ 144.9054, -37.8146 ], [ 144.9063, -37.8094 ], [ 144.9092, -37.8025 ], [ 144.9112, -37.7999 ], [ 144.9129, -37.7995 ], [ 144.9141, -37.8002 ], [ 144.915, -37.8002 ], [ 144.9161, -37.7992 ], [ 144.9165, -37.7983 ], [ 144.9182, -37.7984 ], [ 144.9321, -37.8007 ], [ 144.936, -37.8024 ], [ 144.9353, -37.8031 ], [ 144.9355, -37.8037 ], [ 144.956, -37.8059 ], [ 144.9554, -37.8095 ], [ 144.9564, -37.8118 ], [ 144.9503, -37.8135 ], [ 144.9478, -37.811 ], [ 144.9431, -37.8128 ], [ 144.939, -37.8106 ], [ 144.9355, -37.8096 ], [ 144.9354, -37.8099 ], [ 144.9349, -37.8098 ], [ 144.9343, -37.8141 ], [ 144.9336, -37.8145 ], [ 144.9332, -37.8167 ], [ 144.9317, -37.8194 ], [ 144.9228, -37.8188 ], [ 144.9185, -37.8191 ], [ 144.9134, -37.8201 ], [ 144.9087, -37.8215 ], [ 144.9048, -37.8234 ] ] ] } },
{ "type": "Feature", "properties": { "loc_pid": "locee4a8f85818e", "suburb": "Westmeadows", "join_key": "WESTMEADOWS" }, "geometry": { "type": "Polygon", "coordinates": [ [ [ 144.8663, -37.6781 ], [ 144.8676, -37.671 ], [ 144.8688, -37.6716 ], [ 144.8696, -37.6714 ], [ 144.8707, -37.672 ], [ 144.8726, -37.6716 ], [ 144.8734, -37.6711 ], [ 144.8742, -37.6718 ], [ 144.8746, -37.6713 ], [ 144.8758, -37.6722 ], [ 144.8759, -37.6729 ], [ 144.8765, -37.6731 ], [ 144.876, -37.6736 ], [ 144.8769, -37.6741 ], [ 144.8763, -37.6743 ], [ 144.8769, -37.6749 ], [ 144.8778, -37.6743 ], [ 144.8781, -37.6746 ], [ 144.8778, -37.6751 ], [ 144.8793, -37.6749 ], [ 144.8796, -37.6757 ], [ 144.8809, -37.676 ], [ 144.8834, -37.6745 ], [ 144.8852, -37.6749 ], [ 144.8855, -37.6743 ], [ 144.8858, -37.6745 ], [ 144.886, -37.6739 ], [ 144.8994, -37.6757 ], [ 144.9008, -37.6683 ], [ 144.9046, -37.6688 ], [ 144.9059, -37.6617 ], [ 144.9073, -37.6626 ], [ 144.9086, -37.663 ], [ 144.9157, -37.6635 ], [ 144.9184, -37.663 ], [ 144.9187, -37.6631 ], [ 144.9191, -37.6647 ], [ 144.9197, -37.665 ], [ 144.9197, -37.6661 ], [ 144.918, -37.6671 ], [ 144.9173, -37.6672 ], [ 144.9167, -37.6678 ], [ 144.9164, -37.6701 ], [ 144.9159, -37.6708 ], [ 144.9161, -37.6718 ], [ 144.9153, -37.6721 ], [ 144.9151, -37.6725 ], [ 144.9143, -37.6726 ], [ 144.9136, -37.6741 ], [ 144.9122, -37.6744 ], [ 144.912, -37.6752 ], [ 144.9115, -37.6756 ], [ 144.91, -37.6758 ], [ 144.9078, -37.6772 ], [ 144.9061, -37.6771 ], [ 144.9048, -37.6784 ], [ 144.9033, -37.681 ], [ 144.9011, -37.6807 ], [ 144.8933, -37.681 ], [ 144.8875, -37.6805 ], [ 144.885, -37.6809 ], [ 144.8835, -37.6822 ], [ 144.8821, -37.6904 ], [ 144.87, -37.6805 ], [ 144.8663, -37.6781 ] ] ] } },
{ "type": "Feature", "properties": { "loc_pid": "locb8f595af5fb8", "suburb": "Wheelers Hill", "join_key": "WHEELERS HILL" }, "geometry": { "type": "Polygon", "coordinates": [ [ [ 145.1606, -37.9088 ], [ 145.1614, -37.9035 ], [ 145.1736, -37.9049 ], [ 145.1764, -37.8903 ], [ 145.2005, -37.893 ], [ 145.2007, -37.8934 ], [ 145.2004, -37.8937 ], [ 145.2011, -37.8942 ], [ 145.2007, -37.8944 ], [ 145.2019, -37.8952 ], [ 145.2017, -37.8955 ], [ 145.2027, -37.896 ], [ 145.2037, -37.8959 ], [ 145.2039, -37.8961 ], [ 145.2041, -37.8957 ], [ 145.2046, -37.8956 ], [ 145.2052, -37.896 ], [ 145.2055, -37.8967 ], [ 145.206, -37.8966 ], [ 145.2065, -37.8969 ], [ 145.2069, -37.8966 ], [ 145.2074, -37.8978 ], [ 145.2073, -37.8987 ], [ 145.2081, -37.8985 ], [ 145.2084, -37.8991 ], [ 145.2076, -37.9 ], [ 145.2074, -37.8996 ], [ 145.2072, -37.8997 ], [ 145.2075, -37.9006 ], [ 145.2069, -37.9006 ], [ 145.2069, -37.9008 ], [ 145.2076, -37.901 ], [ 145.2074, -37.9016 ], [ 145.2068, -37.9015 ], [ 145.2062, -37.9024 ], [ 145.2054, -37.9024 ], [ 145.2051, -37.902 ], [ 145.2046, -37.9028 ], [ 145.2041, -37.9023 ], [ 145.2037, -37.9027 ], [ 145.2039, -37.9032 ], [ 145.2034, -37.9033 ], [ 145.2037, -37.9039 ], [ 145.2044, -37.9036 ], [ 145.2041, -37.9041 ], [ 145.2044, -37.9046 ], [ 145.204, -37.9049 ], [ 145.2048, -37.9048 ], [ 145.2052, -37.9053 ], [ 145.2052, -37.906 ], [ 145.2046, -37.9061 ], [ 145.2048, -37.9068 ], [ 145.2052, -37.9068 ], [ 145.205, -37.9077 ], [ 145.2059, -37.9106 ], [ 145.2048, -37.9107 ], [ 145.2056, -37.9123 ], [ 145.2048, -37.9124 ], [ 145.2053, -37.9128 ], [ 145.2051, -37.9131 ], [ 145.2045, -37.913 ], [ 145.2045, -37.9138 ], [ 145.2052, -37.9135 ], [ 145.2051, -37.914 ], [ 145.2039, -37.9141 ], [ 145.2043, -37.9148 ], [ 145.2036, -37.9148 ], [ 145.2034, -37.9151 ], [ 145.2035, -37.9155 ], [ 145.2039, -37.9155 ], [ 145.2036, -37.916 ], [ 145.2041, -37.9162 ], [ 145.2036, -37.9163 ], [ 145.2034, -37.9174 ], [ 145.2027, -37.9178 ], [ 145.2028, -37.9181 ], [ 145.2034, -37.9181 ], [ 145.2029, -37.9185 ], [ 145.2034, -37.9189 ], [ 145.2028, -37.9193 ], [ 145.2034, -37.9195 ], [ 145.2034, -37.9203 ], [ 145.204, -37.9205 ], [ 145.2041, -37.9214 ], [ 145.2048, -37.9218 ], [ 145.2045, -37.9221 ], [ 145.206, -37.9231 ], [ 145.2055, -37.9237 ], [ 145.2059, -37.924 ], [ 145.2054, -37.9241 ], [ 145.2054, -37.9244 ], [ 145.1738, -37.9204 ], [ 145.1663, -37.9131 ], [ 145.1606, -37.9088 ] ] ] } },
{ "type": "Feature", "properties": { "loc_pid": "locf8f89a6f16d1", "suburb": "Wildwood", "join_key": "WILDWOOD" }, "geometry": { "type": "Polygon", "coordinates": [ [ [ 144.7641, -37.5855 ], [ 144.7646, -37.5847 ], [ 144.7666, -37.5854 ], [ 144.7682, -37.584 ], [ 144.7707, -37.5839 ], [ 144.7735, -37.5825 ], [ 144.7743, -37.5817 ], [ 144.7741, -37.5804 ], [ 144.7728, -37.5799 ], [ 144.772, -37.5792 ], [ 144.7727, -37.578 ], [ 144.7743, -37.5774 ], [ 144.7749, -37.5762 ], [ 144.7746, -37.5754 ], [ 144.7732, -37.5749 ], [ 144.7732, -37.5742 ], [ 144.7754, -37.5721 ], [ 144.7763, -37.5719 ], [ 144.7773, -37.571 ], [ 144.7775, -37.5687 ], [ 144.7769, -37.5675 ], [ 144.7761, -37.5669 ], [ 144.7744, -37.5667 ], [ 144.7729, -37.566 ], [ 144.772, -37.5663 ], [ 144.7706, -37.5663 ], [ 144.7705, -37.5661 ], [ 144.7716, -37.5633 ], [ 144.7732, -37.5619 ], [ 144.7733, -37.5609 ], [ 144.7721, -37.5592 ], [ 144.7717, -37.558 ], [ 144.7703, -37.558 ], [ 144.7707, -37.557 ], [ 144.7704, -37.5553 ], [ 144.7711, -37.5542 ], [ 144.7702, -37.5535 ], [ 144.7702, -37.5531 ], [ 144.771, -37.5524 ], [ 144.7732, -37.5529 ], [ 144.7741, -37.5516 ], [ 144.7758, -37.5512 ], [ 144.7771, -37.5504 ], [ 144.7773, -37.5496 ], [ 144.7766, -37.5487 ], [ 144.776, -37.5485 ], [ 144.7754, -37.5468 ], [ 144.7756, -37.5464 ], [ 144.777, -37.5468 ], [ 144.7782, -37.5465 ], [ 144.7779, -37.5458 ], [ 144.7775, -37.5458 ], [ 144.7768, -37.5448 ], [ 144.7781, -37.5441 ], [ 144.7793, -37.5421 ], [ 144.7791, -37.5417 ], [ 144.777, -37.5417 ], [ 144.7761, -37.5412 ], [ 144.7762, -37.5405 ], [ 144.7771, -37.5401 ], [ 144.7779, -37.5388 ], [ 144.7786, -37.5385 ], [ 144.7785, -37.5382 ], [ 144.7762, -37.5375 ], [ 144.7756, -37.5367 ], [ 144.7757, -37.5364 ], [ 144.7765, -37.5365 ], [ 144.7771, -37.536 ], [ 144.7771, -37.5355 ], [ 144.7755, -37.5344 ], [ 144.7764, -37.5329 ], [ 144.7769, -37.5303 ], [ 144.7764, -37.5298 ], [ 144.7754, -37.5298 ], [ 144.7728, -37.5303 ], [ 144.7714, -37.5296 ], [ 144.7711, -37.5288 ], [ 144.7713, -37.5279 ], [ 144.7728, -37.5269 ], [ 144.7725, -37.5264 ], [ 144.7706, -37.5262 ], [ 144.7701, -37.5259 ], [ 144.7693, -37.5229 ], [ 144.7676, -37.522 ], [ 144.7678, -37.5213 ], [ 144.7701, -37.5205 ], [ 144.77, -37.5195 ], [ 144.7685, -37.5182 ], [ 144.7683, -37.5174 ], [ 144.801, -37.5212 ], [ 144.8279, -37.5248 ], [ 144.8352, -37.5327 ], [ 144.8355, -37.5338 ], [ 144.8333, -37.5454 ], [ 144.8332, -37.5482 ], [ 144.8344, -37.5492 ], [ 144.8357, -37.5497 ], [ 144.8372, -37.5494 ], [ 144.8373, -37.5497 ], [ 144.8352, -37.5553 ], [ 144.8344, -37.5549 ], [ 144.8321, -37.5561 ], [ 144.8312, -37.5561 ], [ 144.8307, -37.5554 ], [ 144.8286, -37.5552 ], [ 144.8273, -37.5573 ], [ 144.8273, -37.5585 ], [ 144.8282, -37.558 ], [ 144.8305, -37.5582 ], [ 144.8308, -37.5586 ], [ 144.8306, -37.5593 ], [ 144.8291, -37.5593 ], [ 144.8283, -37.5601 ], [ 144.8284, -37.5617 ], [ 144.8286, -37.5622 ], [ 144.8298, -37.5629 ], [ 144.8317, -37.5633 ], [ 144.8313, -37.5641 ], [ 144.8322, -37.5641 ], [ 144.8321, -37.5647 ], [ 144.8312, -37.5653 ], [ 144.8299, -37.5653 ], [ 144.8291, -37.5668 ], [ 144.8284, -37.5673 ], [ 144.8275, -37.5673 ], [ 144.8272, -37.5693 ], [ 144.8253, -37.5686 ], [ 144.8235, -37.5702 ], [ 144.82, -37.5712 ], [ 144.8196, -37.572 ], [ 144.8188, -37.5725 ], [ 144.8193, -37.5732 ], [ 144.8193, -37.574 ], [ 144.8197, -37.5742 ], [ 144.8191, -37.5762 ], [ 144.8216, -37.577 ], [ 144.8222, -37.5776 ], [ 144.8222, -37.5784 ], [ 144.8204, -37.5798 ], [ 144.8189, -37.5817 ], [ 144.8184, -37.5813 ], [ 144.8174, -37.5812 ], [ 144.8163, -37.5819 ], [ 144.8138, -37.5814 ], [ 144.8132, -37.5814 ], [ 144.8126, -37.5818 ], [ 144.8121, -37.5813 ], [ 144.811, -37.5812 ], [ 144.8101, -37.5812 ], [ 144.809, -37.5817 ], [ 144.8088, -37.5824 ], [ 144.8091, -37.5827 ], [ 144.8114, -37.5836 ], [ 144.8119, -37.5852 ], [ 144.8129, -37.5862 ], [ 144.8134, -37.5874 ], [ 144.8127, -37.5878 ], [ 144.8105, -37.5868 ], [ 144.8101, -37.5869 ], [ 144.8089, -37.588 ], [ 144.8071, -37.5907 ], [ 144.8075, -37.5911 ], [ 144.8093, -37.5911 ], [ 144.8114, -37.5907 ], [ 144.8118, -37.5916 ], [ 144.8113, -37.5936 ], [ 144.8127, -37.5936 ], [ 144.8136, -37.5948 ], [ 144.8146, -37.5945 ], [ 144.8148, -37.594 ], [ 144.8155, -37.594 ], [ 144.816, -37.5943 ], [ 144.8161, -37.5951 ], [ 144.8153, -37.5957 ], [ 144.8133, -37.5956 ], [ 144.813, -37.5958 ], [ 144.8136, -37.5979 ], [ 144.8134, -37.5985 ], [ 144.8124, -37.5981 ], [ 144.8122, -37.5976 ], [ 144.8099, -37.5983 ], [ 144.8085, -37.5983 ], [ 144.8065, -37.5975 ], [ 144.8061, -37.5975 ], [ 144.806, -37.598 ], [ 144.8065, -37.5988 ], [ 144.8078, -37.5995 ], [ 144.8103, -37.5995 ], [ 144.8125, -37.6007 ], [ 144.8151, -37.5998 ], [ 144.8165, -37.5999 ], [ 144.8179, -37.6004 ], [ 144.818, -37.6012 ], [ 144.8151, -37.6025 ], [ 144.812, -37.6048 ], [ 144.8115, -37.6048 ], [ 144.809, -37.6061 ], [ 144.8083, -37.6069 ], [ 144.807, -37.607 ], [ 144.807, -37.6074 ], [ 144.8083, -37.6085 ], [ 144.8082, -37.6089 ], [ 144.8067, -37.6091 ], [ 144.806, -37.6089 ], [ 144.8041, -37.6094 ], [ 144.8024, -37.6094 ], [ 144.8013, -37.6089 ], [ 144.8009, -37.6091 ], [ 144.8005, -37.6118 ], [ 144.7979, -37.6109 ], [ 144.7959, -37.6097 ], [ 144.7953, -37.6097 ], [ 144.7937, -37.6117 ], [ 144.7925, -37.6121 ], [ 144.7919, -37.6117 ], [ 144.7919, -37.6112 ], [ 144.7933, -37.6099 ], [ 144.7935, -37.6093 ], [ 144.7932, -37.609 ], [ 144.7914, -37.6087 ], [ 144.7896, -37.6088 ], [ 144.7897, -37.6069 ], [ 144.789, -37.6061 ], [ 144.7872, -37.6052 ], [ 144.7873, -37.6037 ], [ 144.7884, -37.6016 ], [ 144.7884, -37.5991 ], [ 144.7871, -37.5965 ], [ 144.7843, -37.5969 ], [ 144.7835, -37.5974 ], [ 144.7836, -37.5977 ], [ 144.7826, -37.5978 ], [ 144.7823, -37.5975 ], [ 144.7829, -37.5965 ], [ 144.7852, -37.5954 ], [ 144.7852, -37.5951 ], [ 144.7841, -37.5944 ], [ 144.7835, -37.5936 ], [ 144.7823, -37.5944 ], [ 144.7813, -37.5922 ], [ 144.7805, -37.5914 ], [ 144.7807, -37.5903 ], [ 144.7829, -37.5897 ], [ 144.7827, -37.5891 ], [ 144.7808, -37.5883 ], [ 144.7795, -37.5882 ], [ 144.779, -37.5885 ], [ 144.779, -37.5893 ], [ 144.7787, -37.5895 ], [ 144.777, -37.5891 ], [ 144.7749, -37.5892 ], [ 144.7747, -37.5905 ], [ 144.7738, -37.5917 ], [ 144.7733, -37.5917 ], [ 144.7724, -37.5909 ], [ 144.771, -37.5908 ], [ 144.7703, -37.5903 ], [ 144.77, -37.5896 ], [ 144.7702, -37.5875 ], [ 144.7691, -37.5871 ], [ 144.7667, -37.5875 ], [ 144.7666, -37.5873 ], [ 144.7652, -37.5873 ], [ 144.7645, -37.5868 ], [ 144.7641, -37.5855 ] ] ] } },
{ "type": "Feature", "properties": { "loc_pid": "locf5fef268f8cd", "suburb": "Williams Landing", "join_key": "WILLIAMS LANDING" }, "geometry": { "type": "Polygon", "coordinates": [ [ [ 144.7305, -37.8578 ], [ 144.7312, -37.8527 ], [ 144.7525, -37.8545 ], [ 144.7545, -37.8567 ], [ 144.7555, -37.8584 ], [ 144.7578, -37.8651 ], [ 144.7506, -37.8669 ], [ 144.7504, -37.8671 ], [ 144.7512, -37.8698 ], [ 144.7369, -37.8734 ], [ 144.7356, -37.8699 ], [ 144.7345, -37.8689 ], [ 144.7348, -37.8685 ], [ 144.7347, -37.8675 ], [ 144.7313, -37.8633 ], [ 144.7318, -37.863 ], [ 144.7305, -37.8578 ] ] ] } },
{ "type": "Feature", "properties": { "loc_pid": "loc8c9f2867857c", "suburb": "Williamstown", "join_key": "WILLIAMSTOWN" }, "geometry": { "type": "Polygon", "coordinates": [ [ [ 144.853, -37.8524 ], [ 144.8627, -37.8551 ], [ 144.8895, -37.8579 ], [ 144.8863, -37.8516 ], [ 144.8877, -37.8493 ], [ 144.8884, -37.8503 ], [ 144.8893, -37.8499 ], [ 144.89, -37.8502 ], [ 144.8913, -37.8501 ], [ 144.892, -37.8505 ], [ 144.893, -37.8503 ], [ 144.8933, -37.8507 ], [ 144.8937, -37.8505 ], [ 144.894, -37.8509 ], [ 144.8946, -37.851 ], [ 144.8952, -37.8506 ], [ 144.8967, -37.8509 ], [ 144.8968, -37.8506 ], [ 144.8978, -37.8513 ], [ 144.8985, -37.8512 ], [ 144.9012, -37.8538 ], [ 144.9016, -37.8537 ], [ 144.9025, -37.856 ], [ 144.9028, -37.8559 ], [ 144.903, -37.8559 ], [ 144.9031, -37.8559 ], [ 144.9032, -37.8559 ], [ 144.9034, -37.8559 ], [ 144.9026, -37.8561 ], [ 144.9029, -37.8565 ], [ 144.9034, -37.8561 ], [ 144.9035, -37.8563 ], [ 144.9028, -37.8566 ], [ 144.9031, -37.8577 ], [ 144.9025, -37.8583 ], [ 144.9025, -37.8588 ], [ 144.9028, -37.8593 ], [ 144.9035, -37.8593 ], [ 144.9034, -37.8601 ], [ 144.9038, -37.8602 ], [ 144.9039, -37.8606 ], [ 144.9035, -37.8612 ], [ 144.9039, -37.8617 ], [ 144.9043, -37.8616 ], [ 144.905, -37.8621 ], [ 144.9061, -37.8623 ], [ 144.9065, -37.8621 ], [ 144.907, -37.8623 ], [ 144.9079, -37.8618 ], [ 144.9084, -37.862 ], [ 144.9082, -37.8624 ], [ 144.9086, -37.8625 ], [ 144.909, -37.8616 ], [ 144.9115, -37.8621 ], [ 144.9127, -37.8629 ], [ 144.9125, -37.8632 ], [ 144.9135, -37.864 ], [ 144.9132, -37.8644 ], [ 144.9134, -37.8649 ], [ 144.9149, -37.8625 ], [ 144.9161, -37.8615 ], [ 144.9164, -37.8618 ], [ 144.9143, -37.8642 ], [ 144.9156, -37.8652 ], [ 144.9178, -37.8641 ], [ 144.9189, -37.8643 ], [ 144.9179, -37.8643 ], [ 144.9134, -37.8668 ], [ 144.9133, -37.8675 ], [ 144.9123, -37.868 ], [ 144.9125, -37.8683 ], [ 144.9107, -37.8693 ], [ 144.9104, -37.8702 ], [ 144.9099, -37.87 ], [ 144.9104, -37.8709 ], [ 144.9099, -37.8714 ], [ 144.9097, -37.8703 ], [ 144.9094, -37.8699 ], [ 144.909, -37.8699 ], [ 144.9082, -37.8705 ], [ 144.9087, -37.8713 ], [ 144.9074, -37.871 ], [ 144.9069, -37.8714 ], [ 144.9056, -37.8713 ], [ 144.9041, -37.8728 ], [ 144.9026, -37.873 ], [ 144.9024, -37.8727 ], [ 144.8992, -37.8717 ], [ 144.8981, -37.8706 ], [ 144.8973, -37.8709 ], [ 144.8955, -37.8706 ], [ 144.895, -37.8698 ], [ 144.8945, -37.8697 ], [ 144.8942, -37.8689 ], [ 144.8939, -37.8691 ], [ 144.8935, -37.8691 ], [ 144.8941, -37.8689 ], [ 144.8941, -37.8686 ], [ 144.8934, -37.8678 ], [ 144.8916, -37.8671 ], [ 144.8896, -37.8673 ], [ 144.8892, -37.8681 ], [ 144.8897, -37.8685 ], [ 144.8854, -37.8684 ], [ 144.885, -37.8683 ], [ 144.8849, -37.8679 ], [ 144.8846, -37.8681 ], [ 144.8845, -37.8677 ], [ 144.8843, -37.868 ], [ 144.8843, -37.8675 ], [ 144.8841, -37.8677 ], [ 144.8837, -37.8674 ], [ 144.8837, -37.8677 ], [ 144.8841, -37.8678 ], [ 144.8836, -37.8677 ], [ 144.8838, -37.8661 ], [ 144.8828, -37.8664 ], [ 144.8815, -37.866 ], [ 144.8796, -37.8663 ], [ 144.8792, -37.8673 ], [ 144.8799, -37.8674 ], [ 144.8799, -37.8677 ], [ 144.8793, -37.8684 ], [ 144.8787, -37.8684 ], [ 144.8774, -37.8675 ], [ 144.8762, -37.8658 ], [ 144.8762, -37.8653 ], [ 144.8742, -37.8638 ], [ 144.874, -37.863 ], [ 144.8745, -37.8628 ], [ 144.8747, -37.8619 ], [ 144.8738, -37.8612 ], [ 144.8732, -37.8613 ], [ 144.8735, -37.8609 ], [ 144.8728, -37.8603 ], [ 144.872, -37.8602 ], [ 144.8707, -37.8613 ], [ 144.87, -37.8603 ], [ 144.8682, -37.8589 ], [ 144.867, -37.8589 ], [ 144.8638, -37.8579 ], [ 144.8618, -37.8576 ], [ 144.8591, -37.8578 ], [ 144.8539, -37.8559 ], [ 144.8532, -37.8561 ], [ 144.8517, -37.8559 ], [ 144.853, -37.8524 ] ], [ [ 144.9035, -37.8606 ], [ 144.9035, -37.8607 ], [ 144.9039, -37.8606 ], [ 144.9035, -37.8606 ] ] ] } },
{ "type": "Feature", "properties": { "loc_pid": "loc01c2784fcea2", "suburb": "Williamstown North", "join_key": "WILLIAMSTOWN NORTH" }, "geometry": { "type": "Polygon", "coordinates": [ [ [ 144.853, -37.8524 ], [ 144.8541, -37.849 ], [ 144.8561, -37.848 ], [ 144.8591, -37.8481 ], [ 144.8714, -37.8495 ], [ 144.8732, -37.8495 ], [ 144.8747, -37.8491 ], [ 144.889, -37.8578 ], [ 144.8627, -37.8551 ], [ 144.853, -37.8524 ] ] ] } },
{ "type": "Feature", "properties": { "loc_pid": "loc77c523d8c2ba", "suburb": "Windsor", "join_key": "WINDSOR" }, "geometry": { "type": "Polygon", "coordinates": [ [ [ 144.9818, -37.8513 ], [ 144.9822, -37.8513 ], [ 144.9823, -37.8504 ], [ 145.0024, -37.8531 ], [ 145.0014, -37.859 ], [ 144.993, -37.8579 ], [ 144.9899, -37.8565 ], [ 144.9833, -37.8557 ], [ 144.9835, -37.8547 ], [ 144.9829, -37.8546 ], [ 144.9827, -37.8531 ], [ 144.9825, -37.8526 ], [ 144.9822, -37.8526 ], [ 144.9823, -37.8519 ], [ 144.9818, -37.8513 ] ] ] } },
{ "type": "Feature", "properties": { "loc_pid": "loc6d7f0d49a3d6", "suburb": "Wollert", "join_key": "WOLLERT" }, "geometry": { "type": "Polygon", "coordinates": [ [ [ 144.9465, -37.6074 ], [ 144.9467, -37.607 ], [ 144.9485, -37.6068 ], [ 144.9494, -37.6071 ], [ 144.9508, -37.6067 ], [ 144.9517, -37.6071 ], [ 144.9523, -37.607 ], [ 144.952, -37.6043 ], [ 144.9523, -37.6038 ], [ 144.9531, -37.6037 ], [ 144.9528, -37.6027 ], [ 144.9534, -37.6016 ], [ 144.9534, -37.601 ], [ 144.953, -37.6009 ], [ 144.9522, -37.5998 ], [ 144.9527, -37.5995 ], [ 144.9525, -37.5987 ], [ 144.9531, -37.5978 ], [ 144.953, -37.5964 ], [ 144.9535, -37.5959 ], [ 144.954, -37.5961 ], [ 144.9549, -37.5953 ], [ 144.9549, -37.5933 ], [ 144.9557, -37.5927 ], [ 144.956, -37.5912 ], [ 144.9568, -37.5912 ], [ 144.9576, -37.5916 ], [ 144.9588, -37.5911 ], [ 144.9585, -37.5903 ], [ 144.9573, -37.5891 ], [ 144.9579, -37.5881 ], [ 144.9578, -37.587 ], [ 144.9569, -37.5858 ], [ 144.9572, -37.5854 ], [ 144.9582, -37.5854 ], [ 144.9585, -37.5851 ], [ 144.9568, -37.5834 ], [ 144.9566, -37.5824 ], [ 144.9574, -37.5816 ], [ 144.96, -37.5818 ], [ 144.9603, -37.5804 ], [ 144.9633, -37.5793 ], [ 144.9623, -37.5777 ], [ 144.9635, -37.576 ], [ 144.9644, -37.5753 ], [ 144.9647, -37.574 ], [ 144.9653, -37.5735 ], [ 144.9651, -37.5729 ], [ 144.9654, -37.5722 ], [ 144.9637, -37.5716 ], [ 144.9641, -37.5686 ], [ 144.9632, -37.5672 ], [ 144.9641, -37.5663 ], [ 144.9637, -37.5654 ], [ 144.9647, -37.5629 ], [ 144.9644, -37.5618 ], [ 144.9656, -37.5604 ], [ 144.964, -37.5581 ], [ 144.9639, -37.5573 ], [ 144.9794, -37.5585 ], [ 144.9978, -37.5613 ], [ 145.0157, -37.5626 ], [ 145.0152, -37.565 ], [ 145.0281, -37.5664 ], [ 145.0283, -37.5671 ], [ 145.0289, -37.5675 ], [ 145.0304, -37.5679 ], [ 145.0314, -37.5678 ], [ 145.0318, -37.5675 ], [ 145.032, -37.5666 ], [ 145.0328, -37.5665 ], [ 145.0336, -37.5671 ], [ 145.0341, -37.5682 ], [ 145.0353, -37.5687 ], [ 145.0361, -37.5704 ], [ 145.0381, -37.5706 ], [ 145.0392, -37.5713 ], [ 145.0401, -37.571 ], [ 145.0408, -37.5711 ], [ 145.0425, -37.5696 ], [ 145.0447, -37.5695 ], [ 145.0463, -37.5697 ], [ 145.0472, -37.5707 ], [ 145.0476, -37.5721 ], [ 145.0483, -37.5725 ], [ 145.0504, -37.5721 ], [ 145.0526, -37.5725 ], [ 145.056, -37.5714 ], [ 145.06, -37.5728 ], [ 145.0585, -37.5818 ], [ 145.0642, -37.5824 ], [ 145.0637, -37.584 ], [ 145.0641, -37.5868 ], [ 145.0637, -37.5883 ], [ 145.0644, -37.5899 ], [ 145.0635, -37.5906 ], [ 145.0631, -37.5918 ], [ 145.0598, -37.5936 ], [ 145.0589, -37.5936 ], [ 145.0559, -37.5923 ], [ 145.0551, -37.5925 ], [ 145.0541, -37.5918 ], [ 145.0535, -37.5918 ], [ 145.0527, -37.5924 ], [ 145.0521, -37.5945 ], [ 145.0524, -37.5953 ], [ 145.0531, -37.5957 ], [ 145.0535, -37.5964 ], [ 145.0534, -37.5985 ], [ 145.0511, -37.6004 ], [ 145.052, -37.6012 ], [ 145.0518, -37.603 ], [ 145.0528, -37.6036 ], [ 145.0542, -37.6039 ], [ 145.0548, -37.6046 ], [ 145.0542, -37.6058 ], [ 145.0546, -37.6066 ], [ 145.0538, -37.6077 ], [ 145.0507, -37.6098 ], [ 145.0503, -37.6111 ], [ 145.0506, -37.6119 ], [ 145.05, -37.614 ], [ 145.049, -37.6153 ], [ 145.0481, -37.6183 ], [ 145.0466, -37.619 ], [ 145.0462, -37.6205 ], [ 145.0455, -37.6208 ], [ 145.0455, -37.6215 ], [ 145.0447, -37.622 ], [ 145.0451, -37.6225 ], [ 145.0441, -37.6233 ], [ 145.0442, -37.6245 ], [ 144.9546, -37.6153 ], [ 144.9548, -37.6147 ], [ 144.9539, -37.6136 ], [ 144.9526, -37.614 ], [ 144.9519, -37.6133 ], [ 144.9528, -37.6122 ], [ 144.9527, -37.6111 ], [ 144.9523, -37.6106 ], [ 144.9515, -37.6105 ], [ 144.9507, -37.6112 ], [ 144.9503, -37.6111 ], [ 144.9483, -37.6083 ], [ 144.947, -37.608 ], [ 144.9465, -37.6074 ] ] ] } },
{ "type": "Feature", "properties": { "loc_pid": "loc08c532fb125f", "suburb": "Wonga Park", "join_key": "WONGA PARK" }, "geometry": { "type": "Polygon", "coordinates": [ [ [ 145.2347, -37.7214 ], [ 145.2353, -37.7204 ], [ 145.2366, -37.7199 ], [ 145.2377, -37.7207 ], [ 145.2411, -37.7252 ], [ 145.2416, -37.7255 ], [ 145.2427, -37.7253 ], [ 145.2437, -37.7235 ], [ 145.2428, -37.7199 ], [ 145.2432, -37.719 ], [ 145.2436, -37.7189 ], [ 145.2444, -37.7196 ], [ 145.2468, -37.7207 ], [ 145.2487, -37.7207 ], [ 145.2496, -37.7197 ], [ 145.2498, -37.7183 ], [ 145.2538, -37.7172 ], [ 145.255, -37.715 ], [ 145.256, -37.7143 ], [ 145.2565, -37.7122 ], [ 145.2547, -37.7109 ], [ 145.2549, -37.71 ], [ 145.2579, -37.7101 ], [ 145.2594, -37.7094 ], [ 145.2606, -37.7081 ], [ 145.2633, -37.708 ], [ 145.2642, -37.7073 ], [ 145.2652, -37.7084 ], [ 145.2662, -37.7083 ], [ 145.2682, -37.7075 ], [ 145.2697, -37.7065 ], [ 145.2704, -37.7055 ], [ 145.2698, -37.705 ], [ 145.2693, -37.705 ], [ 145.2684, -37.7056 ], [ 145.2676, -37.7056 ], [ 145.2672, -37.7041 ], [ 145.2679, -37.7033 ], [ 145.2723, -37.7038 ], [ 145.2731, -37.7052 ], [ 145.2727, -37.7084 ], [ 145.273, -37.7088 ], [ 145.275, -37.7093 ], [ 145.2758, -37.7101 ], [ 145.275, -37.7118 ], [ 145.2725, -37.7154 ], [ 145.2725, -37.7159 ], [ 145.2732, -37.7161 ], [ 145.2771, -37.7158 ], [ 145.2772, -37.7138 ], [ 145.2775, -37.7134 ], [ 145.2789, -37.7132 ], [ 145.2813, -37.7138 ], [ 145.2829, -37.7151 ], [ 145.2831, -37.7167 ], [ 145.2828, -37.7185 ], [ 145.2834, -37.7189 ], [ 145.284, -37.7187 ], [ 145.2856, -37.7172 ], [ 145.2868, -37.7157 ], [ 145.287, -37.7149 ], [ 145.2851, -37.7143 ], [ 145.2849, -37.7115 ], [ 145.2829, -37.7097 ], [ 145.2829, -37.7082 ], [ 145.284, -37.7071 ], [ 145.2847, -37.7049 ], [ 145.2861, -37.7034 ], [ 145.2879, -37.7029 ], [ 145.2901, -37.703 ], [ 145.2923, -37.7024 ], [ 145.2925, -37.703 ], [ 145.2918, -37.7044 ], [ 145.2914, -37.7068 ], [ 145.2903, -37.7083 ], [ 145.2895, -37.7085 ], [ 145.2891, -37.709 ], [ 145.2897, -37.7097 ], [ 145.2907, -37.7097 ], [ 145.2921, -37.7087 ], [ 145.2933, -37.7096 ], [ 145.2931, -37.7101 ], [ 145.2914, -37.7113 ], [ 145.2916, -37.7117 ], [ 145.2936, -37.7124 ], [ 145.2924, -37.7192 ], [ 145.2939, -37.7229 ], [ 145.2925, -37.7273 ], [ 145.2916, -37.7283 ], [ 145.2885, -37.7297 ], [ 145.2899, -37.7316 ], [ 145.2908, -37.7316 ], [ 145.2869, -37.7353 ], [ 145.2877, -37.738 ], [ 145.2883, -37.7388 ], [ 145.2887, -37.7403 ], [ 145.289, -37.7403 ], [ 145.2905, -37.7491 ], [ 145.2952, -37.7504 ], [ 145.2923, -37.7554 ], [ 145.2938, -37.7556 ], [ 145.2933, -37.7585 ], [ 145.2927, -37.7585 ], [ 145.2928, -37.7592 ], [ 145.2917, -37.7598 ], [ 145.297, -37.7604 ], [ 145.2964, -37.7635 ], [ 145.2782, -37.7618 ], [ 145.2756, -37.7623 ], [ 145.2719, -37.7631 ], [ 145.2712, -37.765 ], [ 145.2723, -37.7669 ], [ 145.2721, -37.7682 ], [ 145.2726, -37.7685 ], [ 145.2661, -37.7679 ], [ 145.2661, -37.7668 ], [ 145.264, -37.7668 ], [ 145.2584, -37.765 ], [ 145.2583, -37.7632 ], [ 145.2579, -37.7632 ], [ 145.2581, -37.7615 ], [ 145.2578, -37.761 ], [ 145.2582, -37.7602 ], [ 145.2577, -37.7592 ], [ 145.2575, -37.7575 ], [ 145.2565, -37.7558 ], [ 145.2569, -37.7551 ], [ 145.256, -37.7544 ], [ 145.2559, -37.7537 ], [ 145.255, -37.7529 ], [ 145.2553, -37.7517 ], [ 145.255, -37.7509 ], [ 145.2536, -37.7495 ], [ 145.2548, -37.7459 ], [ 145.2544, -37.7456 ], [ 145.2537, -37.7456 ], [ 145.2532, -37.745 ], [ 145.2522, -37.7454 ], [ 145.2513, -37.7453 ], [ 145.2506, -37.7466 ], [ 145.2507, -37.7472 ], [ 145.2497, -37.7472 ], [ 145.2497, -37.7477 ], [ 145.2489, -37.7481 ], [ 145.2478, -37.7476 ], [ 145.2483, -37.7461 ], [ 145.2477, -37.7453 ], [ 145.2448, -37.7448 ], [ 145.2449, -37.7441 ], [ 145.2459, -37.7431 ], [ 145.2457, -37.7424 ], [ 145.245, -37.7422 ], [ 145.2446, -37.7415 ], [ 145.244, -37.7414 ], [ 145.2439, -37.7406 ], [ 145.2445, -37.7396 ], [ 145.2432, -37.7387 ], [ 145.2422, -37.7386 ], [ 145.2422, -37.738 ], [ 145.2429, -37.7379 ], [ 145.2429, -37.7368 ], [ 145.2421, -37.7368 ], [ 145.242, -37.7361 ], [ 145.2432, -37.7352 ], [ 145.2432, -37.7343 ], [ 145.2424, -37.7329 ], [ 145.2405, -37.7322 ], [ 145.2403, -37.7318 ], [ 145.2404, -37.7313 ], [ 145.242, -37.7297 ], [ 145.2423, -37.7281 ], [ 145.2417, -37.7276 ], [ 145.2404, -37.7272 ], [ 145.2366, -37.7271 ], [ 145.2362, -37.7257 ], [ 145.2364, -37.7238 ], [ 145.2347, -37.7214 ] ] ] } },
{ "type": "Feature", "properties": { "loc_pid": "loc0fd97b838ab9", "suburb": "Woodstock", "join_key": "WOODSTOCK" }, "geometry": { "type": "Polygon", "coordinates": [ [ [ 145.0148, -37.5368 ], [ 145.0169, -37.5361 ], [ 145.0173, -37.5349 ], [ 145.0197, -37.5327 ], [ 145.0196, -37.5306 ], [ 145.0212, -37.53 ], [ 145.0229, -37.5287 ], [ 145.0228, -37.5261 ], [ 145.0237, -37.5218 ], [ 145.0256, -37.5216 ], [ 145.0275, -37.521 ], [ 145.0273, -37.5193 ], [ 145.0826, -37.5253 ], [ 145.0947, -37.5269 ], [ 145.0934, -37.529 ], [ 145.0929, -37.5292 ], [ 145.0917, -37.538 ], [ 145.0904, -37.5383 ], [ 145.0912, -37.5393 ], [ 145.0914, -37.5405 ], [ 145.091, -37.5408 ], [ 145.0901, -37.5405 ], [ 145.0892, -37.5407 ], [ 145.0896, -37.5423 ], [ 145.0877, -37.5503 ], [ 145.0868, -37.551 ], [ 145.0872, -37.5521 ], [ 145.086, -37.5524 ], [ 145.086, -37.5537 ], [ 145.0842, -37.554 ], [ 145.084, -37.5548 ], [ 145.0845, -37.5553 ], [ 145.0845, -37.5559 ], [ 145.084, -37.5563 ], [ 145.0842, -37.5571 ], [ 145.0837, -37.5574 ], [ 145.084, -37.5579 ], [ 145.0837, -37.5587 ], [ 145.0845, -37.5587 ], [ 145.086, -37.5602 ], [ 145.0859, -37.5609 ], [ 145.0866, -37.5621 ], [ 145.091, -37.5628 ], [ 145.0905, -37.5637 ], [ 145.0909, -37.5642 ], [ 145.0913, -37.5642 ], [ 145.0913, -37.5639 ], [ 145.0925, -37.5638 ], [ 145.0941, -37.5642 ], [ 145.0938, -37.5646 ], [ 145.0939, -37.566 ], [ 145.0931, -37.566 ], [ 145.0933, -37.5671 ], [ 145.0937, -37.5675 ], [ 145.0943, -37.5673 ], [ 145.0945, -37.5676 ], [ 145.0952, -37.5674 ], [ 145.0959, -37.5676 ], [ 145.0969, -37.5672 ], [ 145.0978, -37.5683 ], [ 145.0968, -37.5686 ], [ 145.0965, -37.5694 ], [ 145.0977, -37.5711 ], [ 145.061, -37.5673 ], [ 145.06, -37.5728 ], [ 145.056, -37.5714 ], [ 145.0526, -37.5725 ], [ 145.0504, -37.5721 ], [ 145.0483, -37.5725 ], [ 145.0476, -37.5721 ], [ 145.0472, -37.5707 ], [ 145.0461, -37.5696 ], [ 145.0425, -37.5696 ], [ 145.0408, -37.5711 ], [ 145.0401, -37.571 ], [ 145.0392, -37.5713 ], [ 145.0381, -37.5706 ], [ 145.0361, -37.5704 ], [ 145.0353, -37.5687 ], [ 145.0341, -37.5682 ], [ 145.0336, -37.5671 ], [ 145.0328, -37.5665 ], [ 145.032, -37.5666 ], [ 145.0318, -37.5675 ], [ 145.0314, -37.5678 ], [ 145.0304, -37.5679 ], [ 145.0289, -37.5675 ], [ 145.0281, -37.5668 ], [ 145.0284, -37.5652 ], [ 145.0278, -37.565 ], [ 145.0278, -37.5632 ], [ 145.0272, -37.5627 ], [ 145.0271, -37.5607 ], [ 145.0257, -37.5595 ], [ 145.026, -37.5586 ], [ 145.0258, -37.5578 ], [ 145.0247, -37.557 ], [ 145.0247, -37.5562 ], [ 145.0231, -37.5554 ], [ 145.0221, -37.554 ], [ 145.0221, -37.5522 ], [ 145.0216, -37.551 ], [ 145.022, -37.55 ], [ 145.021, -37.5487 ], [ 145.0209, -37.5478 ], [ 145.0199, -37.5458 ], [ 145.0206, -37.544 ], [ 145.0204, -37.5436 ], [ 145.0195, -37.5432 ], [ 145.0193, -37.5424 ], [ 145.0184, -37.5426 ], [ 145.018, -37.5423 ], [ 145.0178, -37.5416 ], [ 145.0157, -37.5392 ], [ 145.0148, -37.5368 ] ] ] } },
{ "type": "Feature", "properties": { "loc_pid": "loc4131e469737e", "suburb": "Woori Yallock", "join_key": "WOORI YALLOCK" }, "geometry": { "type": "Polygon", "coordinates": [ [ [ 145.507, -37.7796 ], [ 145.5087, -37.7796 ], [ 145.5087, -37.7791 ], [ 145.5078, -37.779 ], [ 145.5076, -37.7787 ], [ 145.508, -37.7784 ], [ 145.5087, -37.7785 ], [ 145.5085, -37.7781 ], [ 145.5081, -37.7781 ], [ 145.5081, -37.7778 ], [ 145.5089, -37.778 ], [ 145.5084, -37.7773 ], [ 145.5093, -37.7775 ], [ 145.5092, -37.7765 ], [ 145.5079, -37.7768 ], [ 145.5076, -37.7758 ], [ 145.5085, -37.7759 ], [ 145.5091, -37.7756 ], [ 145.5091, -37.7762 ], [ 145.5096, -37.7763 ], [ 145.5099, -37.776 ], [ 145.5093, -37.7755 ], [ 145.5098, -37.7754 ], [ 145.5099, -37.7758 ], [ 145.5103, -37.7759 ], [ 145.5106, -37.7753 ], [ 145.51, -37.7748 ], [ 145.511, -37.7745 ], [ 145.511, -37.7741 ], [ 145.5105, -37.7739 ], [ 145.5094, -37.7746 ], [ 145.51, -37.7735 ], [ 145.5094, -37.7735 ], [ 145.5095, -37.7728 ], [ 145.5105, -37.7724 ], [ 145.5105, -37.7728 ], [ 145.5111, -37.7727 ], [ 145.5114, -37.773 ], [ 145.5119, -37.7725 ], [ 145.5118, -37.7717 ], [ 145.5122, -37.7717 ], [ 145.5125, -37.7723 ], [ 145.512, -37.7728 ], [ 145.5124, -37.7729 ], [ 145.5129, -37.7717 ], [ 145.5132, -37.7717 ], [ 145.5135, -37.772 ], [ 145.5134, -37.7727 ], [ 145.5131, -37.7731 ], [ 145.5126, -37.773 ], [ 145.5134, -37.7737 ], [ 145.5144, -37.7726 ], [ 145.5139, -37.7723 ], [ 145.5147, -37.772 ], [ 145.5141, -37.7715 ], [ 145.5136, -37.7716 ], [ 145.5144, -37.7709 ], [ 145.5133, -37.7709 ], [ 145.5124, -37.7703 ], [ 145.5124, -37.77 ], [ 145.5131, -37.77 ], [ 145.5133, -37.7691 ], [ 145.5138, -37.7689 ], [ 145.5134, -37.7686 ], [ 145.5129, -37.7689 ], [ 145.5132, -37.7681 ], [ 145.5137, -37.7678 ], [ 145.5134, -37.7675 ], [ 145.5128, -37.7675 ], [ 145.5133, -37.7669 ], [ 145.5128, -37.7666 ], [ 145.5135, -37.7657 ], [ 145.5119, -37.7663 ], [ 145.5116, -37.7657 ], [ 145.5122, -37.7656 ], [ 145.5125, -37.7651 ], [ 145.5119, -37.765 ], [ 145.5113, -37.7653 ], [ 145.5116, -37.7646 ], [ 145.5104, -37.7641 ], [ 145.5113, -37.763 ], [ 145.5111, -37.7623 ], [ 145.5122, -37.762 ], [ 145.5128, -37.7624 ], [ 145.5132, -37.7619 ], [ 145.5131, -37.7616 ], [ 145.5124, -37.7617 ], [ 145.512, -37.7614 ], [ 145.5113, -37.7614 ], [ 145.5112, -37.7611 ], [ 145.5118, -37.7609 ], [ 145.5122, -37.7598 ], [ 145.5128, -37.7606 ], [ 145.5131, -37.7595 ], [ 145.5135, -37.7597 ], [ 145.5128, -37.7585 ], [ 145.5134, -37.7584 ], [ 145.5131, -37.7575 ], [ 145.5136, -37.7569 ], [ 145.513, -37.7569 ], [ 145.5141, -37.7562 ], [ 145.5142, -37.7558 ], [ 145.5135, -37.7555 ], [ 145.5121, -37.7557 ], [ 145.5117, -37.7552 ], [ 145.512, -37.7552 ], [ 145.5118, -37.7548 ], [ 145.5123, -37.7548 ], [ 145.5123, -37.7542 ], [ 145.511, -37.7545 ], [ 145.511, -37.754 ], [ 145.5107, -37.7539 ], [ 145.5102, -37.7547 ], [ 145.5094, -37.7535 ], [ 145.5104, -37.7536 ], [ 145.5108, -37.7534 ], [ 145.5106, -37.753 ], [ 145.5113, -37.7534 ], [ 145.5113, -37.7529 ], [ 145.5107, -37.7527 ], [ 145.5111, -37.7523 ], [ 145.5114, -37.7523 ], [ 145.5116, -37.7529 ], [ 145.5122, -37.7529 ], [ 145.5121, -37.7525 ], [ 145.5116, -37.7523 ], [ 145.512, -37.7515 ], [ 145.5111, -37.7519 ], [ 145.5108, -37.7517 ], [ 145.5115, -37.7511 ], [ 145.5115, -37.7504 ], [ 145.5106, -37.7504 ], [ 145.5103, -37.7501 ], [ 145.5103, -37.7499 ], [ 145.5112, -37.75 ], [ 145.5106, -37.7493 ], [ 145.512, -37.7496 ], [ 145.5119, -37.7489 ], [ 145.5113, -37.7489 ], [ 145.5113, -37.7485 ], [ 145.5117, -37.7485 ], [ 145.5114, -37.7478 ], [ 145.5118, -37.7471 ], [ 145.5112, -37.7469 ], [ 145.5114, -37.7473 ], [ 145.511, -37.7473 ], [ 145.5106, -37.7467 ], [ 145.5105, -37.7475 ], [ 145.5101, -37.7469 ], [ 145.5103, -37.7463 ], [ 145.5099, -37.7463 ], [ 145.5096, -37.7468 ], [ 145.5091, -37.7468 ], [ 145.5085, -37.7458 ], [ 145.5163, -37.7425 ], [ 145.5139, -37.7418 ], [ 145.514, -37.7408 ], [ 145.5144, -37.7406 ], [ 145.5151, -37.7408 ], [ 145.515, -37.7399 ], [ 145.5171, -37.74 ], [ 145.5209, -37.7369 ], [ 145.53, -37.7384 ], [ 145.5327, -37.7354 ], [ 145.5412, -37.7364 ], [ 145.5384, -37.7508 ], [ 145.5383, -37.7604 ], [ 145.5348, -37.7629 ], [ 145.5339, -37.7629 ], [ 145.5328, -37.7639 ], [ 145.5325, -37.766 ], [ 145.5327, -37.7676 ], [ 145.5334, -37.7683 ], [ 145.5358, -37.7692 ], [ 145.5364, -37.7698 ], [ 145.5386, -37.774 ], [ 145.5396, -37.7733 ], [ 145.5416, -37.773 ], [ 145.5466, -37.7735 ], [ 145.5486, -37.7729 ], [ 145.55, -37.7751 ], [ 145.5529, -37.7777 ], [ 145.5546, -37.7803 ], [ 145.5574, -37.7821 ], [ 145.5596, -37.7829 ], [ 145.5596, -37.7844 ], [ 145.5592, -37.7853 ], [ 145.5586, -37.7858 ], [ 145.5585, -37.7865 ], [ 145.5571, -37.7876 ], [ 145.5573, -37.7898 ], [ 145.5588, -37.7941 ], [ 145.5639, -37.7939 ], [ 145.5644, -37.8027 ], [ 145.564, -37.8048 ], [ 145.5764, -37.8063 ], [ 145.5758, -37.8099 ], [ 145.5381, -37.8237 ], [ 145.5378, -37.8232 ], [ 145.537, -37.823 ], [ 145.5371, -37.8223 ], [ 145.5364, -37.8223 ], [ 145.5357, -37.8216 ], [ 145.5382, -37.8064 ], [ 145.5367, -37.8046 ], [ 145.5368, -37.8037 ], [ 145.5379, -37.8034 ], [ 145.5368, -37.803 ], [ 145.5365, -37.8026 ], [ 145.535, -37.8026 ], [ 145.5331, -37.8011 ], [ 145.5303, -37.8012 ], [ 145.5279, -37.8024 ], [ 145.5259, -37.8026 ], [ 145.5258, -37.8029 ], [ 145.525, -37.803 ], [ 145.5243, -37.801 ], [ 145.5238, -37.8011 ], [ 145.5238, -37.8008 ], [ 145.5231, -37.8005 ], [ 145.5219, -37.8003 ], [ 145.5207, -37.7992 ], [ 145.5208, -37.7988 ], [ 145.5202, -37.7986 ], [ 145.5196, -37.799 ], [ 145.5192, -37.7988 ], [ 145.5192, -37.7983 ], [ 145.5185, -37.7985 ], [ 145.5189, -37.7982 ], [ 145.5189, -37.7973 ], [ 145.5177, -37.797 ], [ 145.5179, -37.7975 ], [ 145.5172, -37.7975 ], [ 145.5164, -37.7958 ], [ 145.5177, -37.7942 ], [ 145.5184, -37.7939 ], [ 145.5184, -37.7936 ], [ 145.5178, -37.7935 ], [ 145.5178, -37.7931 ], [ 145.5193, -37.7927 ], [ 145.5193, -37.7936 ], [ 145.5203, -37.7935 ], [ 145.5205, -37.7921 ], [ 145.52, -37.7918 ], [ 145.5206, -37.7907 ], [ 145.5193, -37.7897 ], [ 145.5194, -37.7888 ], [ 145.5182, -37.788 ], [ 145.5186, -37.7873 ], [ 145.5191, -37.7873 ], [ 145.5193, -37.7869 ], [ 145.5199, -37.7869 ], [ 145.5199, -37.7867 ], [ 145.5184, -37.787 ], [ 145.5172, -37.7867 ], [ 145.5166, -37.7872 ], [ 145.5156, -37.787 ], [ 145.515, -37.7873 ], [ 145.5147, -37.788 ], [ 145.5132, -37.7877 ], [ 145.5129, -37.7886 ], [ 145.512, -37.7886 ], [ 145.5117, -37.7879 ], [ 145.5119, -37.7868 ], [ 145.5106, -37.7867 ], [ 145.5104, -37.7872 ], [ 145.5101, -37.7872 ], [ 145.5098, -37.7867 ], [ 145.511, -37.7864 ], [ 145.5109, -37.7861 ], [ 145.51, -37.7861 ], [ 145.5095, -37.7858 ], [ 145.5096, -37.7866 ], [ 145.5088, -37.7862 ], [ 145.509, -37.7846 ], [ 145.5096, -37.7842 ], [ 145.5089, -37.7837 ], [ 145.5083, -37.7838 ], [ 145.5082, -37.7824 ], [ 145.5076, -37.7822 ], [ 145.5081, -37.7816 ], [ 145.5073, -37.781 ], [ 145.5086, -37.7805 ], [ 145.5079, -37.7802 ], [ 145.508, -37.7799 ], [ 145.5073, -37.7803 ], [ 145.507, -37.7796 ] ] ] } },
{ "type": "Feature", "properties": { "loc_pid": "loceac5d85ea01d", "suburb": "Wyndham Vale", "join_key": "WYNDHAM VALE" }, "geometry": { "type": "Polygon", "coordinates": [ [ [ 144.5591, -37.8408 ], [ 144.5791, -37.8234 ], [ 144.5785, -37.8217 ], [ 144.58, -37.8203 ], [ 144.5829, -37.8206 ], [ 144.5838, -37.8203 ], [ 144.5848, -37.8188 ], [ 144.5857, -37.8194 ], [ 144.5866, -37.8187 ], [ 144.587, -37.8161 ], [ 144.5882, -37.8161 ], [ 144.5903, -37.8193 ], [ 144.5915, -37.8223 ], [ 144.5905, -37.8241 ], [ 144.5901, -37.8243 ], [ 144.5893, -37.824 ], [ 144.5887, -37.8244 ], [ 144.589, -37.825 ], [ 144.5909, -37.8256 ], [ 144.5913, -37.8253 ], [ 144.5916, -37.8255 ], [ 144.5935, -37.8254 ], [ 144.5942, -37.8252 ], [ 144.5948, -37.8243 ], [ 144.5954, -37.8242 ], [ 144.596, -37.8247 ], [ 144.5968, -37.8243 ], [ 144.5981, -37.8248 ], [ 144.5985, -37.8255 ], [ 144.5996, -37.8261 ], [ 144.6031, -37.8271 ], [ 144.6044, -37.8285 ], [ 144.6038, -37.8296 ], [ 144.6028, -37.8302 ], [ 144.6031, -37.8324 ], [ 144.6058, -37.8335 ], [ 144.6081, -37.8355 ], [ 144.6091, -37.8357 ], [ 144.6103, -37.8354 ], [ 144.6106, -37.8356 ], [ 144.6106, -37.8367 ], [ 144.6098, -37.838 ], [ 144.609, -37.8385 ], [ 144.6093, -37.8395 ], [ 144.6109, -37.8405 ], [ 144.6133, -37.8412 ], [ 144.6149, -37.8422 ], [ 144.6179, -37.8434 ], [ 144.6178, -37.8446 ], [ 144.6174, -37.8452 ], [ 144.6166, -37.8455 ], [ 144.617, -37.8459 ], [ 144.6169, -37.8472 ], [ 144.6185, -37.849 ], [ 144.6188, -37.8515 ], [ 144.6195, -37.852 ], [ 144.6202, -37.852 ], [ 144.6215, -37.8513 ], [ 144.6233, -37.8522 ], [ 144.6241, -37.8544 ], [ 144.6238, -37.8552 ], [ 144.6251, -37.8558 ], [ 144.625, -37.8563 ], [ 144.6245, -37.8566 ], [ 144.625, -37.857 ], [ 144.6249, -37.8573 ], [ 144.6234, -37.858 ], [ 144.6224, -37.8581 ], [ 144.6235, -37.8603 ], [ 144.6244, -37.8603 ], [ 144.625, -37.861 ], [ 144.627, -37.8615 ], [ 144.6284, -37.8611 ], [ 144.6297, -37.8613 ], [ 144.6318, -37.8635 ], [ 144.6331, -37.8639 ], [ 144.6343, -37.8666 ], [ 144.635, -37.8676 ], [ 144.6356, -37.8678 ], [ 144.6369, -37.8675 ], [ 144.6383, -37.8656 ], [ 144.6397, -37.8656 ], [ 144.6433, -37.8667 ], [ 144.6467, -37.8663 ], [ 144.647, -37.8665 ], [ 144.6471, -37.8678 ], [ 144.6463, -37.8702 ], [ 144.6477, -37.8705 ], [ 144.6482, -37.8704 ], [ 144.6518, -37.8675 ], [ 144.6534, -37.8674 ], [ 144.6538, -37.8682 ], [ 144.6537, -37.869 ], [ 144.6514, -37.87 ], [ 144.6506, -37.8707 ], [ 144.6515, -37.8729 ], [ 144.6522, -37.8737 ], [ 144.6521, -37.8741 ], [ 144.6514, -37.8744 ], [ 144.6525, -37.8758 ], [ 144.652, -37.8775 ], [ 144.6488, -37.8799 ], [ 144.6466, -37.8798 ], [ 144.6442, -37.8786 ], [ 144.6423, -37.8788 ], [ 144.6426, -37.8802 ], [ 144.6413, -37.8813 ], [ 144.6404, -37.8837 ], [ 144.6414, -37.8861 ], [ 144.6426, -37.8879 ], [ 144.6348, -37.887 ], [ 144.6336, -37.8881 ], [ 144.6327, -37.8898 ], [ 144.6316, -37.8948 ], [ 144.6319, -37.8981 ], [ 144.6314, -37.8987 ], [ 144.6311, -37.9005 ], [ 144.6304, -37.9012 ], [ 144.6295, -37.9018 ], [ 144.605, -37.899 ], [ 144.6073, -37.8834 ], [ 144.6087, -37.8841 ], [ 144.6109, -37.883 ], [ 144.612, -37.883 ], [ 144.6123, -37.8837 ], [ 144.6132, -37.8842 ], [ 144.6156, -37.8844 ], [ 144.6183, -37.8784 ], [ 144.6098, -37.8691 ], [ 144.5748, -37.8457 ], [ 144.5591, -37.8408 ] ] ] } },
{ "type": "Feature", "properties": { "loc_pid": "loc592da3db1b47", "suburb": "Yallambie", "join_key": "YALLAMBIE" }, "geometry": { "type": "Polygon", "coordinates": [ [ [ 145.0784, -37.7352 ], [ 145.0812, -37.7195 ], [ 145.0956, -37.7211 ], [ 145.0958, -37.72 ], [ 145.0953, -37.7196 ], [ 145.0949, -37.7199 ], [ 145.0951, -37.7195 ], [ 145.0945, -37.7195 ], [ 145.0948, -37.7193 ], [ 145.0942, -37.7188 ], [ 145.0943, -37.7185 ], [ 145.0958, -37.7186 ], [ 145.1109, -37.7203 ], [ 145.1103, -37.721 ], [ 145.1121, -37.7218 ], [ 145.1119, -37.7223 ], [ 145.1104, -37.7226 ], [ 145.1095, -37.7215 ], [ 145.1091, -37.7215 ], [ 145.1084, -37.7228 ], [ 145.1067, -37.7233 ], [ 145.1082, -37.7254 ], [ 145.1091, -37.7252 ], [ 145.1097, -37.7258 ], [ 145.109, -37.7264 ], [ 145.1065, -37.7262 ], [ 145.1066, -37.7274 ], [ 145.1071, -37.7276 ], [ 145.1078, -37.7287 ], [ 145.1071, -37.73 ], [ 145.1041, -37.7296 ], [ 145.1041, -37.729 ], [ 145.1031, -37.7293 ], [ 145.1028, -37.7289 ], [ 145.1014, -37.729 ], [ 145.1015, -37.7272 ], [ 145.0998, -37.727 ], [ 145.0995, -37.7289 ], [ 145.0971, -37.7285 ], [ 145.0955, -37.7288 ], [ 145.0955, -37.7291 ], [ 145.0915, -37.7299 ], [ 145.0913, -37.7296 ], [ 145.0899, -37.7299 ], [ 145.087, -37.7309 ], [ 145.0861, -37.7305 ], [ 145.0855, -37.7308 ], [ 145.085, -37.7317 ], [ 145.0838, -37.7321 ], [ 145.0826, -37.7319 ], [ 145.0828, -37.7327 ], [ 145.0822, -37.7325 ], [ 145.0816, -37.7327 ], [ 145.0803, -37.7335 ], [ 145.0807, -37.7339 ], [ 145.0784, -37.7352 ] ] ] } },
{ "type": "Feature", "properties": { "loc_pid": "loca39b21782ed2", "suburb": "Yan Yean", "join_key": "YAN YEAN" }, "geometry": { "type": "Polygon", "coordinates": [ [ [ 145.0837, -37.5586 ], [ 145.084, -37.5579 ], [ 145.0837, -37.5574 ], [ 145.0842, -37.5571 ], [ 145.084, -37.5563 ], [ 145.0845, -37.5559 ], [ 145.0845, -37.5553 ], [ 145.084, -37.5548 ], [ 145.0842, -37.554 ], [ 145.086, -37.5537 ], [ 145.086, -37.5524 ], [ 145.0872, -37.5521 ], [ 145.0868, -37.551 ], [ 145.0877, -37.5503 ], [ 145.0896, -37.5423 ], [ 145.0892, -37.5407 ], [ 145.0901, -37.5405 ], [ 145.091, -37.5408 ], [ 145.0914, -37.5405 ], [ 145.0912, -37.5393 ], [ 145.0904, -37.5383 ], [ 145.0917, -37.538 ], [ 145.0929, -37.5292 ], [ 145.0934, -37.529 ], [ 145.0947, -37.5269 ], [ 145.1293, -37.5305 ], [ 145.1584, -37.5341 ], [ 145.1636, -37.5361 ], [ 145.1662, -37.5357 ], [ 145.1675, -37.5361 ], [ 145.1723, -37.5388 ], [ 145.1754, -37.5429 ], [ 145.1778, -37.5402 ], [ 145.1793, -37.5376 ], [ 145.1771, -37.5508 ], [ 145.179, -37.551 ], [ 145.1777, -37.5582 ], [ 145.1705, -37.5573 ], [ 145.1687, -37.5667 ], [ 145.1534, -37.5648 ], [ 145.152, -37.5721 ], [ 145.144, -37.5727 ], [ 145.1422, -37.5707 ], [ 145.1356, -37.5694 ], [ 145.1263, -37.57 ], [ 145.1255, -37.5745 ], [ 145.0976, -37.5711 ], [ 145.0965, -37.5694 ], [ 145.0968, -37.5686 ], [ 145.0978, -37.5683 ], [ 145.0969, -37.5672 ], [ 145.0959, -37.5676 ], [ 145.0952, -37.5674 ], [ 145.0945, -37.5676 ], [ 145.0943, -37.5673 ], [ 145.0937, -37.5675 ], [ 145.0933, -37.5671 ], [ 145.0931, -37.566 ], [ 145.0939, -37.566 ], [ 145.0938, -37.5646 ], [ 145.0941, -37.5642 ], [ 145.0925, -37.5638 ], [ 145.0913, -37.5639 ], [ 145.0913, -37.5642 ], [ 145.0909, -37.5642 ], [ 145.0905, -37.5637 ], [ 145.091, -37.5628 ], [ 145.0866, -37.5621 ], [ 145.0859, -37.5609 ], [ 145.086, -37.5602 ], [ 145.0845, -37.5587 ], [ 145.0837, -37.5586 ] ] ] } },
{ "type": "Feature", "properties": { "loc_pid": "loc610e6e8cd167", "suburb": "Yarra Glen", "join_key": "YARRA GLEN" }, "geometry": { "type": "Polygon", "coordinates": [ [ [ 145.3304, -37.6719 ], [ 145.3326, -37.6706 ], [ 145.3345, -37.6643 ], [ 145.3356, -37.6624 ], [ 145.3379, -37.6618 ], [ 145.3387, -37.6613 ], [ 145.3391, -37.6602 ], [ 145.3396, -37.6598 ], [ 145.3409, -37.6595 ], [ 145.342, -37.6586 ], [ 145.3423, -37.6577 ], [ 145.3439, -37.656 ], [ 145.3458, -37.6558 ], [ 145.3464, -37.6545 ], [ 145.3463, -37.6523 ], [ 145.3472, -37.6515 ], [ 145.3472, -37.6499 ], [ 145.3478, -37.6487 ], [ 145.3525, -37.6453 ], [ 145.3539, -37.6439 ], [ 145.3532, -37.6399 ], [ 145.3554, -37.6314 ], [ 145.3559, -37.6301 ], [ 145.3584, -37.6275 ], [ 145.3583, -37.6252 ], [ 145.3561, -37.6226 ], [ 145.3579, -37.6186 ], [ 145.3594, -37.6185 ], [ 145.3619, -37.6177 ], [ 145.363, -37.617 ], [ 145.3714, -37.6179 ], [ 145.3721, -37.6202 ], [ 145.3857, -37.6221 ], [ 145.3858, -37.6217 ], [ 145.387, -37.6218 ], [ 145.3874, -37.6196 ], [ 145.4098, -37.6223 ], [ 145.4098, -37.6195 ], [ 145.4163, -37.6204 ], [ 145.4175, -37.6217 ], [ 145.418, -37.6217 ], [ 145.4178, -37.6225 ], [ 145.4248, -37.6283 ], [ 145.4264, -37.6333 ], [ 145.4243, -37.6375 ], [ 145.4238, -37.6403 ], [ 145.4209, -37.6416 ], [ 145.419, -37.6434 ], [ 145.4163, -37.6561 ], [ 145.4172, -37.6558 ], [ 145.4178, -37.6574 ], [ 145.4193, -37.6636 ], [ 145.4189, -37.6635 ], [ 145.4187, -37.6638 ], [ 145.419, -37.6645 ], [ 145.4188, -37.6647 ], [ 145.4166, -37.6647 ], [ 145.4145, -37.6658 ], [ 145.4136, -37.6652 ], [ 145.411, -37.6678 ], [ 145.4107, -37.6678 ], [ 145.4108, -37.6668 ], [ 145.4093, -37.6669 ], [ 145.4095, -37.6683 ], [ 145.4083, -37.6682 ], [ 145.4073, -37.6709 ], [ 145.4072, -37.6724 ], [ 145.4065, -37.674 ], [ 145.4072, -37.6745 ], [ 145.4068, -37.6758 ], [ 145.4064, -37.6758 ], [ 145.4049, -37.6741 ], [ 145.4041, -37.6749 ], [ 145.4037, -37.6748 ], [ 145.4036, -37.6741 ], [ 145.4026, -37.6742 ], [ 145.4015, -37.6755 ], [ 145.4008, -37.6757 ], [ 145.4008, -37.6749 ], [ 145.3994, -37.6727 ], [ 145.4013, -37.6732 ], [ 145.4014, -37.6729 ], [ 145.3994, -37.671 ], [ 145.3995, -37.6696 ], [ 145.3986, -37.6691 ], [ 145.3981, -37.6684 ], [ 145.396, -37.6678 ], [ 145.397, -37.667 ], [ 145.3952, -37.6676 ], [ 145.3942, -37.6671 ], [ 145.3941, -37.6664 ], [ 145.3938, -37.6663 ], [ 145.3925, -37.6672 ], [ 145.392, -37.666 ], [ 145.3904, -37.6664 ], [ 145.3895, -37.667 ], [ 145.3891, -37.6669 ], [ 145.3889, -37.6666 ], [ 145.3898, -37.6659 ], [ 145.3898, -37.6646 ], [ 145.3879, -37.6643 ], [ 145.3876, -37.665 ], [ 145.387, -37.6653 ], [ 145.3858, -37.6646 ], [ 145.3866, -37.6635 ], [ 145.3841, -37.6632 ], [ 145.3843, -37.6627 ], [ 145.3853, -37.6628 ], [ 145.3855, -37.6626 ], [ 145.3853, -37.662 ], [ 145.3835, -37.6616 ], [ 145.3831, -37.6621 ], [ 145.3831, -37.6629 ], [ 145.3827, -37.663 ], [ 145.3822, -37.6626 ], [ 145.3819, -37.6616 ], [ 145.3814, -37.6613 ], [ 145.3817, -37.6605 ], [ 145.3798, -37.6602 ], [ 145.3789, -37.6596 ], [ 145.3785, -37.6607 ], [ 145.3771, -37.6601 ], [ 145.3764, -37.6609 ], [ 145.3754, -37.661 ], [ 145.3753, -37.6615 ], [ 145.3745, -37.6621 ], [ 145.3738, -37.662 ], [ 145.3718, -37.6643 ], [ 145.3714, -37.6644 ], [ 145.3711, -37.664 ], [ 145.3706, -37.664 ], [ 145.3703, -37.6646 ], [ 145.3717, -37.6656 ], [ 145.3716, -37.6664 ], [ 145.3701, -37.6661 ], [ 145.3697, -37.6649 ], [ 145.3693, -37.6647 ], [ 145.3687, -37.6656 ], [ 145.3703, -37.6667 ], [ 145.3707, -37.6675 ], [ 145.3705, -37.6677 ], [ 145.369, -37.6684 ], [ 145.3686, -37.6682 ], [ 145.3685, -37.6676 ], [ 145.368, -37.6674 ], [ 145.3671, -37.6686 ], [ 145.3652, -37.6683 ], [ 145.365, -37.6705 ], [ 145.3638, -37.6698 ], [ 145.3623, -37.6706 ], [ 145.3618, -37.6712 ], [ 145.3635, -37.6743 ], [ 145.3626, -37.6744 ], [ 145.3618, -37.674 ], [ 145.3616, -37.6734 ], [ 145.3609, -37.6731 ], [ 145.3602, -37.6719 ], [ 145.3591, -37.671 ], [ 145.3565, -37.6717 ], [ 145.3562, -37.6731 ], [ 145.3556, -37.6728 ], [ 145.355, -37.6729 ], [ 145.3536, -37.6748 ], [ 145.3541, -37.6759 ], [ 145.3537, -37.6762 ], [ 145.3528, -37.6761 ], [ 145.3526, -37.6763 ], [ 145.3529, -37.6796 ], [ 145.3519, -37.6806 ], [ 145.352, -37.6809 ], [ 145.3529, -37.6812 ], [ 145.3528, -37.6822 ], [ 145.3524, -37.6825 ], [ 145.3503, -37.6811 ], [ 145.3507, -37.68 ], [ 145.3495, -37.6788 ], [ 145.3485, -37.6789 ], [ 145.3481, -37.6797 ], [ 145.3476, -37.6794 ], [ 145.3479, -37.6784 ], [ 145.3496, -37.677 ], [ 145.3495, -37.6768 ], [ 145.3487, -37.6769 ], [ 145.3482, -37.6773 ], [ 145.3471, -37.6771 ], [ 145.3468, -37.6767 ], [ 145.3474, -37.6757 ], [ 145.3464, -37.6756 ], [ 145.3454, -37.675 ], [ 145.3455, -37.6745 ], [ 145.3466, -37.6741 ], [ 145.3464, -37.6738 ], [ 145.3432, -37.6735 ], [ 145.341, -37.6767 ], [ 145.3406, -37.6768 ], [ 145.3394, -37.6757 ], [ 145.3376, -37.6773 ], [ 145.3369, -37.6784 ], [ 145.3368, -37.6806 ], [ 145.3371, -37.6815 ], [ 145.338, -37.6821 ], [ 145.3364, -37.6829 ], [ 145.3359, -37.6821 ], [ 145.3324, -37.68 ], [ 145.3319, -37.6777 ], [ 145.3326, -37.677 ], [ 145.3313, -37.6761 ], [ 145.3315, -37.6747 ], [ 145.3308, -37.6738 ], [ 145.3304, -37.6719 ] ] ] } },
{ "type": "Feature", "properties": { "loc_pid": "locd89d6cb7e460", "suburb": "Yarra Junction", "join_key": "YARRA JUNCTION" }, "geometry": { "type": "Polygon", "coordinates": [ [ [ 145.5969, -37.776 ], [ 145.5972, -37.7747 ], [ 145.5996, -37.7744 ], [ 145.6001, -37.7746 ], [ 145.5997, -37.7748 ], [ 145.5998, -37.7751 ], [ 145.6007, -37.7754 ], [ 145.6014, -37.7752 ], [ 145.6025, -37.7762 ], [ 145.6032, -37.7756 ], [ 145.6034, -37.7757 ], [ 145.6037, -37.7761 ], [ 145.6032, -37.7763 ], [ 145.6033, -37.7767 ], [ 145.6047, -37.777 ], [ 145.6054, -37.772 ], [ 145.6067, -37.7723 ], [ 145.6076, -37.7719 ], [ 145.6079, -37.7704 ], [ 145.6076, -37.77 ], [ 145.6081, -37.7694 ], [ 145.6078, -37.7686 ], [ 145.6082, -37.7684 ], [ 145.6088, -37.7686 ], [ 145.609, -37.769 ], [ 145.6084, -37.7703 ], [ 145.6099, -37.77 ], [ 145.6117, -37.7713 ], [ 145.6138, -37.7712 ], [ 145.615, -37.7707 ], [ 145.6154, -37.771 ], [ 145.6146, -37.7722 ], [ 145.6153, -37.7725 ], [ 145.6163, -37.7723 ], [ 145.6158, -37.7718 ], [ 145.6169, -37.7703 ], [ 145.6174, -37.7688 ], [ 145.6314, -37.7705 ], [ 145.631, -37.7731 ], [ 145.6346, -37.7734 ], [ 145.6356, -37.7742 ], [ 145.6351, -37.7776 ], [ 145.6371, -37.7778 ], [ 145.6387, -37.779 ], [ 145.6382, -37.7795 ], [ 145.6404, -37.7812 ], [ 145.6397, -37.7817 ], [ 145.6417, -37.7832 ], [ 145.6403, -37.7843 ], [ 145.6413, -37.7852 ], [ 145.6407, -37.7857 ], [ 145.6398, -37.7891 ], [ 145.6495, -37.7939 ], [ 145.6511, -37.7954 ], [ 145.6548, -37.8028 ], [ 145.6551, -37.8041 ], [ 145.6536, -37.8088 ], [ 145.6542, -37.8093 ], [ 145.6547, -37.8105 ], [ 145.652, -37.8103 ], [ 145.6509, -37.8107 ], [ 145.639, -37.8088 ], [ 145.6388, -37.8085 ], [ 145.6372, -37.8166 ], [ 145.6337, -37.8162 ], [ 145.6318, -37.8251 ], [ 145.6224, -37.8235 ], [ 145.6227, -37.8212 ], [ 145.6213, -37.8144 ], [ 145.6224, -37.8101 ], [ 145.6098, -37.8082 ], [ 145.6106, -37.8048 ], [ 145.6095, -37.8024 ], [ 145.6078, -37.8008 ], [ 145.6072, -37.7995 ], [ 145.6054, -37.7985 ], [ 145.6046, -37.7987 ], [ 145.6015, -37.7959 ], [ 145.6009, -37.7939 ], [ 145.6024, -37.795 ], [ 145.603, -37.7934 ], [ 145.5998, -37.784 ], [ 145.5995, -37.7815 ], [ 145.6, -37.7791 ], [ 145.5984, -37.7767 ], [ 145.5969, -37.776 ] ] ] } },
{ "type": "Feature", "properties": { "loc_pid": "loc65bfa3da7f89", "suburb": "Yarrambat", "join_key": "YARRAMBAT" }, "geometry": { "type": "Polygon", "coordinates": [ [ [ 145.1016, -37.6404 ], [ 145.1026, -37.6397 ], [ 145.1019, -37.6388 ], [ 145.1021, -37.6384 ], [ 145.1045, -37.6394 ], [ 145.1066, -37.6396 ], [ 145.1077, -37.6401 ], [ 145.1083, -37.64 ], [ 145.1086, -37.6394 ], [ 145.1096, -37.6391 ], [ 145.1102, -37.6374 ], [ 145.1098, -37.6373 ], [ 145.109, -37.6381 ], [ 145.1082, -37.638 ], [ 145.1081, -37.6376 ], [ 145.1084, -37.6368 ], [ 145.1096, -37.6355 ], [ 145.1098, -37.6346 ], [ 145.109, -37.6339 ], [ 145.1089, -37.6333 ], [ 145.1093, -37.6331 ], [ 145.1111, -37.6332 ], [ 145.1114, -37.6327 ], [ 145.1087, -37.6317 ], [ 145.1087, -37.6312 ], [ 145.1107, -37.6315 ], [ 145.1123, -37.6305 ], [ 145.1143, -37.6305 ], [ 145.1147, -37.6298 ], [ 145.1136, -37.6292 ], [ 145.1132, -37.6284 ], [ 145.1139, -37.6277 ], [ 145.1151, -37.6272 ], [ 145.1166, -37.6272 ], [ 145.1186, -37.628 ], [ 145.1194, -37.6275 ], [ 145.1201, -37.6263 ], [ 145.1219, -37.6269 ], [ 145.1223, -37.6268 ], [ 145.1225, -37.6261 ], [ 145.1217, -37.626 ], [ 145.1216, -37.6248 ], [ 145.1227, -37.6236 ], [ 145.1224, -37.6227 ], [ 145.1229, -37.6224 ], [ 145.128, -37.6229 ], [ 145.1287, -37.6192 ], [ 145.1393, -37.6204 ], [ 145.1394, -37.6195 ], [ 145.1415, -37.6198 ], [ 145.1419, -37.6175 ], [ 145.1456, -37.6179 ], [ 145.1447, -37.6228 ], [ 145.1469, -37.6231 ], [ 145.1533, -37.625 ], [ 145.1531, -37.6258 ], [ 145.1558, -37.6269 ], [ 145.1572, -37.6262 ], [ 145.1576, -37.6247 ], [ 145.1626, -37.6254 ], [ 145.1636, -37.6198 ], [ 145.1662, -37.6199 ], [ 145.1653, -37.6242 ], [ 145.1664, -37.6247 ], [ 145.1673, -37.6242 ], [ 145.1689, -37.6247 ], [ 145.1694, -37.6244 ], [ 145.1705, -37.6258 ], [ 145.1679, -37.6274 ], [ 145.1689, -37.6299 ], [ 145.1688, -37.6311 ], [ 145.1638, -37.6305 ], [ 145.1632, -37.6329 ], [ 145.1616, -37.6366 ], [ 145.1631, -37.6382 ], [ 145.1609, -37.6393 ], [ 145.1627, -37.6415 ], [ 145.1608, -37.6423 ], [ 145.1587, -37.642 ], [ 145.1587, -37.6423 ], [ 145.158, -37.6422 ], [ 145.1572, -37.6431 ], [ 145.1569, -37.6448 ], [ 145.1573, -37.6449 ], [ 145.1577, -37.6457 ], [ 145.1576, -37.6465 ], [ 145.1584, -37.6476 ], [ 145.1522, -37.6468 ], [ 145.1521, -37.6472 ], [ 145.1498, -37.6469 ], [ 145.1495, -37.6484 ], [ 145.1507, -37.649 ], [ 145.1502, -37.6513 ], [ 145.151, -37.6514 ], [ 145.1507, -37.6532 ], [ 145.1464, -37.6528 ], [ 145.146, -37.6514 ], [ 145.1463, -37.651 ], [ 145.1459, -37.6507 ], [ 145.1443, -37.6507 ], [ 145.1438, -37.6525 ], [ 145.1393, -37.652 ], [ 145.1389, -37.6542 ], [ 145.1411, -37.6545 ], [ 145.1432, -37.6557 ], [ 145.1427, -37.6584 ], [ 145.1363, -37.6578 ], [ 145.137, -37.6543 ], [ 145.1332, -37.6539 ], [ 145.1338, -37.6516 ], [ 145.133, -37.6516 ], [ 145.1331, -37.6507 ], [ 145.1324, -37.6507 ], [ 145.1321, -37.6492 ], [ 145.1307, -37.649 ], [ 145.1308, -37.6481 ], [ 145.1297, -37.648 ], [ 145.1294, -37.65 ], [ 145.129, -37.6497 ], [ 145.1248, -37.6527 ], [ 145.1239, -37.6528 ], [ 145.1209, -37.6512 ], [ 145.1215, -37.6507 ], [ 145.1198, -37.6505 ], [ 145.1191, -37.6519 ], [ 145.118, -37.6517 ], [ 145.1176, -37.6544 ], [ 145.1076, -37.6534 ], [ 145.1068, -37.6527 ], [ 145.1043, -37.6526 ], [ 145.1037, -37.652 ], [ 145.1044, -37.6514 ], [ 145.1033, -37.6502 ], [ 145.1048, -37.6494 ], [ 145.1075, -37.6489 ], [ 145.1076, -37.6484 ], [ 145.1043, -37.6468 ], [ 145.1043, -37.6465 ], [ 145.1056, -37.6461 ], [ 145.1057, -37.6451 ], [ 145.1038, -37.6444 ], [ 145.1034, -37.644 ], [ 145.1035, -37.6433 ], [ 145.103, -37.6428 ], [ 145.104, -37.6418 ], [ 145.1046, -37.6405 ], [ 145.102, -37.6408 ], [ 145.1016, -37.6404 ] ] ] } },
{ "type": "Feature", "properties": { "loc_pid": "loc1e3ac2d49583", "suburb": "Yarraville", "join_key": "YARRAVILLE" }, "geometry": { "type": "Polygon", "coordinates": [ [ [ 144.8578, -37.8245 ], [ 144.8598, -37.8138 ], [ 144.8692, -37.8112 ], [ 144.8835, -37.8128 ], [ 144.8842, -37.8092 ], [ 144.8871, -37.8095 ], [ 144.8871, -37.8099 ], [ 144.8875, -37.8099 ], [ 144.8875, -37.8096 ], [ 144.889, -37.8097 ], [ 144.8895, -37.8098 ], [ 144.8894, -37.8102 ], [ 144.8898, -37.8102 ], [ 144.8899, -37.8094 ], [ 144.8911, -37.8093 ], [ 144.8941, -37.8097 ], [ 144.8942, -37.8103 ], [ 144.8985, -37.8108 ], [ 144.8983, -37.8112 ], [ 144.9011, -37.8121 ], [ 144.8999, -37.8147 ], [ 144.9056, -37.8153 ], [ 144.9066, -37.821 ], [ 144.9061, -37.8222 ], [ 144.9054, -37.8229 ], [ 144.8959, -37.8218 ], [ 144.8949, -37.827 ], [ 144.8938, -37.8264 ], [ 144.8931, -37.8255 ], [ 144.8916, -37.8256 ], [ 144.8889, -37.8247 ], [ 144.888, -37.823 ], [ 144.8871, -37.8226 ], [ 144.8862, -37.8226 ], [ 144.8857, -37.8229 ], [ 144.8843, -37.8247 ], [ 144.8813, -37.8247 ], [ 144.8812, -37.8254 ], [ 144.8691, -37.8242 ], [ 144.8578, -37.8245 ] ] ] } }
]
}
